Date,Sort Order,Account,Merchant Name,Amount,Running Balance,Category
5/22/2023,1,Primary Checkings - 3102,PP*BOWENDRAGON1 05/20 PURCHASE BALDWIN MI,-$132.30,$6436.62,
5/22/2023,2,Primary Checkings - 3102,Mol*Resume.io 05/20 PURCHASE XXXXX543914,-$24.95,$6411.67,
5/22/2023,3,Primary Checkings - 3102,VRV*MEMBERSHIP 05/20 PURCHASE 415-503-9235 CA,-$9.99,$6401.68,
5/22/2023,4,Primary Checkings - 3102,PP*BOWENDRAGON1 05/20 PURCHASE BALDWIN MI,-$132.30,$6269.38,
5/22/2023,5,Primary Checkings - 3102,SQ *COLLECTORS GU 05/20 PURCHASE Rosemont IL,-$71.66,$6197.72,
5/22/2023,6,Primary Checkings - 3102,PP*FORGED FOAM LL 05/20 PURCHASE SIDNEY IL,-$93.71,$6104.01,
5/22/2023,7,Primary Checkings - 3102,SQ *ELIKATHAL COS 05/20 PURCHASE Rosemont IL,-$27.56,$6076.45,
5/22/2023,8,Primary Checkings - 3102,SQ *PIKEL SHOP 05/20 PURCHASE Rosemont IL,-$16.54,$6059.91,
5/22/2023,9,Primary Checkings - 3102,SHOELESS JOES 05/20 PURCHASE SCHILLER PARK IL,-$88.08,$5971.83,
5/22/2023,10,Primary Checkings - 3102,SP OHMONAH 05/21 PURCHASE DUARTE CA,-$66.02,$5905.81,
5/22/2023,11,Primary Checkings - 3102,SQ *CHENG 'LILY' 05/21 PURCHASE Rosemont IL,-$20.60,$5885.21,
5/22/2023,12,Primary Checkings - 3102,MCDONALD'S F10184 05/21 PURCHASE COLUMA MI,-$4.65,$5880.56,
5/22/2023,13,Primary Checkings - 3102,NNT LIONS DEN 05/21 PURCHASE ALBION MI,-$289.33,$5591.23,
5/22/2023,14,Primary Checkings - 3102,BP#8499543PARM 05/21 PURCHASE PARMA MI,-$43.38,$5547.85,
5/22/2023,15,Primary Checkings - 3102,VENMO DES:PAYMENT ID:XXXXX24137308 INDN:KENNETH MEAD CO ID:XXXXX81992 WEB,-$10.00,$5537.85,
5/22/2023,16,Primary Checkings - 3102,KEEP THE CHANGE TRANSFER TO ACCT 9875 FOR 05/22/23,-$6.93,$5530.92,
5/23/2023,17,Primary Checkings - 3102,VILLAGE OF ROSEMO 05/21 PURCHASE ROSEMONT IL,-$15.00,$5515.92,
5/23/2023,18,Primary Checkings - 3102,Bank of America Credit Card Bill Payment,-$1243.81,$4272.11,
5/23/2023,19,Primary Checkings - 3102,PAYPAL DES:INST XFER ID:WAWIZZY9 INDN:KENNETH MEAD CO ID:PAYPALSI77 WEB,-$150.00,$4122.11,
5/30/2023,20,Primary Checkings - 3102,Online Banking transfer from SAV 7344 Confirmation# XXXXX05225,$700.00,$4822.11,
5/30/2023,21,Primary Checkings - 3102,LIFE STORAGE 8351 05/27 PURCHASE STERLING HEIG MI,-$190.00,$4632.11,
5/30/2023,22,Primary Checkings - 3102,RECIPES RESTAURAN 05/27 PURCHASE ROCHESTER MI,-$41.98,$4590.13,
5/30/2023,23,Primary Checkings - 3102,BIGGBY COFFEE #67 05/29 PURCHASE STERLING HEIG MI,-$4.57,$4585.56,
5/30/2023,24,Primary Checkings - 3102,GM Financial DES:GMF Pymt ID:XXXXX6521024 INDN:KENNETH MEAD CO ID:IXXXXX0781 PPD,-$540.99,$4044.57,
5/30/2023,25,Primary Checkings - 3102,KEEP THE CHANGE TRANSFER TO ACCT 9875 FOR 05/30/23,-$0.45,$4044.12,
5/31/2023,26,Primary Checkings - 3102,GM-GMC DIVISION DES:VENDOR PMT ID:ADPXXXXX448285 INDN:KENNETH MEAD CO ID:9GM-DIRDPS PPD,$2673.41,$6717.53,
5/31/2023,27,Primary Checkings - 3102,BIGGBY COFFEE #67 05/30 PURCHASE STERLING HEIG MI,-$4.57,$6712.96,
5/31/2023,28,Primary Checkings - 3102,CULVERS STERLING 05/30 PURCHASE STERLING HEIG MI,-$25.40,$6687.56,
5/31/2023,29,Primary Checkings - 3102,KEEP THE CHANGE TRANSFER TO ACCT 9875 FOR 05/31/23,-$1.03,$6686.53,
6/1/2023,30,Primary Checkings - 3102,PANERA BREAD #600 05/31 PURCHASE 586-977-6816 MI,-$21.28,$6665.25,
6/1/2023,31,Primary Checkings - 3102,PANERA BREAD #600 05/31 PURCHASE STERLING HEIG MI,-$2.96,$6662.29,
6/1/2023,32,Primary Checkings - 3102,SP NOTSAFEFORWEAR 05/31 PURCHASE LONDON ON,-$58.69,$6603.60,
6/1/2023,33,Primary Checkings - 3102,Online scheduled transfer to SAV 4571 Confirmation# XXXXX59844,-$250.00,$6353.60,
6/1/2023,34,Primary Checkings - 3102,Online scheduled transfer to SAV 7344 Confirmation# XXXXX59845,-$100.00,$6253.60,
6/1/2023,35,Primary Checkings - 3102,KEEP THE CHANGE TRANSFER TO ACCT 9875 FOR 06/01/23,-$1.07,$6252.53,
6/5/2023,36,Primary Checkings - 3102,IL TOLLWAY -PAY B 06/03 PURCHASE DOWNERS GROVE IL,-$6.00,$6246.53,
6/5/2023,37,Primary Checkings - 3102,Speedway 06/03 PURCHASE Sterling Heig MI,-$7.75,$6238.78,
6/5/2023,38,Primary Checkings - 3102,MCDONALD'S F4162 06/04 PURCHASE STERLING HEIG MI,-$10.76,$6228.02,
6/5/2023,39,Primary Checkings - 3102,Speedway 06/03 PURCHASE Sterling Heig MI,-$25.66,$6202.36,
6/5/2023,40,Primary Checkings - 3102,KEEP THE CHANGE TRANSFER TO ACCT 9875 FOR 06/05/23,-$0.83,$6201.53,
6/6/2023,41,Primary Checkings - 3102,BIGGBY COFFEE #67 06/05 PURCHASE STERLING HEIG MI,-$5.50,$6196.03,
6/6/2023,42,Primary Checkings - 3102,KEEP THE CHANGE TRANSFER TO ACCT 9875 FOR 06/06/23,-$0.50,$6195.53,
6/7/2023,43,Primary Checkings - 3102,CULVERS STERLING 06/06 PURCHASE STERLING HEIG MI,-$13.35,$6182.18,
6/7/2023,44,Primary Checkings - 3102,KEEP THE CHANGE TRANSFER TO ACCT 9875 FOR 06/07/23,-$0.65,$6181.53,
6/8/2023,45,Primary Checkings - 3102,Blizzard US673156 06/06 PURCHASE XXXXX51380 CA,-$74.19,$6107.34,
6/8/2023,46,Primary Checkings - 3102,BIGGBY COFFEE #67 06/07 PURCHASE STERLING HEIG MI,-$9.59,$6097.75,
6/8/2023,47,Primary Checkings - 3102,KEEP THE CHANGE TRANSFER TO ACCT 9875 FOR 06/08/23,-$1.22,$6096.53,
6/9/2023,48,Primary Checkings - 3102,COLDSTONE 21891 06/07 PURCHASE STERLING HEIG MI,-$11.98,$6084.55,
6/9/2023,49,Primary Checkings - 3102,KEEP THE CHANGE TRANSFER TO ACCT 9875 FOR 06/09/23,-$0.02,$6084.53,
6/12/2023,50,Primary Checkings - 3102,DISCORD* NITROMON 06/09 PURCHASE XXXXX77815 CA,-$9.99,$6074.54,
6/12/2023,51,Primary Checkings - 3102,TST* Lucky Brunch 06/10 PURCHASE Sterling Heig MI,-$45.67,$6028.87,
6/12/2023,52,Primary Checkings - 3102,PANERA BREAD #600 06/11 PURCHASE XXXXX76816 MI,-$19.06,$6009.81,
6/12/2023,53,Primary Checkings - 3102,KEEP THE CHANGE TRANSFER TO ACCT 9875 FOR 06/12/23,-$1.28,$6008.53,
6/13/2023,54,Primary Checkings - 3102,TST* Lucky Brunch 06/12 PURCHASE Sterling Heig MI,-$31.18,$5977.35,
6/13/2023,55,Primary Checkings - 3102,KEEP THE CHANGE TRANSFER TO ACCT 9875 FOR 06/13/23,-$0.82,$5976.53,
6/14/2023,56,Primary Checkings - 3102,SHELL SERVICE 06/14 PURCHASE CHELSEA MI,-$45.40,$5931.13,
6/14/2023,57,Primary Checkings - 3102,KEEP THE CHANGE TRANSFER TO ACCT 9875 FOR 06/14/23,-$0.60,$5930.53,
6/15/2023,58,Primary Checkings - 3102,GM-GMC DIVISION DES:VENDOR PMT ID:ADPXXXXX617916 INDN:KENNETH MEAD CO ID:9GM-DIRDPS PPD,$2661.95,$8592.48,
6/15/2023,59,Primary Checkings - 3102,SOHO 06/14 PURCHASE ROCHESTER HIL MI,-$46.25,$8546.23,
6/15/2023,60,Primary Checkings - 3102,APPLE.COM/BILL 06/15 PURCHASE XXXXX27753 CA,-$0.99,$8545.24,
6/15/2023,61,Primary Checkings - 3102,TST* The Roosters 06/15 PURCHASE Kalamazoo MI,-$42.65,$8502.59,
6/15/2023,62,Primary Checkings - 3102,Pacific R Paci 06/15 PURCHASE Portage MI,-$74.55,$8428.04,
6/15/2023,63,Primary Checkings - 3102,KEEP THE CHANGE TRANSFER TO ACCT 9875 FOR 06/15/23,-$1.56,$8426.48,
6/16/2023,64,Primary Checkings - 3102,UDEMY: ONLINE COU 06/15 PURCHASE CA,-$17.99,$8408.49,
6/16/2023,65,Primary Checkings - 3102,CRAVINGS DELI 06/15 PURCHASE PORTAGE MI,-$43.99,$8364.50,
6/16/2023,66,Primary Checkings - 3102,TRANSFER KENNETH MEAD:Karen Mead Confirmation# XXXXX99232,-$33.00,$8331.50,
6/16/2023,67,Primary Checkings - 3102,Online scheduled transfer to SAV 4571 Confirmation# XXXXX17258,-$250.00,$8081.50,
6/16/2023,68,Primary Checkings - 3102,Online scheduled transfer to SAV 7344 Confirmation# XXXXX17259,-$100.00,$7981.50,
6/16/2023,69,Primary Checkings - 3102,KEEP THE CHANGE TRANSFER TO ACCT 9875 FOR 06/16/23,-$0.02,$7981.48,
6/20/2023,70,Primary Checkings - 3102,OF 06/16 PURCHASE 00,-$3.00,$7978.48,
6/20/2023,71,Primary Checkings - 3102,SAWALL HEALTH FOO 06/17 PURCHASE KALAMAZOO MI,-$18.13,$7960.35,
6/20/2023,72,Primary Checkings - 3102,SAWALL HEALTH 06/17 PURCHASE KALAMAZOO MI,-$50.48,$7909.87,
6/20/2023,73,Primary Checkings - 3102,TST* Taco Bobs - 06/17 PURCHASE Kalamazoo MI,-$20.35,$7889.52,
6/20/2023,74,Primary Checkings - 3102,CRAVINGS DELI 06/18 PURCHASE PORTAGE MI,-$62.17,$7827.35,
6/20/2023,75,Primary Checkings - 3102,TST* Crows nest 06/19 PURCHASE Kalamazoo MI,-$8.75,$7818.60,
6/20/2023,76,Primary Checkings - 3102,MENS WEARHOUSE 06/20 PURCHASE TROY MI,-$127.18,$7691.42,
6/20/2023,77,Primary Checkings - 3102,NORDSTROM-RACK 06/20 PURCHASE TROY MI,-$63.57,$7627.85,
6/20/2023,78,Primary Checkings - 3102,KEEP THE CHANGE TRANSFER TO ACCT 9875 FOR 06/20/23,-$4.37,$7623.48,
6/21/2023,79,Primary Checkings - 3102,AAA INSURANCE GW 06/20 PURCHASE XXXXX26424 MI,-$9.43,$7614.05,
6/21/2023,80,Primary Checkings - 3102,KEEP THE CHANGE TRANSFER TO ACCT 9875 FOR 06/21/23,-$0.57,$7613.48,
6/22/2023,81,Primary Checkings - 3102,CCBill.com *Only 06/18 PURCHASE XXXXX69279 CA,-$5.25,$7608.23,
6/22/2023,82,Primary Checkings - 3102,Mol*Resume.io 06/21 PURCHASE 00,-$2.95,$7605.28,
6/22/2023,83,Primary Checkings - 3102,BIGGBY COFFEE #67 06/21 PURCHASE STERLING HEIG MI,-$8.62,$7596.66,
6/22/2023,84,Primary Checkings - 3102,VRV*MEMBERSHIP 06/22 PURCHASE XXXXX39235 CA,-$9.99,$7586.67,
6/22/2023,85,Primary Checkings - 3102,GODADDY PAYMEN 06/22 PURCHASE TEMPE AZ,-$23.32,$7563.35,
6/22/2023,86,Primary Checkings - 3102,Speedway 06/22 PURCHASE Sterling Heig MI,-$47.31,$7516.04,
6/22/2023,87,Primary Checkings - 3102,KEEP THE CHANGE TRANSFER TO ACCT 9875 FOR 06/22/23,-$2.56,$7513.48,
6/23/2023,88,Primary Checkings - 3102,SQ *HEY HONEY 06/22 PURCHASE Sterling Heig MI,-$15.62,$7497.86,
6/23/2023,89,Primary Checkings - 3102,"SQ *HEARTH, WOOD, 06/22 PURCHASE Sterling Heig MI",-$10.00,$7487.86,
6/23/2023,90,Primary Checkings - 3102,SQ *ALMONDS R NUT 06/22 PURCHASE Sterling Heig MI,-$6.36,$7481.50,
6/23/2023,91,Primary Checkings - 3102,SQ *KCORN/LEMONAD 06/22 PURCHASE Sterling Heig MI,-$6.00,$7475.50,
6/23/2023,92,Primary Checkings - 3102,Online Banking transfer to SAV 4571 Confirmation# XXXXX88905,-$7000.00,$475.50,
6/23/2023,93,Primary Checkings - 3102,KEEP THE CHANGE TRANSFER TO ACCT 9875 FOR 06/23/23,-$1.02,$474.48,
6/26/2023,94,Primary Checkings - 3102,Online Banking transfer from SAV 7344 Confirmation# XXXXX49452,$200.00,$674.48,
6/26/2023,95,Primary Checkings - 3102,Online Banking transfer from SAV 4571 Confirmation# XXXXX54127,$200.00,$874.48,
6/26/2023,96,Primary Checkings - 3102,STEAMGAMES.COM 42 06/22 PURCHASE XXXXX99642 WA,-$211.94,$662.54,
6/26/2023,97,Primary Checkings - 3102,BIGGBY COFFEE #67 06/22 PURCHASE STERLING HEIG MI,-$4.62,$657.92,
6/26/2023,98,Primary Checkings - 3102,CULVERS STERLING 06/23 PURCHASE STERLING HEIG MI,-$23.72,$634.20,
6/26/2023,99,Primary Checkings - 3102,CCBill.com *Only 06/23 PURCHASE XXXXX69279 CA,-$30.00,$604.20,
6/26/2023,100,Primary Checkings - 3102,AMZN Mktp US*5O4N 06/25 PURCHASE XXXXX61072 WA,-$18.01,$586.19,
6/26/2023,101,Primary Checkings - 3102,KEEP THE CHANGE TRANSFER TO ACCT 9875 FOR 06/26/23,-$1.71,$584.48,
6/27/2023,102,Primary Checkings - 3102,Online Banking transfer from SAV 9875 Confirmation# XXXXX42567,$200.00,$784.48,
6/27/2023,103,Primary Checkings - 3102,GM Financial DES:GMF Pymt ID:XXXXX6521024 INDN:KENNETH MEAD CO ID:IXXXXX0781 PPD,-$540.99,$243.49,
6/28/2023,104,Primary Checkings - 3102,Online Banking transfer from SAV 9875 Confirmation# XXXXX39229,$100.00,$343.49,
6/28/2023,105,Primary Checkings - 3102,LIFE STORAGE 8351 06/27 PURCHASE XXXXX31850 MI,-$190.00,$153.49,
6/28/2023,106,Primary Checkings - 3102,Mol*Resume.io 06/28 PURCHASE 00,-$24.95,$128.54,
6/28/2023,107,Primary Checkings - 3102,KEEP THE CHANGE TRANSFER TO ACCT 9875 FOR 06/28/23,-$0.05,$128.49,
6/29/2023,108,Primary Checkings - 3102,PANERA BREAD #600 06/28 PURCHASE XXXXX76816 MI,-$21.80,$106.69,
6/29/2023,109,Primary Checkings - 3102,KEEP THE CHANGE TRANSFER TO ACCT 9875 FOR 06/29/23,-$0.20,$106.49,
6/30/2023,110,Primary Checkings - 3102,GM-GMC DIVISION DES:VENDOR PMT ID:ADPXXXXX785042 INDN:KENNETH MEAD CO ID:9GM-DIRDPS PPD,$2673.42,$2779.91,
6/30/2023,111,Primary Checkings - 3102,STEAMGAMES.COM 42 06/29 PURCHASE XXXXX99642 WA,-$21.19,$2758.72,
6/30/2023,112,Primary Checkings - 3102,Online Banking transfer to SAV 4571 Confirmation# XXXXX85881,-$2000.00,$758.72,
6/30/2023,113,Primary Checkings - 3102,Online scheduled transfer to SAV 4571 Confirmation# XXXXX89610,-$250.00,$508.72,
6/30/2023,114,Primary Checkings - 3102,Online scheduled transfer to SAV 7344 Confirmation# XXXXX89611,-$100.00,$408.72,
6/30/2023,115,Primary Checkings - 3102,KEEP THE CHANGE TRANSFER TO ACCT 9875 FOR 06/30/23,-$0.81,$407.91,
7/3/2023,116,Primary Checkings - 3102,KROGER #7 2051 07/01 PURCHASE STERLING HEIG MI,-$6.21,$401.70,
7/3/2023,117,Primary Checkings - 3102,CCBill.com *Only 07/01 PURCHASE XXXXX69279 CA,-$3.00,$398.70,
7/3/2023,118,Primary Checkings - 3102,KEEP THE CHANGE TRANSFER TO ACCT 9875 FOR 07/03/23,-$0.79,$397.91,
7/5/2023,119,Primary Checkings - 3102,VENMO DES:PAYMENT ID:XXXXX83351136 INDN:KENNETH MEAD CO ID:XXXXX81992 WEB,-$25.00,$372.91,
7/10/2023,120,Primary Checkings - 3102,DISCORD* NITROMON 07/09 PURCHASE XXXXX77815 CA,-$9.99,$362.92,
7/10/2023,121,Primary Checkings - 3102,VENMO DES:PAYMENT ID:XXXXX81914458 INDN:KENNETH MEAD CO ID:XXXXX81992 WEB,-$20.00,$342.92,
7/10/2023,122,Primary Checkings - 3102,VENMO DES:PAYMENT ID:XXXXX64094098 INDN:KENNETH MEAD CO ID:XXXXX81992 WEB,-$9.00,$333.92,
7/10/2023,123,Primary Checkings - 3102,KEEP THE CHANGE TRANSFER TO ACCT 9875 FOR 07/10/23,-$0.01,$333.91,
7/12/2023,124,Primary Checkings - 3102,Online Banking transfer from SAV 7344 Confirmation# XXXXX45257,$300.00,$633.91,
7/12/2023,125,Primary Checkings - 3102,BIGGBY COFFEE #67 07/11 PURCHASE STERLING HEIG MI,-$2.75,$631.16,
7/12/2023,126,Primary Checkings - 3102,KEEP THE CHANGE TRANSFER TO ACCT 9875 FOR 07/12/23,-$0.25,$630.91,
7/14/2023,127,Primary Checkings - 3102,GM-GMC DIVISION DES:VENDOR PMT ID:ADPXXXXX952378 INDN:KENNETH MEAD CO ID:9GM-DIRDPS PPD,$2573.65,$3204.56,
7/14/2023,128,Primary Checkings - 3102,CLASS VALUATION L 07/12 PURCHASE XXXXX59580 MI,-$525.00,$2679.56,
7/14/2023,129,Primary Checkings - 3102,Online scheduled transfer to SAV 4571 Confirmation# XXXXX22253,-$250.00,$2429.56,
7/14/2023,130,Primary Checkings - 3102,Online scheduled transfer to SAV 7344 Confirmation# XXXXX22254,-$100.00,$2329.56,
7/17/2023,131,Primary Checkings - 3102,Online Banking transfer from SAV 4571 Confirmation# XXXXX57916,$500.00,$2829.56,
7/17/2023,132,Primary Checkings - 3102,APPLE.COM/BILL 07/15 PURCHASE XXXXX27753 CA,-$0.99,$2828.57,
7/17/2023,133,Primary Checkings - 3102,Online Banking transfer to SAV 4571 Confirmation# XXXXX84777,-$2000.00,$828.57,
7/17/2023,134,Primary Checkings - 3102,Bank of America Credit Card Bill Payment,-$551.33,$277.24,
7/17/2023,135,Primary Checkings - 3102,KEEP THE CHANGE TRANSFER TO ACCT 9875 FOR 07/17/23,-$0.01,$277.23,
7/18/2023,136,Primary Checkings - 3102,Online Banking transfer from SAV 4571 Confirmation# XXXXX47050,$1500.00,$1777.23,
7/18/2023,137,Primary Checkings - 3102,CCBill.com *Only 07/16 PURCHASE XXXXX69279 CA,-$5.00,$1772.23,
7/19/2023,138,Primary Checkings - 3102,AMARIN THAI CUISI 07/17 PURCHASE WARREN MI,-$12.60,$1759.63,
7/19/2023,139,Primary Checkings - 3102,BIGGBY COFFEE #67 07/18 PURCHASE STERLING HEIG MI,-$8.62,$1751.01,
7/19/2023,140,Primary Checkings - 3102,AAA INSURANCE GW 07/18 PURCHASE XXXXX26424 MI,-$9.43,$1741.58,
7/19/2023,141,Primary Checkings - 3102,SNACK SODA VENDIN 07/18 PURCHASE WARREN MI,-$1.65,$1739.93,
7/19/2023,142,Primary Checkings - 3102,KEE ESCROW SERV DES:XXXXX1437 ID: INDN:KENNETH MEAD CO ID:XXXXX1437 CCD PMT INFO:EMD#7166-34373 WEST GARDENIA DR,-$1500.00,$239.93,
7/19/2023,143,Primary Checkings - 3102,KEEP THE CHANGE TRANSFER TO ACCT 9875 FOR 07/19/23,-$1.70,$238.23,
7/20/2023,144,Primary Checkings - 3102,BWW 3179 CLINTON 07/18 PURCHASE CLINTON TWP MI,-$23.96,$214.27,
7/20/2023,145,Primary Checkings - 3102,SNACK SODA VENDIN 07/19 PURCHASE WARREN MI,-$2.40,$211.87,
7/20/2023,146,Primary Checkings - 3102,BIGGBY COFFEE #67 07/19 PURCHASE STERLING HEIG MI,-$2.87,$209.00,
7/20/2023,147,Primary Checkings - 3102,SNACK SODA VENDIN 07/19 PURCHASE WARREN MI,-$2.15,$206.85,
7/20/2023,148,Primary Checkings - 3102,LITTLE JOE'S CONE 07/19 PURCHASE WARREN MI,-$12.71,$194.14,
7/20/2023,149,Primary Checkings - 3102,KEEP THE CHANGE TRANSFER TO ACCT 9875 FOR 07/20/23,-$1.91,$192.23,
7/21/2023,150,Primary Checkings - 3102,Online Banking transfer from SAV 4571 Confirmation# XXXXX72685,$1000.00,$1192.23,
7/21/2023,151,Primary Checkings - 3102,BIGGBY COFFEE #67 07/20 PURCHASE STERLING HEIG MI,-$4.30,$1187.93,
7/21/2023,152,Primary Checkings - 3102,SUNOCO 0253509 07/21 PURCHASE WARREN MI,-$30.00,$1157.93,
7/21/2023,153,Primary Checkings - 3102,KEEP THE CHANGE TRANSFER TO ACCT 9875 FOR 07/21/23,-$0.70,$1157.23,
7/24/2023,154,Primary Checkings - 3102,Online Banking transfer from SAV 4571 Confirmation# XXXXX11940,$1200.00,$2357.23,
7/24/2023,155,Primary Checkings - 3102,MARKET@WORK 20673 07/21 PURCHASE RENTON WA,-$6.28,$2350.95,
7/24/2023,156,Primary Checkings - 3102,"GITHUB, INC. 07/21 PURCHASE XXXXX84820 CA",-$8.06,$2342.89,
7/24/2023,157,Primary Checkings - 3102,VRV*MEMBERSHIP 07/21 PURCHASE XXXXX39235 CA,-$9.99,$2332.90,
7/24/2023,158,Primary Checkings - 3102,SOHO 07/21 PURCHASE ROCHESTER HIL MI,-$46.25,$2286.65,
7/24/2023,159,Primary Checkings - 3102,TJMAXX #0 350 07/22 PURCHASE TROY MI,-$153.60,$2133.05,
7/24/2023,160,Primary Checkings - 3102,MCDONALD'S F4162 07/23 PURCHASE STERLING HEIG MI,-$11.02,$2122.03,
7/24/2023,161,Primary Checkings - 3102,KEEP THE CHANGE TRANSFER TO ACCT 9875 FOR 07/24/23,-$3.80,$2118.23,
7/25/2023,162,Primary Checkings - 3102,Online Banking transfer from SAV 4571 Confirmation# XXXXX91692,$1000.00,$3118.23,
7/25/2023,163,Primary Checkings - 3102,DAIRY QUEEN #4235 07/24 PURCHASE WARREN MI,-$5.49,$3112.74,
7/25/2023,164,Primary Checkings - 3102,KEEP THE CHANGE TRANSFER TO ACCT 9875 FOR 07/25/23,-$0.51,$3112.23,
7/26/2023,165,Primary Checkings - 3102,KIT CHEN THAI BY 07/24 PURCHASE WARREN MI,-$11.66,$3100.57,
7/26/2023,166,Primary Checkings - 3102,BIGGBY COFFEE #67 07/25 PURCHASE STERLING HEIG MI,-$1.56,$3099.01,
7/26/2023,167,Primary Checkings - 3102,AAA ACG MI0967 PO 07/25 PURCHASE XXXXX21134 MI,-$41.00,$3058.01,
7/26/2023,168,Primary Checkings - 3102,AAA CLUB/INSUR 04 07/25 PURCHASE TROY MI,-$683.91,$2374.10,
7/26/2023,169,Primary Checkings - 3102,MARKETPLACEDIGITA 07/25 PURCHASE STERLING HTS MI,-$13.75,$2360.35,
7/26/2023,170,Primary Checkings - 3102,KEEP THE CHANGE TRANSFER TO ACCT 9875 FOR 07/26/23,-$1.12,$2359.23,
7/27/2023,171,Primary Checkings - 3102,SIAM CUISINE 07/26 PURCHASE WARREN MI,-$12.20,$2347.03,
7/27/2023,172,Primary Checkings - 3102,NNT ETERNAL GA 07/27 PURCHASE WARREN MI,-$34.41,$2312.62,
7/27/2023,173,Primary Checkings - 3102,GM Financial DES:GMF Pymt ID:XXXXX6521024 INDN:KENNETH MEAD CO ID:IXXXXX0781 PPD,-$540.99,$1771.63,
7/27/2023,174,Primary Checkings - 3102,KEEP THE CHANGE TRANSFER TO ACCT 9875 FOR 07/27/23,-$1.39,$1770.24,
7/28/2023,175,Primary Checkings - 3102,LIFE STORAGE 8351 07/27 PURCHASE XXXXX31850 MI,-$190.00,$1580.24,
7/28/2023,176,Primary Checkings - 3102,LITTLE JOE'S CONE 07/27 PURCHASE WARREN MI,-$13.77,$1566.47,
7/28/2023,177,Primary Checkings - 3102,POTOWNSTORE.COM 07/27 PURCHASE 00,-$7.00,$1559.47,
7/28/2023,178,Primary Checkings - 3102,POTOWNSTORE.COM 07/27 PURCHASE 00,-$13.00,$1546.47,
7/28/2023,179,Primary Checkings - 3102,Mol*Resume.io 07/28 PURCHASE 00,-$24.95,$1521.52,
7/28/2023,180,Primary Checkings - 3102,KEEP THE CHANGE TRANSFER TO ACCT 9875 FOR 07/28/23,-$0.28,$1521.24,
7/31/2023,181,Primary Checkings - 3102,SNACK SODA VENDIN 07/28 PURCHASE WARREN MI,-$1.65,$1519.59,
7/31/2023,182,Primary Checkings - 3102,AMZN Mktp US*T65L 07/28 PURCHASE XXXXX61072 WA,-$20.04,$1499.55,
7/31/2023,183,Primary Checkings - 3102,SNACK SODA VENDIN 07/28 PURCHASE WARREN MI,-$1.65,$1497.90,
7/31/2023,184,Primary Checkings - 3102,GREEN LANTERN PIZ 07/28 PURCHASE CLINTON TWP MA,-$16.41,$1481.49,
7/31/2023,185,Primary Checkings - 3102,POTOWNSTORE.COM 07/28 PURCHASE 00,-$17.00,$1464.49,
7/31/2023,186,Primary Checkings - 3102,MICHIGAN FUELS 07/28 PURCHASE WARREN MI,-$48.74,$1415.75,
7/31/2023,187,Primary Checkings - 3102,GAMER'S GAUNTLET 07/29 PURCHASE CLINTON TOWNS MI,-$33.00,$1382.75,
7/31/2023,188,Primary Checkings - 3102,GAMER'S GAUNTLET 07/29 PURCHASE CLINTON TOWNS MI,-$86.39,$1296.36,
7/31/2023,189,Primary Checkings - 3102,GAMER'S GAUNTLET 07/29 PURCHASE CLINTON TOWNS MI,-$5.00,$1291.36,
7/31/2023,190,Primary Checkings - 3102,GAMER'S GAUNTLET 07/29 PURCHASE CLINTON TOWNS MI,-$33.00,$1258.36,
7/31/2023,191,Primary Checkings - 3102,GAMER'S GAUNTLET 07/29 PURCHASE CLINTON TOWNS MI,-$15.90,$1242.46,
7/31/2023,192,Primary Checkings - 3102,SQ *MIYAZAKI SUSH 07/29 PURCHASE Clinton Twp MI,-$9.49,$1232.97,
7/31/2023,193,Primary Checkings - 3102,NST THE HOME D 07/29 PURCHASE MACOMB MI,-$19.05,$1213.92,
7/31/2023,194,Primary Checkings - 3102,NNT ETERNAL GA 07/31 PURCHASE WARREN MI,-$38.13,$1175.79,
7/31/2023,195,Primary Checkings - 3102,KEEP THE CHANGE TRANSFER TO ACCT 9875 FOR 07/31/23,-$5.55,$1170.24,
8/1/2023,196,Primary Checkings - 3102,MARKET@WORK 20673 07/31 PURCHASE RENTON WA,-$6.48,$1163.76,
8/1/2023,197,Primary Checkings - 3102,SOHO 07/31 PURCHASE ROCHESTER HIL MI,-$14.18,$1149.58,
8/1/2023,198,Primary Checkings - 3102,Online scheduled transfer to SAV 4571 Confirmation# XXXXX58471,-$250.00,$899.58,
8/1/2023,199,Primary Checkings - 3102,Online scheduled transfer to SAV 7344 Confirmation# XXXXX58472,-$100.00,$799.58,
8/1/2023,200,Primary Checkings - 3102,eBay ComJW7BBUKJ DES:PAYMENTS ID:8BLXZBRTY9RCR26 INDN:Kenneth Mead CO ID:XXXXX98000 WEB,-$3.99,$795.59,
8/1/2023,201,Primary Checkings - 3102,KEEP THE CHANGE TRANSFER TO ACCT 9875 FOR 08/01/23,-$1.34,$794.25,
8/2/2023,202,Primary Checkings - 3102,WENDY'S 07/31 PURCHASE WARREN MI,-$9.74,$784.51,
8/2/2023,203,Primary Checkings - 3102,BIGGBY COFFEE #67 08/01 PURCHASE STERLING HEIG MI,-$4.30,$780.21,
8/2/2023,204,Primary Checkings - 3102,SNACK SODA VENDIN 08/01 PURCHASE WARREN MI,-$1.65,$778.56,
8/2/2023,205,Primary Checkings - 3102,AMZN Mktp US*TH80 08/01 PURCHASE XXXXX61072 WA,-$14.05,$764.51,
8/2/2023,206,Primary Checkings - 3102,KEEP THE CHANGE TRANSFER TO ACCT 9875 FOR 08/02/23,-$2.26,$762.25,
8/3/2023,207,Primary Checkings - 3102,VENMO DES:PAYMENT ID:XXXXX48656589 INDN:KENNETH MEAD CO ID:XXXXX81992 WEB,-$55.00,$707.25,
8/3/2023,208,Primary Checkings - 3102,CHECK ORDER00413 DES:FEE ID:13110094 INDN:KENNETH MEAD 03-15 CO ID:XXXXX00413 PPD PMT INFO: PRODUCT(S): 34.16 S&H: 0.00 MI TAX: 2.05,-$36.21,$671.04,
8/4/2023,209,Primary Checkings - 3102,BIGGBY COFFEE #67 08/02 PURCHASE STERLING HEIG MI,-$4.30,$666.74,
8/4/2023,210,Primary Checkings - 3102,BIGGBY COFFEE #67 08/03 PURCHASE STERLING HEIG MI,-$4.30,$662.44,
8/4/2023,211,Primary Checkings - 3102,SNACK SODA VENDIN 08/03 PURCHASE WARREN MI,-$1.65,$660.79,
8/4/2023,212,Primary Checkings - 3102,WALGREENS 2985 08/04 PURCHASE ROCHESTER HIL MI,-$42.38,$618.41,
8/4/2023,213,Primary Checkings - 3102,WALGREENS 2985 08/04 PURCHASE ROCHESTER HIL MI,-$13.77,$604.64,
8/4/2023,214,Primary Checkings - 3102,KEEP THE CHANGE TRANSFER TO ACCT 9875 FOR 08/04/23,-$2.60,$602.04,
8/7/2023,215,Primary Checkings - 3102,Online Banking transfer from SAV 7344 Confirmation# XXXXX66117,$250.00,$852.04,
8/7/2023,216,Primary Checkings - 3102,CCBill.com *Only 08/04 PURCHASE XXXXX69279 CA,-$6.90,$845.14,
8/7/2023,217,Primary Checkings - 3102,NNT TRAYSERS I 08/05 PURCHASE MACKINAC ISLA MI,-$13.73,$831.41,
8/7/2023,218,Primary Checkings - 3102,CHIPPEWA HOTEL WA 08/05 PURCHASE MACKINAC ISLA MI,-$41.10,$790.31,
8/7/2023,219,Primary Checkings - 3102,Historic Hist 08/05 PURCHASE MACKINAW CITY MI,-$31.00,$759.31,
8/7/2023,220,Primary Checkings - 3102,RYBAS FUDGE SHOP 08/05 PURCHASE MACKINAC ISLA MI,-$10.93,$748.38,
8/7/2023,221,Primary Checkings - 3102,RYBAS FUDGE SHOP 08/05 PURCHASE MACKINAC ISLA MI,-$11.19,$737.19,
8/7/2023,222,Primary Checkings - 3102,TST* Mulligans 08/05 PURCHASE Cheboygan MI,-$30.49,$706.70,
8/7/2023,223,Primary Checkings - 3102,TST* Pancake Chef 08/06 PURCHASE XXXXX65578 MI,-$50.75,$655.95,
8/7/2023,224,Primary Checkings - 3102,OSWALD BEAR RANCH 08/06 PURCHASE NEWBERRY MI,-$1.56,$654.39,
8/7/2023,225,Primary Checkings - 3102,OSWALD BEAR RANCH 08/06 PURCHASE NEWBERRY MI,-$27.56,$626.83,
8/7/2023,226,Primary Checkings - 3102,VENMO DES:PAYMENT ID:XXXXX47835661 INDN:KENNETH MEAD CO ID:XXXXX81992 WEB,-$54.00,$572.83,
8/7/2023,227,Primary Checkings - 3102,KEEP THE CHANGE TRANSFER TO ACCT 9875 FOR 08/07/23,-$3.79,$569.04,
8/8/2023,228,Primary Checkings - 3102,BKOFAMERICA MOBILE 08/08 XXXXX88728 DEPOSIT *MOBILE MI,$7500.00,$8069.04,
8/8/2023,229,Primary Checkings - 3102,BKOFAMERICA MOBILE 08/08 XXXXX65574 DEPOSIT *MOBILE MI,$1695.93,$9764.97,
8/8/2023,230,Primary Checkings - 3102,MACKINAC ISLAND F 08/05 PURCHASE SAINT IGNACE MI,-$68.00,$9696.97,
8/8/2023,231,Primary Checkings - 3102,MACKINAC ISLAND F 08/05 PURCHASE SAINT IGNACE MI,-$67.60,$9629.37,
8/8/2023,232,Primary Checkings - 3102,Nintendo CA103264 08/07 PURCHASE XXXXX53700 WA,-$63.59,$9565.78,
8/8/2023,233,Primary Checkings - 3102,KEEP THE CHANGE TRANSFER TO ACCT 9875 FOR 08/08/23,-$0.81,$9564.97,
8/9/2023,234,Primary Checkings - 3102,CERTIFID INSURANC 08/08 PURCHASE TX,-$100.00,$9464.97,
8/9/2023,235,Primary Checkings - 3102,BWW 3179 CLINTON 08/08 PURCHASE XXXXX39500 MI,-$29.22,$9435.75,
8/9/2023,236,Primary Checkings - 3102,AMZN Mktp US*TA7M 08/09 PURCHASE XXXXX61072 WA,-$5.83,$9429.92,
8/9/2023,237,Primary Checkings - 3102,KEEP THE CHANGE TRANSFER TO ACCT 9875 FOR 08/09/23,-$0.95,$9428.97,
8/10/2023,238,Primary Checkings - 3102,WL *STEAM PURCHAS 08/07 PURCHASE XXXXX22985 WA,-$59.37,$9369.60,
8/10/2023,239,Primary Checkings - 3102,AMARIN THAI CUISI 08/08 PURCHASE WARREN MI,-$12.60,$9357.00,
8/10/2023,240,Primary Checkings - 3102,BIGGBY COFFEE #67 08/09 PURCHASE STERLING HEIG MI,-$2.75,$9354.25,
8/10/2023,241,Primary Checkings - 3102,SNACK SODA VENDIN 08/09 PURCHASE WARREN MI,-$3.30,$9350.95,
8/10/2023,242,Primary Checkings - 3102,DISCORD* NITROMON 08/09 PURCHASE XXXXX77815 CA,-$9.99,$9340.96,
8/10/2023,243,Primary Checkings - 3102,TRANSFER KENNETH MEAD:Karen Mead Confirmation# XXXXX84802,-$7500.00,$1840.96,
8/10/2023,244,Primary Checkings - 3102,SMAG INC. 08/10 PURCHASE STERLING HEIG MI,-$50.04,$1790.92,
8/10/2023,245,Primary Checkings - 3102,KEEP THE CHANGE TRANSFER TO ACCT 9875 FOR 08/10/23,-$2.95,$1787.97,
8/11/2023,246,Primary Checkings - 3102,BIGGBY COFFEE #67 08/10 PURCHASE STERLING HEIG MI,-$2.75,$1785.22,
8/11/2023,247,Primary Checkings - 3102,MARKET@WORK 20673 08/10 PURCHASE RENTON WA,-$4.98,$1780.24,
8/11/2023,248,Primary Checkings - 3102,MARKET@WORK 20673 08/10 PURCHASE RENTON WA,-$1.99,$1778.25,
8/11/2023,249,Primary Checkings - 3102,SQ *MIYAZAKI SUSH 08/10 PURCHASE Clinton Twp MI,-$1.63,$1776.62,
8/11/2023,250,Primary Checkings - 3102,GAMER'S GAUNTLET 08/10 PURCHASE CLINTON TOWNS MI,-$138.86,$1637.76,
8/11/2023,251,Primary Checkings - 3102,MCDONALD'S F34 08/11 PURCHASE TROY MI,-$14.82,$1622.94,
8/11/2023,252,Primary Checkings - 3102,KEEP THE CHANGE TRANSFER TO ACCT 9875 FOR 08/11/23,-$0.97,$1621.97,
8/14/2023,253,Primary Checkings - 3102,BKOFAMERICA MOBILE 08/14 XXXXX98919 DEPOSIT *MOBILE MI,$1695.92,$3317.89,
8/14/2023,254,Primary Checkings - 3102,AAA INS GW RCCREF 08/11 REFUND XXXXX22642 MI,$34.58,$3352.47,
8/14/2023,255,Primary Checkings - 3102,U-HAUL-CTR-TROY # 08/11 PURCHASE TROY MI,-$85.33,$3267.14,
8/14/2023,256,Primary Checkings - 3102,TST* Lucky Brunch 08/12 PURCHASE Sterling Heig MI,-$33.07,$3234.07,
8/14/2023,257,Primary Checkings - 3102,AMZN Mktp US*TO9F 08/12 PURCHASE XXXXX61072 WA,-$50.76,$3183.31,
8/14/2023,258,Primary Checkings - 3102,U-HAUL-CTR-TROY # 08/12 PURCHASE XXXXX93638 MI,-$38.10,$3145.21,
8/14/2023,259,Primary Checkings - 3102,U-HAUL-CTR-TROY # 08/12 PURCHASE XXXXX93638 MI,-$24.14,$3121.07,
8/14/2023,260,Primary Checkings - 3102,Speedway 08/12 PURCHASE Sterling Heig MI,-$4.10,$3116.97,
8/14/2023,261,Primary Checkings - 3102,BP#XXXXX448100 08/12 PURCHASE STERLING HEIG MI,-$6.00,$3110.97,
8/14/2023,262,Primary Checkings - 3102,BP#XXXXX448100 08/12 PURCHASE STERLING HEIG MI,-$21.99,$3088.98,
8/14/2023,263,Primary Checkings - 3102,LOVE SUSHI 08/12 PURCHASE XXXXX97664 MI,-$40.82,$3048.16,
8/14/2023,264,Primary Checkings - 3102,Amazon.com*TO0CJ8 08/13 PURCHASE WA,-$105.90,$2942.26,
8/14/2023,265,Primary Checkings - 3102,TEMU.COM 08/13 PURCHASE DE,-$14.28,$2927.98,
8/14/2023,266,Primary Checkings - 3102,COSTCO WHSE #0 08/14 PURCHASE ROSEVILLE MI,-$8.12,$2919.86,
8/14/2023,267,Primary Checkings - 3102,COSTCO WHSE #0 08/14 PURCHASE ROSEVILLE MI,-$338.08,$2581.78,
8/14/2023,268,Primary Checkings - 3102,KEEP THE CHANGE TRANSFER TO ACCT 9875 FOR 08/14/23,-$7.31,$2574.47,
8/15/2023,269,Primary Checkings - 3102,VENMO DES:CASHOUT ID:XXXXX01864072 INDN:KENNETH MEAD CO ID:XXXXX81992 PPD,$527.00,$3101.47,
8/15/2023,270,Primary Checkings - 3102,Temu.com 08/13 PURCHASE XXXXX51212 MA,-$50.24,$3051.23,
8/15/2023,271,Primary Checkings - 3102,Amazon.com*TO22X0 08/14 PURCHASE WA,-$83.91,$2967.32,
8/15/2023,272,Primary Checkings - 3102,MARKET@WORK 20673 08/14 PURCHASE RENTON WA,-$2.49,$2964.83,
8/15/2023,273,Primary Checkings - 3102,KEEP THE CHANGE TRANSFER TO ACCT 9875 FOR 08/15/23,-$1.36,$2963.47,
8/16/2023,274,Primary Checkings - 3102,APPLE.COM/BILL 08/15 PURCHASE XXXXX27753 CA,-$0.99,$2962.48,
8/16/2023,275,Primary Checkings - 3102,"GITHUB, INC. 08/15 PURCHASE XXXXX84820 CA",-$10.00,$2952.48,
8/16/2023,276,Primary Checkings - 3102,SNACK SODA VENDIN 08/15 PURCHASE WARREN MI,-$1.65,$2950.83,
8/16/2023,277,Primary Checkings - 3102,Online scheduled transfer to SAV 4571 Confirmation# XXXXX73572,-$250.00,$2700.83,
8/16/2023,278,Primary Checkings - 3102,Online scheduled transfer to SAV 7344 Confirmation# XXXXX73573,-$100.00,$2600.83,
8/16/2023,279,Primary Checkings - 3102,KEEP THE CHANGE TRANSFER TO ACCT 9875 FOR 08/16/23,-$0.36,$2600.47,
8/17/2023,280,Primary Checkings - 3102,GRAND TAVERN 08/15 PURCHASE ROCHESTER HIL MI,-$30.50,$2569.97,
8/17/2023,281,Primary Checkings - 3102,BIGGBY COFFEE #67 08/16 PURCHASE STERLING HEIG MI,-$8.62,$2561.35,
8/17/2023,282,Primary Checkings - 3102,Cicotte Plumbing 08/16 PURCHASE XXXXX45200 MI,-$195.70,$2365.65,
8/17/2023,283,Primary Checkings - 3102,KEEP THE CHANGE TRANSFER TO ACCT 9875 FOR 08/17/23,-$1.18,$2364.47,
8/18/2023,284,Primary Checkings - 3102,UNIVERSALMGT0793 DES:PAYROLL ID:02093305 INDN:KENNETH MEAD CO ID:XXXXX3688A PPD,$1356.74,$3721.21,
8/18/2023,285,Primary Checkings - 3102,SNACK SODA VENDIN 08/17 PURCHASE WARREN MI,-$1.65,$3719.56,
8/18/2023,286,Primary Checkings - 3102,WHOLEFDS 2100 08/18 PURCHASE BIRMINGHAM MI,-$144.88,$3574.68,
8/18/2023,287,Primary Checkings - 3102,KEEP THE CHANGE TRANSFER TO ACCT 9875 FOR 08/18/23,-$0.47,$3574.21,
8/21/2023,288,Primary Checkings - 3102,Online Banking transfer from SAV 4571 Confirmation# XXXXX29753,$4000.00,$7574.21,
8/21/2023,289,Primary Checkings - 3102,Amazon.com 08/18 REFUND WA,$83.91,$7658.12,
8/21/2023,290,Primary Checkings - 3102,CCBill.com *Only 08/17 PURCHASE XXXXX69279 CA,-$10.00,$7648.12,
8/21/2023,291,Primary Checkings - 3102,AAA INSURANCE GW 08/18 PURCHASE XXXXX26424 MI,-$9.43,$7638.69,
8/21/2023,292,Primary Checkings - 3102,MARKET@WORK 20673 08/18 PURCHASE RENTON WA,-$2.49,$7636.20,
8/21/2023,293,Primary Checkings - 3102,MARKET@WORK 20673 08/18 PURCHASE RENTON WA,-$2.49,$7633.71,
8/21/2023,294,Primary Checkings - 3102,SP GAMERS GAUNTLE 08/19 PURCHASE MI,-$5.00,$7628.71,
8/21/2023,295,Primary Checkings - 3102,GAMER'S GAUNTLET 08/19 PURCHASE CLINTON TOWNS MI,-$18.55,$7610.16,
8/21/2023,296,Primary Checkings - 3102,GAMER'S GAUNTLET 08/19 PURCHASE CLINTON TOWNS MI,-$55.12,$7555.04,
8/21/2023,297,Primary Checkings - 3102,GAMER'S GAUNTLET 08/19 PURCHASE CLINTON TOWNS MI,-$37.10,$7517.94,
8/21/2023,298,Primary Checkings - 3102,GAMER'S GAUNTLET 08/19 PURCHASE CLINTON TOWNS MI,-$28.56,$7489.38,
8/21/2023,299,Primary Checkings - 3102,POTOWNSTORE.COM 08/19 PURCHASE 00,-$7.00,$7482.38,
8/21/2023,300,Primary Checkings - 3102,RITE AID 04339 08/20 PURCHASE STERLING HEIG MI,-$37.90,$7444.48,
8/21/2023,301,Primary Checkings - 3102,Online Banking transfer to SAV 9875 Confirmation# XXXXX89012,-$200.00,$7244.48,
8/21/2023,302,Primary Checkings - 3102,Online Banking transfer to SAV 7344 Confirmation# XXXXX93148,-$200.00,$7044.48,
8/21/2023,303,Primary Checkings - 3102,MEIJER 145 08/21 PURCHASE FRASER MI,-$22.18,$7022.30,
8/21/2023,304,Primary Checkings - 3102,Speedway 08/20 PURCHASE Sterling Heig MI,-$53.99,$6968.31,
8/21/2023,305,Primary Checkings - 3102,VENMO DES:PAYMENT ID:XXXXX09973287 INDN:KENNETH MEAD CO ID:XXXXX81992 WEB,-$150.00,$6818.31,
8/21/2023,306,Primary Checkings - 3102,VENMO DES:PAYMENT ID:XXXXX99783488 INDN:KENNETH MEAD CO ID:XXXXX81992 WEB,-$64.50,$6753.81,
8/21/2023,307,Primary Checkings - 3102,KEEP THE CHANGE TRANSFER TO ACCT 9875 FOR 08/21/23,-$5.19,$6748.62,
8/22/2023,308,Primary Checkings - 3102,VRV*MEMBERSHIP 08/21 PURCHASE XXXXX39235 CA,-$9.99,$6738.63,
8/22/2023,309,Primary Checkings - 3102,MARKET@WORK 20673 08/21 PURCHASE RENTON WA,-$1.99,$6736.64,
8/22/2023,310,Primary Checkings - 3102,NNT ETERNAL GA 08/22 PURCHASE WARREN MI,-$19.04,$6717.60,
8/22/2023,311,Primary Checkings - 3102,PROG MARATHON DES:INS PREM ID:XXXXX1326 Kenne INDN:Kenneth Mead CO ID:XXXXX48088 WEB,-$1209.00,$5508.60,
8/22/2023,312,Primary Checkings - 3102,Fidelity Investm DES:MED PAYMNT ID:GMCOD11319 INDN:Kenneth Mead CO ID:XXXXX90870 PPD,-$37.44,$5471.16,
8/22/2023,313,Primary Checkings - 3102,KEEP THE CHANGE TRANSFER TO ACCT 9875 FOR 08/22/23,-$0.98,$5470.18,
8/23/2023,314,Primary Checkings - 3102,KIT CHEN THAI BY 08/21 PURCHASE WARREN MI,-$12.76,$5457.42,
8/23/2023,315,Primary Checkings - 3102,SNACK SODA VENDIN 08/22 PURCHASE WARREN MI,-$2.40,$5455.02,
8/23/2023,316,Primary Checkings - 3102,MARKET@WORK 20673 08/22 PURCHASE RENTON WA,-$2.49,$5452.53,
8/23/2023,317,Primary Checkings - 3102,GRAND TAVERN 08/22 PURCHASE ROCHESTER HIL MI,-$25.95,$5426.58,
8/23/2023,318,Primary Checkings - 3102,KEEP THE CHANGE TRANSFER TO ACCT 9875 FOR 08/23/23,-$1.40,$5425.18,
8/24/2023,319,Primary Checkings - 3102,KIT CHEN THAI BY 08/22 PURCHASE WARREN MI,-$12.76,$5412.42,
8/24/2023,320,Primary Checkings - 3102,BIGGBY COFFEE #67 08/23 PURCHASE STERLING HEIG MI,-$2.75,$5409.67,
8/24/2023,321,Primary Checkings - 3102,SP GAMERS GAUNTLE 08/23 PURCHASE MI,-$5.00,$5404.67,
8/24/2023,322,Primary Checkings - 3102,GAMER'S GAUNTLET 08/23 PURCHASE CLINTON TOWNS MI,-$31.80,$5372.87,
8/24/2023,323,Primary Checkings - 3102,eBayCommerce 08/23 PURCHASE San Jose CA,-$24.37,$5348.50,
8/24/2023,324,Primary Checkings - 3102,VENMO DES:PAYMENT ID:XXXXX65359454 INDN:KENNETH MEAD CO ID:XXXXX81992 WEB,-$6.00,$5342.50,
8/24/2023,325,Primary Checkings - 3102,KEEP THE CHANGE TRANSFER TO ACCT 9875 FOR 08/24/23,-$1.32,$5341.18,
8/25/2023,326,Primary Checkings - 3102,UNIVERSALMGT0793 DES:PAYROLL ID:02093305 INDN:KENNETH MEAD CO ID:XXXXX3688A PPD,$1695.93,$7037.11,
8/25/2023,327,Primary Checkings - 3102,MARKET@WORK 20673 08/24 PURCHASE RENTON WA,-$2.49,$7034.62,
8/25/2023,328,Primary Checkings - 3102,SNACK SODA VENDIN 08/24 PURCHASE WARREN MI,-$2.40,$7032.22,
8/25/2023,329,Primary Checkings - 3102,VENMO DES:PAYMENT ID:XXXXX73727467 INDN:KENNETH MEAD CO ID:XXXXX81992 WEB,-$72.00,$6960.22,
8/25/2023,330,Primary Checkings - 3102,KEEP THE CHANGE TRANSFER TO ACCT 9875 FOR 08/25/23,-$1.11,$6959.11,
8/28/2023,331,Primary Checkings - 3102,TST* Lucky Brunch 08/26 PURCHASE Sterling Heig MI,-$36.85,$6922.26,
8/28/2023,332,Primary Checkings - 3102,SP GAMERS GAUNTLE 08/26 PURCHASE MI,-$5.00,$6917.26,
8/28/2023,333,Primary Checkings - 3102,GAMER'S GAUNTLET 08/26 PURCHASE CLINTON TOWNS MI,-$21.20,$6896.06,
8/28/2023,334,Primary Checkings - 3102,JUAN BLANCOS - EA 08/26 PURCHASE FRASER MI,-$21.65,$6874.41,
8/28/2023,335,Primary Checkings - 3102,AMZN Mktp US*T300 08/27 PURCHASE XXXXX61072 WA,-$25.38,$6849.03,
8/28/2023,336,Primary Checkings - 3102,MEIJER 145 08/27 PURCHASE FRASER MI,-$144.07,$6704.96,
8/28/2023,337,Primary Checkings - 3102,Mol*Resume.io 08/28 PURCHASE 00,-$24.95,$6680.01,
8/28/2023,338,Primary Checkings - 3102,GM Financial DES:GMF Pymt ID:XXXXX6521024 INDN:KENNETH MEAD CO ID:IXXXXX0781 PPD,-$540.99,$6139.02,
8/28/2023,339,Primary Checkings - 3102,DTE Energy DES:XXXXX7474 ID: INDN:Kenneth Mead CO ID:XXXXX20792 WEB,-$75.11,$6063.91,
8/28/2023,340,Primary Checkings - 3102,KEEP THE CHANGE TRANSFER TO ACCT 9875 FOR 08/28/23,-$2.90,$6061.01,
8/29/2023,341,Primary Checkings - 3102,AMZN Mktp US*T30W 08/28 PURCHASE XXXXX61072 WA,-$104.90,$5956.11,
8/29/2023,342,Primary Checkings - 3102,BIGGBY COFFEE #67 08/28 PURCHASE STERLING HEIG MI,-$4.30,$5951.81,
8/29/2023,343,Primary Checkings - 3102,AMZN Mktp US*T366 08/28 PURCHASE XXXXX61072 WA,-$25.40,$5926.41,
8/29/2023,344,Primary Checkings - 3102,KEEP THE CHANGE TRANSFER TO ACCT 9875 FOR 08/29/23,-$1.40,$5925.01,
8/30/2023,345,Primary Checkings - 3102,AMZN Mktp US*T32H 08/28 PURCHASE XXXXX61072 WA,-$190.05,$5734.96,
8/30/2023,346,Primary Checkings - 3102,MARKET@WORK 20673 08/29 PURCHASE RENTON WA,-$4.28,$5730.68,
8/30/2023,347,Primary Checkings - 3102,SNACK SODA VENDIN 08/29 PURCHASE WARREN MI,-$2.40,$5728.28,
8/30/2023,348,Primary Checkings - 3102,WOW UTICA 08/30 PURCHASE FRASER MI,-$47.86,$5680.42,
8/30/2023,349,Primary Checkings - 3102,KEEP THE CHANGE TRANSFER TO ACCT 9875 FOR 08/30/23,-$2.41,$5678.01,
8/31/2023,350,Primary Checkings - 3102,ULTRA PRO 08/27 PURCHASE XXXXX02100 CA,-$20.77,$5657.24,
8/31/2023,351,Primary Checkings - 3102,KIT CHEN THAI BY 08/29 PURCHASE WARREN MI,-$15.08,$5642.16,
8/31/2023,352,Primary Checkings - 3102,BIGGBY COFFEE #67 08/30 PURCHASE STERLING HEIG MI,-$4.30,$5637.86,
8/31/2023,353,Primary Checkings - 3102,SNACK SODA VENDIN 08/30 PURCHASE WARREN MI,-$1.65,$5636.21,
8/31/2023,354,Primary Checkings - 3102,TST* Tigerlily 08/30 PURCHASE Ferndale MI,-$51.03,$5585.18,
8/31/2023,355,Primary Checkings - 3102,MEIJER 145 08/30 PURCHASE FRASER MI,-$14.82,$5570.36,
8/31/2023,356,Primary Checkings - 3102,KEEP THE CHANGE TRANSFER TO ACCT 9875 FOR 08/31/23,-$3.35,$5567.01,
9/1/2023,357,Primary Checkings - 3102,UNIVERSALMGT0793 DES:PAYROLL ID:02093305 INDN:KENNETH MEAD CO ID:XXXXX3688A PPD,$1695.93,$7262.94,
9/1/2023,358,Primary Checkings - 3102,BIGGBY COFFEE #67 08/31 PURCHASE STERLING HEIG MI,-$4.30,$7258.64,
9/1/2023,359,Primary Checkings - 3102,WAGPET* DONATION 08/31 PURCHASE NY,-$213.69,$7044.95,
9/1/2023,360,Primary Checkings - 3102,Amazon.com*TL77N3 08/31 PURCHASE WA,-$67.82,$6977.13,
9/1/2023,361,Primary Checkings - 3102,Online scheduled transfer to SAV 4571 Confirmation# XXXXX76314,-$250.00,$6727.13,
9/1/2023,362,Primary Checkings - 3102,Online scheduled transfer to SAV 7344 Confirmation# XXXXX76315,-$100.00,$6627.13,
9/1/2023,363,Primary Checkings - 3102,KEEP THE CHANGE TRANSFER TO ACCT 9875 FOR 09/01/23,-$1.19,$6625.94,
9/5/2023,364,Primary Checkings - 3102,SQ *DAILY DOZEN 09/01 PURCHASE Warren MI,-$60.95,$6564.99,
9/5/2023,365,Primary Checkings - 3102,WWW.DAY2EVENTS.CO 09/03 PURCHASE IL,-$22.00,$6542.99,
9/5/2023,366,Primary Checkings - 3102,Online Banking transfer to CHK 7139 Confirmation# XXXXX61224,-$300.00,$6242.99,
9/5/2023,367,Primary Checkings - 3102,AMZN Mktp US*TL40 09/04 PURCHASE XXXXX61072 WA,-$24.90,$6218.09,
9/5/2023,368,Primary Checkings - 3102,Amazon.com*TL8Y79 09/04 PURCHASE WA,-$9.35,$6208.74,
9/5/2023,369,Primary Checkings - 3102,TRANSFER KENNETH MEAD:Sarah Mead Confirmation# XXXXX43972,-$87.00,$6121.74,
9/5/2023,370,Primary Checkings - 3102,KEEP THE CHANGE TRANSFER TO ACCT 9875 FOR 09/05/23,-$0.80,$6120.94,
9/6/2023,371,Primary Checkings - 3102,COMCAST 8529101 DES:XXXXX5419 ID:1170010 INDN:KENNETH *MEAD CO ID:XXXXX13249 PPD,-$85.00,$6035.94,
9/8/2023,372,Primary Checkings - 3102,UNIVERSALMGT0793 DES:PAYROLL ID:02093305 INDN:KENNETH MEAD CO ID:XXXXX3688A PPD,$1695.93,$7731.87,
9/8/2023,373,Primary Checkings - 3102,FOUR POINTS BY SH 09/07 PURCHASE PEORIA IL,-$448.50,$7283.37,
9/8/2023,374,Primary Checkings - 3102,OVERLOADEVENTS 09/07 PURCHASE TX,-$118.14,$7165.23,
9/8/2023,375,Primary Checkings - 3102,MACTERAENTERPRISE 09/07 PURCHASE TX,-$11.20,$7154.03,
9/8/2023,376,Primary Checkings - 3102,SIE PLAYSTATIO 09/08 PURCHASE SAN MATEO CA,-$63.59,$7090.44,
9/8/2023,377,Primary Checkings - 3102,Online scheduled transfer to CHK 7139 Confirmation# XXXXX74156,-$125.00,$6965.44,
9/8/2023,378,Primary Checkings - 3102,Online scheduled transfer to CHK 7139 Confirmation# XXXXX74157,-$125.00,$6840.44,
9/8/2023,379,Primary Checkings - 3102,Online scheduled transfer to SAV 9875 Confirmation# XXXXX74160,-$125.00,$6715.44,
9/8/2023,380,Primary Checkings - 3102,Online scheduled transfer to SAV 7344 Confirmation# XXXXX74159,-$50.00,$6665.44,
9/8/2023,381,Primary Checkings - 3102,Online scheduled transfer to CHK 7139 Confirmation# XXXXX74158,-$20.00,$6645.44,
9/8/2023,382,Primary Checkings - 3102,KEEP THE CHANGE TRANSFER TO ACCT 9875 FOR 09/08/23,-$2.57,$6642.87,
9/11/2023,383,Primary Checkings - 3102,TCGplayer Inc DES:ACCTVERIFY ID: I79LWO6PE INDN:Kenneth Mead CO ID:XXXXX0567 PPD,$0.03,$6642.90,
9/11/2023,384,Primary Checkings - 3102,TCGplayer Inc DES:ACCTVERIFY ID: I27K2O5MR INDN:Kenneth Mead CO ID:XXXXX0567 PPD,$0.01,$6642.91,
9/11/2023,385,Primary Checkings - 3102,DISCORD* NITROMON 09/09 PURCHASE XXXXX77815 CA,-$9.99,$6632.92,
9/11/2023,386,Primary Checkings - 3102,MULVEY GARDENS C DES:Assn Dues ID:39214813 INDN:Kenneth Mead CO ID:HOAPAYMENT WEB,-$30.00,$6602.92,
9/11/2023,387,Primary Checkings - 3102,KEEP THE CHANGE TRANSFER TO ACCT 9875 FOR 09/11/23,-$0.01,$6602.91,
9/12/2023,388,Primary Checkings - 3102,TRANSFER KENNETH MEAD:Karen Mead Confirmation# XXXXX63254,-$2500.00,$4102.91,
9/13/2023,389,Primary Checkings - 3102,HOMEDEPOT.COM 09/10 PURCHASE XXXXX03376 GA,-$116.81,$3986.10,
9/13/2023,390,Primary Checkings - 3102,Fidelity Investm DES:MED PAYMNT ID:GMCOD13360 INDN:Kenneth Mead CO ID:XXXXX90870 PPD,-$1034.00,$2952.10,
9/13/2023,391,Primary Checkings - 3102,CONSUMERS ENERGY DES:ENERGYBILL ID:XXXXX0126422 INDN:Kenneth Mead CO ID:XXXXX42310 WEB,-$21.89,$2930.21,
9/13/2023,392,Primary Checkings - 3102,KEEP THE CHANGE TRANSFER TO ACCT 9875 FOR 09/13/23,-$0.19,$2930.02,
9/14/2023,393,Primary Checkings - 3102,AMZN Mktp US*TR8I 09/12 PURCHASE XXXXX61072 WA,-$46.63,$2883.39,
9/14/2023,394,Primary Checkings - 3102,KEEP THE CHANGE TRANSFER TO ACCT 9875 FOR 09/14/23,-$0.37,$2883.02,
9/15/2023,395,Primary Checkings - 3102,UNIVERSALMGT0793 DES:PAYROLL ID:02093305 INDN:KENNETH MEAD CO ID:XXXXX3688A PPD,$1695.92,$4578.94,
9/15/2023,396,Primary Checkings - 3102,GM-GMC DIVISION DES:VENDOR PMT ID:ADPXXXXX663677 INDN:KENNETH MEAD CO ID:9GM-DIRDPS PPD,$0.51,$4579.45,
9/15/2023,397,Primary Checkings - 3102,AMZN Mktp US*TR98 09/14 PURCHASE XXXXX61072 WA,-$59.34,$4520.11,
9/15/2023,398,Primary Checkings - 3102,"GITHUB, INC. 09/15 PURCHASE XXXXX84820 CA",-$10.00,$4510.11,
9/15/2023,399,Primary Checkings - 3102,Online scheduled transfer to CHK 7139 Confirmation# XXXXX33667,-$125.00,$4385.11,
9/15/2023,400,Primary Checkings - 3102,Online scheduled transfer to CHK 7139 Confirmation# XXXXX33668,-$125.00,$4260.11,
9/15/2023,401,Primary Checkings - 3102,Online scheduled transfer to SAV 9875 Confirmation# XXXXX33671,-$125.00,$4135.11,
9/15/2023,402,Primary Checkings - 3102,Online scheduled transfer to SAV 7344 Confirmation# XXXXX33670,-$50.00,$4085.11,
9/15/2023,403,Primary Checkings - 3102,Online scheduled transfer to CHK 7139 Confirmation# XXXXX33669,-$20.00,$4065.11,
9/15/2023,404,Primary Checkings - 3102,KEEP THE CHANGE TRANSFER TO ACCT 9875 FOR 09/15/23,-$0.66,$4064.45,
9/18/2023,405,Primary Checkings - 3102,APPLE.COM/BILL 09/15 PURCHASE XXXXX27753 CA,-$0.99,$4063.46,
9/18/2023,406,Primary Checkings - 3102,AMZN Mktp US*TX1X 09/15 PURCHASE XXXXX61072 WA,-$19.07,$4044.39,
9/18/2023,407,Primary Checkings - 3102,Online Banking payment to CRD 5496 Confirmation# XXXXX02744,-$1309.21,$2735.18,
9/18/2023,408,Primary Checkings - 3102,KEEP THE CHANGE TRANSFER TO ACCT 9875 FOR 09/18/23,-$0.94,$2734.24,
9/19/2023,409,Primary Checkings - 3102,AAA INSURANCE GW 09/18 PURCHASE DEARBORN MI,-$9.42,$2724.82,
9/19/2023,410,Primary Checkings - 3102,DAIRY QUEEN #4106 09/18 PURCHASE FRASER MI,-$5.71,$2719.11,
9/19/2023,411,Primary Checkings - 3102,KEEP THE CHANGE TRANSFER TO ACCT 9875 FOR 09/19/23,-$0.87,$2718.24,
9/20/2023,412,Primary Checkings - 3102,HOMEDEPOT.COM 09/17 PURCHASE XXXXX03376 GA,-$115.54,$2602.70,
9/20/2023,413,Primary Checkings - 3102,HOMEDEPOT.COM 09/17 PURCHASE XXXXX03376 GA,-$5.80,$2596.90,
9/20/2023,414,Primary Checkings - 3102,BIGGBY COFFEE #67 09/19 PURCHASE STERLING HEIG MI,-$4.30,$2592.60,
9/20/2023,415,Primary Checkings - 3102,TEXAS ROADHOUSE # 09/19 PURCHASE ROSEVILLE MI,-$25.73,$2566.87,
9/20/2023,416,Primary Checkings - 3102,NAPOLEAN'S SER 09/20 PURCHASE STERLING HEIG MI,-$51.62,$2515.25,
9/20/2023,417,Primary Checkings - 3102,NNT ETERNAL GA 09/20 PURCHASE WARREN MI,-$52.99,$2462.26,
9/20/2023,418,Primary Checkings - 3102,NNT ETERNAL GA 09/20 PURCHASE WARREN MI,-$136.58,$2325.68,
9/20/2023,419,Primary Checkings - 3102,NNT ETERNAL GA 09/20 PURCHASE WARREN MI,-$23.31,$2302.37,
9/20/2023,420,Primary Checkings - 3102,KEEP THE CHANGE TRANSFER TO ACCT 9875 FOR 09/20/23,-$3.13,$2299.24,
9/21/2023,421,Primary Checkings - 3102,AMZN Mktp US 09/20 REFUND XXXXX61072 WA,$74.19,$2373.43,
9/21/2023,422,Primary Checkings - 3102,CCBill.com *Only 09/17 PURCHASE XXXXX69279 CA,-$10.00,$2363.43,
9/21/2023,423,Primary Checkings - 3102,BIGGBY COFFEE #67 09/20 PURCHASE STERLING HEIG MI,-$4.30,$2359.13,
9/21/2023,424,Primary Checkings - 3102,NNT ETERNAL GA 09/21 PURCHASE WARREN MI,-$15.89,$2343.24,
9/21/2023,425,Primary Checkings - 3102,KEEP THE CHANGE TRANSFER TO ACCT 9875 FOR 09/21/23,-$0.81,$2342.43,
9/22/2023,426,Primary Checkings - 3102,UNIVERSALMGT0793 DES:PAYROLL ID:02093305 INDN:KENNETH MEAD CO ID:XXXXX3688A PPD,$2035.11,$4377.54,
9/22/2023,427,Primary Checkings - 3102,KIT CHEN THAI BY 09/20 PURCHASE WARREN MI,-$12.76,$4364.78,
9/22/2023,428,Primary Checkings - 3102,BIGGBY COFFEE #67 09/21 PURCHASE STERLING HEIG MI,-$4.46,$4360.32,
9/22/2023,429,Primary Checkings - 3102,SNACK SODA VENDIN 09/21 PURCHASE WARREN MI,-$2.40,$4357.92,
9/22/2023,430,Primary Checkings - 3102,VRV*MEMBERSHIP 09/21 PURCHASE XXXXX39235 CA,-$9.99,$4347.93,
9/22/2023,431,Primary Checkings - 3102,AMZN Mktp US*T130 09/21 PURCHASE XXXXX61072 WA,-$26.47,$4321.46,
9/22/2023,432,Primary Checkings - 3102,Online Banking payment to CRD 5496 Confirmation# XXXXX25184,-$241.29,$4080.17,
9/22/2023,433,Primary Checkings - 3102,SHERWIN WILLIA 09/22 PURCHASE WARREN MI,-$23.30,$4056.87,
9/22/2023,434,Primary Checkings - 3102,Online scheduled transfer to CHK 7139 Confirmation# XXXXX41425,-$125.00,$3931.87,
9/22/2023,435,Primary Checkings - 3102,Online scheduled transfer to CHK 7139 Confirmation# XXXXX41426,-$125.00,$3806.87,
9/22/2023,436,Primary Checkings - 3102,Online scheduled transfer to SAV 9875 Confirmation# XXXXX41429,-$125.00,$3681.87,
9/22/2023,437,Primary Checkings - 3102,Online scheduled transfer to SAV 7344 Confirmation# XXXXX41428,-$50.00,$3631.87,
9/22/2023,438,Primary Checkings - 3102,Online scheduled transfer to CHK 7139 Confirmation# XXXXX41427,-$20.00,$3611.87,
9/22/2023,439,Primary Checkings - 3102,KEEP THE CHANGE TRANSFER TO ACCT 9875 FOR 09/22/23,-$2.62,$3609.25,
9/25/2023,440,Primary Checkings - 3102,KIT CHEN THAI BY 09/21 PURCHASE WARREN MI,-$12.76,$3596.49,
9/25/2023,441,Primary Checkings - 3102,BWW 3179 CLINTON 09/21 PURCHASE XXXXX39500 MI,-$36.32,$3560.17,
9/25/2023,442,Primary Checkings - 3102,SNACK SODA VENDIN 09/22 PURCHASE WARREN MI,-$1.65,$3558.52,
9/25/2023,443,Primary Checkings - 3102,MARKET@WORK 20673 09/22 PURCHASE RENTON WA,-$2.49,$3556.03,
9/25/2023,444,Primary Checkings - 3102,Pet Supplies Plus 09/22 PURCHASE Warren MI,-$39.20,$3516.83,
9/25/2023,445,Primary Checkings - 3102,THE POKEMON COMPA 09/22 PURCHASE XXXXX96000 WA,-$27.54,$3489.29,
9/25/2023,446,Primary Checkings - 3102,eBay O*02-10577-0 09/23 PURCHASE XXXXX66151 CA,-$25.44,$3463.85,
9/25/2023,447,Primary Checkings - 3102,eBay O*02-10577-0 09/23 PURCHASE XXXXX66151 CA,-$10.58,$3453.27,
9/25/2023,448,Primary Checkings - 3102,eBay O*02-10577-0 09/23 PURCHASE XXXXX66151 CA,-$10.17,$3443.10,
9/25/2023,449,Primary Checkings - 3102,THE GARFIELD CAFE 09/23 PURCHASE CLINTON TWP MI,-$34.42,$3408.68,
9/25/2023,450,Primary Checkings - 3102,NNT ETERNAL GA 09/23 PURCHASE WARREN MI,-$25.00,$3383.68,
9/25/2023,451,Primary Checkings - 3102,NST THE HOME D 09/23 PURCHASE ROSEVILLE MI,-$146.66,$3237.02,
9/25/2023,452,Primary Checkings - 3102,NNT ETERNAL GA 09/24 PURCHASE CHESTERFIELD MI,-$27.00,$3210.02,
9/25/2023,453,Primary Checkings - 3102,WENDY'S - CHESTER 09/24 PURCHASE CHESTERFIELD MI,-$16.36,$3193.66,
9/25/2023,454,Primary Checkings - 3102,KEEP THE CHANGE TRANSFER TO ACCT 9875 FOR 09/25/23,-$6.41,$3187.25,
9/26/2023,455,Primary Checkings - 3102,BIGGBY COFFEE #67 09/25 PURCHASE STERLING HEIG MI,-$2.75,$3184.50,
9/26/2023,456,Primary Checkings - 3102,KEEP THE CHANGE TRANSFER TO ACCT 9875 FOR 09/26/23,-$0.25,$3184.25,
9/27/2023,457,Primary Checkings - 3102,TST* DETROIT WING 09/26 PURCHASE XXXXX47295 MI,-$8.47,$3175.78,
9/27/2023,458,Primary Checkings - 3102,SNACK SODA VENDIN 09/26 PURCHASE WARREN MI,-$1.90,$3173.88,
9/27/2023,459,Primary Checkings - 3102,GRAND TAVERN 09/26 PURCHASE ROCHESTER HIL MI,-$63.39,$3110.49,
9/27/2023,460,Primary Checkings - 3102,NST THE HOME D 09/27 PURCHASE ROSEVILLE MI,-$126.14,$2984.35,
9/27/2023,461,Primary Checkings - 3102,GM Financial DES:GMF Pymt ID:XXXXX6521024 INDN:KENNETH MEAD CO ID:IXXXXX0781 PPD,-$540.99,$2443.36,
9/27/2023,462,Primary Checkings - 3102,KEEP THE CHANGE TRANSFER TO ACCT 9875 FOR 09/27/23,-$2.10,$2441.26,
9/28/2023,463,Primary Checkings - 3102,Online Banking transfer from SAV 9875 Confirmation# XXXXX98757,$600.00,$3041.26,
9/28/2023,464,Primary Checkings - 3102,BIGGBY COFFEE #67 09/27 PURCHASE STERLING HEIG MI,-$4.30,$3036.96,
9/28/2023,465,Primary Checkings - 3102,Mol*Resume.io 09/28 PURCHASE 00,-$24.95,$3012.01,
9/28/2023,466,Primary Checkings - 3102,KEEP THE CHANGE TRANSFER TO ACCT 9875 FOR 09/28/23,-$0.75,$3011.26,
9/29/2023,467,Primary Checkings - 3102,UNIVERSALMGT0793 DES:PAYROLL ID:02093305 INDN:KENNETH MEAD CO ID:XXXXX3688A PPD,$1695.93,$4707.19,
9/29/2023,468,Primary Checkings - 3102,SNACK SODA VENDIN 09/28 PURCHASE WARREN MI,-$1.65,$4705.54,
9/29/2023,469,Primary Checkings - 3102,Online scheduled transfer to CHK 7139 Confirmation# XXXXX36856,-$125.00,$4580.54,
9/29/2023,470,Primary Checkings - 3102,Online scheduled transfer to CHK 7139 Confirmation# XXXXX36857,-$125.00,$4455.54,
9/29/2023,471,Primary Checkings - 3102,Online scheduled transfer to SAV 9875 Confirmation# XXXXX36860,-$125.00,$4330.54,
9/29/2023,472,Primary Checkings - 3102,DTE Energy DES:XXXXX7474 ID: INDN:Kenneth Mead CO ID:XXXXX20792 WEB,-$98.95,$4231.59,
9/29/2023,473,Primary Checkings - 3102,Online scheduled transfer to SAV 7344 Confirmation# XXXXX36859,-$50.00,$4181.59,
9/29/2023,474,Primary Checkings - 3102,Online scheduled transfer to CHK 7139 Confirmation# XXXXX36858,-$20.00,$4161.59,
9/29/2023,475,Primary Checkings - 3102,KEEP THE CHANGE TRANSFER TO ACCT 9875 FOR 09/29/23,-$0.35,$4161.24,
10/2/2023,476,Primary Checkings - 3102,BWW 3179 CLINTON 09/28 PURCHASE CLINTON TWP MI,-$35.06,$4126.18,
10/2/2023,477,Primary Checkings - 3102,KIT CHEN THAI BY 09/29 PURCHASE WARREN MI,-$12.76,$4113.42,
10/2/2023,478,Primary Checkings - 3102,SNACK SODA VENDIN 09/29 PURCHASE WARREN MI,-$1.65,$4111.77,
10/2/2023,479,Primary Checkings - 3102,MARATHON PETRO 09/30 PURCHASE MOUNT CLEMENS MI,-$46.26,$4065.51,
10/2/2023,480,Primary Checkings - 3102,OVERLOADEVENTS 10/01 PURCHASE TX,-$16.85,$4048.66,
10/2/2023,481,Primary Checkings - 3102,TRANSFER KENNETH MEAD:Sarah Mead Confirmation# XXXXX73798,-$47.00,$4001.66,
10/2/2023,482,Primary Checkings - 3102,UNITEDWHOLESALE DES:LOAN PAYMT ID:XXXXX64218 INDN:KENNETH MEAD CO ID:9DRAFTING WEB,-$1964.01,$2037.65,
10/2/2023,483,Primary Checkings - 3102,KEEP THE CHANGE TRANSFER TO ACCT 9875 FOR 10/02/23,-$2.42,$2035.23,
10/3/2023,484,Primary Checkings - 3102,MULVEY GARDENS C DES:Assn Dues ID:39527865 INDN:Kenneth Mead CO ID:HOAPAYMENT WEB,-$200.00,$1835.23,
10/4/2023,485,Primary Checkings - 3102,BKOFAMERICA MOBILE 10/04 XXXXX23200 DEPOSIT *MOBILE MI,$34.97,$1870.20,
10/4/2023,486,Primary Checkings - 3102,USPS CHANGE OF AD 10/03 PURCHASE XXXXX83150 TN,-$1.10,$1869.10,
10/4/2023,487,Primary Checkings - 3102,KEEP THE CHANGE TRANSFER TO ACCT 9875 FOR 10/04/23,-$0.90,$1868.20,
10/5/2023,488,Primary Checkings - 3102,APPLE.COM/BILL 10/04 PURCHASE XXXXX27753 CA,-$1.05,$1867.15,
10/5/2023,489,Primary Checkings - 3102,KEEP THE CHANGE TRANSFER TO ACCT 9875 FOR 10/05/23,-$0.95,$1866.20,
10/6/2023,490,Primary Checkings - 3102,UNIVERSALMGT0793 DES:PAYROLL ID:02093305 INDN:KENNETH MEAD CO ID:XXXXX3688A PPD,$1695.92,$3562.12,
10/6/2023,491,Primary Checkings - 3102,TARGET.COM * 10/05 PURCHASE XXXXX13869 MN,-$127.19,$3434.93,
10/6/2023,492,Primary Checkings - 3102,Online scheduled transfer to CHK 7139 Confirmation# XXXXX10249,-$125.00,$3309.93,
10/6/2023,493,Primary Checkings - 3102,Online scheduled transfer to CHK 7139 Confirmation# XXXXX10250,-$125.00,$3184.93,
10/6/2023,494,Primary Checkings - 3102,Online scheduled transfer to SAV 9875 Confirmation# XXXXX10253,-$125.00,$3059.93,
10/6/2023,495,Primary Checkings - 3102,COMCAST 8529101 DES:XXXXX5419 ID:9713809 INDN:KENNETH *MEAD CO ID:XXXXX13249 PPD,-$85.00,$2974.93,
10/6/2023,496,Primary Checkings - 3102,Online scheduled transfer to SAV 7344 Confirmation# XXXXX10252,-$50.00,$2924.93,
10/6/2023,497,Primary Checkings - 3102,Online scheduled transfer to CHK 7139 Confirmation# XXXXX10251,-$20.00,$2904.93,
10/6/2023,498,Primary Checkings - 3102,KEEP THE CHANGE TRANSFER TO ACCT 9875 FOR 10/06/23,-$0.81,$2904.12,
10/10/2023,499,Primary Checkings - 3102,PAYPAL DES:TRANSFER ID:XXXXX50940618 INDN:KENNETH MEAD CO ID:PAYPALSD11 PPD,$40.00,$2944.12,
10/10/2023,500,Primary Checkings - 3102,AMZN Mktp US*TE34 10/09 PURCHASE XXXXX61072 WA,-$5.29,$2938.83,
10/10/2023,501,Primary Checkings - 3102,DISCORD* NITROMON 10/09 PURCHASE XXXXX77815 CA,-$9.99,$2928.84,
10/10/2023,502,Primary Checkings - 3102,VENMO DES:PAYMENT ID:XXXXX83124287 INDN:KENNETH MEAD CO ID:XXXXX81992 WEB,-$40.00,$2888.84,
10/10/2023,503,Primary Checkings - 3102,VENMO DES:PAYMENT ID:XXXXX98964073 INDN:KENNETH MEAD CO ID:XXXXX81992 WEB,-$22.00,$2866.84,
10/10/2023,504,Primary Checkings - 3102,PAYPAL DES:INST XFER ID:SUSANOOITACHI27 INDN:KENNETH MEAD CO ID:PAYPALSI77 WEB,-$20.00,$2846.84,
10/10/2023,505,Primary Checkings - 3102,KEEP THE CHANGE TRANSFER TO ACCT 9875 FOR 10/10/23,-$0.72,$2846.12,
10/11/2023,506,Primary Checkings - 3102,BKOFAMERICA ATM 10/10 #XXXXX9999 WITHDRWL 15 MILE AND UTICA CLINTON TOWNS MI,-$300.00,$2546.12,
10/12/2023,507,Primary Checkings - 3102,Online Banking transfer from SAV 7344 Confirmation# XXXXX58654,$650.00,$3196.12,
10/12/2023,508,Primary Checkings - 3102,Amazon.com*TE2VN4 10/11 PURCHASE WA,-$8.46,$3187.66,
10/12/2023,509,Primary Checkings - 3102,KEEP THE CHANGE TRANSFER TO ACCT 9875 FOR 10/12/23,-$0.54,$3187.12,
10/13/2023,510,Primary Checkings - 3102,UNIVERSALMGT0793 DES:PAYROLL ID:02093305 INDN:KENNETH MEAD CO ID:XXXXX3688A PPD,$1695.93,$4883.05,
10/13/2023,511,Primary Checkings - 3102,AMAZON.COM*TP0 10/12 PURCHASE SEATTLE WA,-$19.01,$4864.04,
10/13/2023,512,Primary Checkings - 3102,Online scheduled transfer to CHK 7139 Confirmation# XXXXX72167,-$125.00,$4739.04,
10/13/2023,513,Primary Checkings - 3102,Online scheduled transfer to CHK 7139 Confirmation# XXXXX72168,-$125.00,$4614.04,
10/13/2023,514,Primary Checkings - 3102,Online scheduled transfer to SAV 9875 Confirmation# XXXXX72171,-$125.00,$4489.04,
10/13/2023,515,Primary Checkings - 3102,Online scheduled transfer to SAV 7344 Confirmation# XXXXX72170,-$50.00,$4439.04,
10/13/2023,516,Primary Checkings - 3102,Online scheduled transfer to CHK 7139 Confirmation# XXXXX72169,-$20.00,$4419.04,
10/13/2023,517,Primary Checkings - 3102,KEEP THE CHANGE TRANSFER TO ACCT 9875 FOR 10/13/23,-$0.99,$4418.05,
10/16/2023,518,Primary Checkings - 3102,AMZN Mktp US*TP5B 10/13 PURCHASE XXXXX61072 WA,-$21.19,$4396.86,
10/16/2023,519,Primary Checkings - 3102,"GITHUB, INC. 10/15 PURCHASE XXXXX84820 CA",-$10.00,$4386.86,
10/16/2023,520,Primary Checkings - 3102,KEEP THE CHANGE TRANSFER TO ACCT 9875 FOR 10/16/23,-$0.81,$4386.05,
10/17/2023,521,Primary Checkings - 3102,SEC OF STATE ESER 10/16 PURCHASE XXXXX50436 MI,-$38.65,$4347.40,
10/17/2023,522,Primary Checkings - 3102,APPLE.COM/BILL 10/16 PURCHASE XXXXX27753 CA,-$0.99,$4346.41,
10/17/2023,523,Primary Checkings - 3102,SEC OF STATE ESER 10/16 PURCHASE XXXXX50436 MI,-$174.92,$4171.49,
10/17/2023,524,Primary Checkings - 3102,AIRBNB HM98W5CAY 10/16 PURCHASE XXXXX47262 CA,-$450.22,$3721.27,
10/17/2023,525,Primary Checkings - 3102,KEEP THE CHANGE TRANSFER TO ACCT 9875 FOR 10/17/23,-$1.22,$3720.05,
10/18/2023,526,Primary Checkings - 3102,Online Banking payment to CRD 5496 Confirmation# XXXXX62526,-$1915.67,$1804.38,
10/19/2023,527,Primary Checkings - 3102,AAA INS GW RCCREF 10/18 REFUND DEARBORN MI,$10.35,$1814.73,
10/19/2023,528,Primary Checkings - 3102,"DEPT EDUCATION DES:STUDENT LN ID:6PFV2BS5AP1 INDN:MEAD, KENNETH J CO ID:XXXXX01302 WEB",-$260.38,$1554.35,
10/20/2023,529,Primary Checkings - 3102,UNIVERSALMGT0793 DES:PAYROLL ID:02093305 INDN:KENNETH MEAD CO ID:XXXXX3688A PPD,$1695.93,$3250.28,
10/20/2023,530,Primary Checkings - 3102,IL TOLLWAY -PAY B 10/18 PURCHASE XXXXX16181 IL,-$1.10,$3249.18,
10/20/2023,531,Primary Checkings - 3102,Online scheduled transfer to CHK 7139 Confirmation# XXXXX85916,-$125.00,$3124.18,
10/20/2023,532,Primary Checkings - 3102,Online scheduled transfer to CHK 7139 Confirmation# XXXXX85917,-$125.00,$2999.18,
10/20/2023,533,Primary Checkings - 3102,Online scheduled transfer to SAV 9875 Confirmation# XXXXX85920,-$125.00,$2874.18,
10/20/2023,534,Primary Checkings - 3102,Online scheduled transfer to SAV 7344 Confirmation# XXXXX85919,-$50.00,$2824.18,
10/20/2023,535,Primary Checkings - 3102,Online scheduled transfer to CHK 7139 Confirmation# XXXXX85918,-$20.00,$2804.18,
10/20/2023,536,Primary Checkings - 3102,KEEP THE CHANGE TRANSFER TO ACCT 9875 FOR 10/20/23,-$0.90,$2803.28,
10/23/2023,537,Primary Checkings - 3102,CCBill.com *Only 10/17 PURCHASE XXXXX69279 CA,-$10.00,$2793.28,
10/23/2023,538,Primary Checkings - 3102,TCGPLAYER.COM 10/20 PURCHASE XXXXX10478 NY,-$20.57,$2772.71,
10/23/2023,539,Primary Checkings - 3102,WL *STEAM PURCHAS 10/20 PURCHASE XXXXX22985 WA,-$23.84,$2748.87,
10/23/2023,540,Primary Checkings - 3102,Online Banking payment to CRD 5496 Confirmation# XXXXX24168,-$193.80,$2555.07,
10/23/2023,541,Primary Checkings - 3102,VRV*MEMBERSHIP 10/21 PURCHASE XXXXX39235 CA,-$9.99,$2545.08,
10/23/2023,542,Primary Checkings - 3102,SP GAMERS GAUNTLE 10/21 PURCHASE CLINTON TOWNS MI,-$32.00,$2513.08,
10/23/2023,543,Primary Checkings - 3102,NST THE HOME D 10/22 PURCHASE ROSEVILLE MI,-$100.05,$2413.03,
10/23/2023,544,Primary Checkings - 3102,MEIJER 145 10/22 PURCHASE FRASER MI,-$32.34,$2380.69,
10/23/2023,545,Primary Checkings - 3102,KEEP THE CHANGE TRANSFER TO ACCT 9875 FOR 10/23/23,-$2.21,$2378.48,
10/24/2023,546,Primary Checkings - 3102,Online Banking transfer from SAV 9875 Confirmation# XXXXX09439,$1200.00,$3578.48,
10/24/2023,547,Primary Checkings - 3102,Online Banking transfer from CHK 7139 Confirmation# XXXXX16148,$389.00,$3967.48,
10/24/2023,548,Primary Checkings - 3102,TCGPLAYER.COM 10/23 PURCHASE XXXXX10478 NY,-$10.71,$3956.77,
10/24/2023,549,Primary Checkings - 3102,Online Banking payment to CRD 5496 Confirmation# XXXXX10335,-$115.63,$3841.14,
10/24/2023,550,Primary Checkings - 3102,KEEP THE CHANGE TRANSFER TO ACCT 9875 FOR 10/24/23,-$0.29,$3840.85,
10/25/2023,551,Primary Checkings - 3102,Online Banking transfer from SAV 9875 Confirmation# XXXXX31536,$358.00,$4198.85,
10/25/2023,552,Primary Checkings - 3102,Online Banking transfer from CHK 7139 Confirmation# XXXXX25634,$300.00,$4498.85,
10/25/2023,553,Primary Checkings - 3102,Online Banking transfer from SAV 7344 Confirmation# XXXXX20856,$150.00,$4648.85,
10/25/2023,554,Primary Checkings - 3102,CITY OF FRASER UT 10/23 PURCHASE XXXXX16064 MI,-$94.36,$4554.49,
10/25/2023,555,Primary Checkings - 3102,PETS BEST INSURAN 10/24 PURCHASE XXXXX87237 FL,-$22.80,$4531.69,
10/25/2023,556,Primary Checkings - 3102,VETERINARY EMERGE 10/24 PURCHASE MADISON HEIGH MI,-$627.63,$3904.06,
10/25/2023,557,Primary Checkings - 3102,Online Banking transfer to SAV 9875 Confirmation# XXXXX56124,-$300.00,$3604.06,
10/25/2023,558,Primary Checkings - 3102,Online Banking transfer to SAV 7344 Confirmation# XXXXX58819,-$150.00,$3454.06,
10/25/2023,559,Primary Checkings - 3102,Online Banking transfer to CHK 7139 Confirmation# XXXXX61886,-$300.00,$3154.06,
10/25/2023,560,Primary Checkings - 3102,KEEP THE CHANGE TRANSFER TO ACCT 9875 FOR 10/25/23,-$1.21,$3152.85,
10/26/2023,561,Primary Checkings - 3102,VENMO DES:CASHOUT ID:XXXXX12854444 INDN:KENNETH MEAD CO ID:XXXXX81992 PPD,$98.41,$3251.26,
10/26/2023,562,Primary Checkings - 3102,VETERINARY EMERGE 10/25 PURCHASE MADISON HEIGH MI,-$211.00,$3040.26,
10/26/2023,563,Primary Checkings - 3102,FAITHFUL COMPANIO 10/25 PURCHASE ROYAL OAK MI,-$440.40,$2599.86,
10/26/2023,564,Primary Checkings - 3102,KEEP THE CHANGE TRANSFER TO ACCT 9875 FOR 10/26/23,-$0.60,$2599.26,
10/27/2023,565,Primary Checkings - 3102,UNIVERSALMGT0793 DES:PAYROLL ID:02093305 INDN:KENNETH MEAD CO ID:XXXXX3688A PPD,$1695.93,$4295.19,
10/27/2023,566,Primary Checkings - 3102,PETS BEST INSURAN 10/26 REFUND ALTAMONTE SPR FL,$19.51,$4314.70,
10/27/2023,567,Primary Checkings - 3102,BIGGBY COFFEE #67 10/26 PURCHASE STERLING HEIG MI,-$4.57,$4310.13,
10/27/2023,568,Primary Checkings - 3102,SNACK SODA VENDIN 10/26 PURCHASE WARREN MI,-$1.65,$4308.48,
10/27/2023,569,Primary Checkings - 3102,MARKET@WORK 20673 10/26 PURCHASE RENTON WA,-$5.58,$4302.90,
10/27/2023,570,Primary Checkings - 3102,PARTRIDGECR DIGIT 10/26 PURCHASE CLINTON TWP MI,-$13.75,$4289.15,
10/27/2023,571,Primary Checkings - 3102,WOW UTICA 10/27 PURCHASE FRASER MI,-$41.03,$4248.12,
10/27/2023,572,Primary Checkings - 3102,GM Financial DES:GMF Pymt ID:XXXXX6521024 INDN:KENNETH MEAD CO ID:IXXXXX0781 PPD,-$540.99,$3707.13,
10/27/2023,573,Primary Checkings - 3102,Online scheduled transfer to CHK 7139 Confirmation# XXXXX33030,-$125.00,$3582.13,
10/27/2023,574,Primary Checkings - 3102,Online scheduled transfer to CHK 7139 Confirmation# XXXXX33031,-$125.00,$3457.13,
10/27/2023,575,Primary Checkings - 3102,Online scheduled transfer to SAV 9875 Confirmation# XXXXX33034,-$125.00,$3332.13,
10/27/2023,576,Primary Checkings - 3102,Online scheduled transfer to SAV 7344 Confirmation# XXXXX33033,-$50.00,$3282.13,
10/27/2023,577,Primary Checkings - 3102,CONSUMERS ENERGY DES:ENERGYBILL ID:XXXXX0126422 INDN:Kenneth Mead CO ID:XXXXX42310 WEB,-$25.91,$3256.22,
10/27/2023,578,Primary Checkings - 3102,Online scheduled transfer to CHK 7139 Confirmation# XXXXX33032,-$20.00,$3236.22,
10/27/2023,579,Primary Checkings - 3102,KEEP THE CHANGE TRANSFER TO ACCT 9875 FOR 10/27/23,-$2.42,$3233.80,
10/30/2023,580,Primary Checkings - 3102,RAMS HORN FRASER 10/27 PURCHASE FRASER MI,-$19.43,$3214.37,
10/30/2023,581,Primary Checkings - 3102,BLUE WATER BRIDGE 10/27 PURCHASE PORT HURON MI,-$3.00,$3211.37,
10/30/2023,582,Primary Checkings - 3102,COCA COLA BRAMPTO 10/28 PURCHASE BRAMPTON ON,-$3.44,$3207.93,
10/30/2023,583,Primary Checkings - 3102,SP KANZENGAMES 10/28 PURCHASE MISSISSAUGA ON,-$5.94,$3201.99,
10/30/2023,584,Primary Checkings - 3102,SP OVERLOAD 10/28 PURCHASE PLANO TX,-$35.00,$3166.99,
10/30/2023,585,Primary Checkings - 3102,DARK FOX TCG 10/28 PURCHASE HAMILTON ON,-$12.29,$3154.70,
10/30/2023,586,Primary Checkings - 3102,PETRO CANADA34105 10/29 PURCHASE INGERSOLL ON,-$29.00,$3125.70,
10/30/2023,587,Primary Checkings - 3102,INTERNATIONAL TRANSACTION FEE 10/29 PETRO CANADA34105 INGERSOLL ON,-$0.87,$3124.83,
10/30/2023,588,Primary Checkings - 3102,INTERNATIONAL TRANSACTION FEE 10/28 DARK FOX TCG HAMILTON ON,-$0.37,$3124.46,
10/30/2023,589,Primary Checkings - 3102,INTERNATIONAL TRANSACTION FEE 10/28 SP KANZENGAMES MISSISSAUGA ON,-$0.18,$3124.28,
10/30/2023,590,Primary Checkings - 3102,INTERNATIONAL TRANSACTION FEE 10/28 COCA COLA BRAMPTO BRAMPTON ON,-$0.10,$3124.18,
10/30/2023,591,Primary Checkings - 3102,KEEP THE CHANGE TRANSFER TO ACCT 9875 FOR 10/30/23,-$1.90,$3122.28,
10/31/2023,592,Primary Checkings - 3102,Bank of America DES:CASHREWARD ID:MEAD INDN:XXXXX0061XXXXX98XXXXX0 CO ID:XXXXX90310 PPD,$116.64,$3238.92,
10/31/2023,593,Primary Checkings - 3102,Amazon.com*4X2HA9 10/30 PURCHASE Amzn.com/bill WA,-$10.57,$3228.35,
10/31/2023,594,Primary Checkings - 3102,THE POKEMON COMPA 10/31 PURCHASE XXXXX96000 WA,-$26.49,$3201.86,
10/31/2023,595,Primary Checkings - 3102,KEEP THE CHANGE TRANSFER TO ACCT 9875 FOR 10/31/23,-$0.94,$3200.92,
11/1/2023,596,Primary Checkings - 3102,AMZN Mktp US*Z99W 10/31 PURCHASE XXXXX61072 WA,-$18.01,$3182.91,
11/1/2023,597,Primary Checkings - 3102,TIKTOK SHOP 10/31 PURCHASE CULVER CITY CA,-$10.58,$3172.33,
11/1/2023,598,Primary Checkings - 3102,TIKTOK SHOP 10/31 PURCHASE CULVER CITY CA,-$58.29,$3114.04,
11/1/2023,599,Primary Checkings - 3102,UNITEDWHOLESALE DES:LOAN PAYMT ID:XXXXX64218 INDN:KENNETH MEAD CO ID:9DRAFTING WEB,-$1964.01,$1150.03,
11/1/2023,600,Primary Checkings - 3102,KEEP THE CHANGE TRANSFER TO ACCT 9875 FOR 11/01/23,-$2.12,$1147.91,
11/2/2023,601,Primary Checkings - 3102,TRANSFER KENNETH MEAD:Sarah Mead Confirmation# XXXXX18051,-$47.00,$1100.91,
11/2/2023,602,Primary Checkings - 3102,MULVEY GARDENS C DES:Assn Dues ID:40298588 INDN:Kenneth Mead CO ID:HOAPAYMENT WEB,-$200.00,$900.91,
11/3/2023,603,Primary Checkings - 3102,UNIVERSALMGT0793 DES:PAYROLL ID:02093305 INDN:KENNETH MEAD CO ID:XXXXX3688A PPD,$1639.87,$2540.78,
11/3/2023,604,Primary Checkings - 3102,PETS BEST INSURAN 10/25 PURCHASE XXXXX87237 FL,-$25.18,$2515.60,
11/3/2023,605,Primary Checkings - 3102,Online scheduled transfer to CHK 7139 Confirmation# XXXXX38584,-$125.00,$2390.60,
11/3/2023,606,Primary Checkings - 3102,Online scheduled transfer to CHK 7139 Confirmation# XXXXX38585,-$125.00,$2265.60,
11/3/2023,607,Primary Checkings - 3102,Online scheduled transfer to SAV 9875 Confirmation# XXXXX38588,-$125.00,$2140.60,
11/3/2023,608,Primary Checkings - 3102,Online scheduled transfer to SAV 7344 Confirmation# XXXXX38587,-$50.00,$2090.60,
11/3/2023,609,Primary Checkings - 3102,Online scheduled transfer to CHK 7139 Confirmation# XXXXX38586,-$20.00,$2070.60,
11/3/2023,610,Primary Checkings - 3102,KEEP THE CHANGE TRANSFER TO ACCT 9875 FOR 11/03/23,-$0.82,$2069.78,
11/6/2023,611,Primary Checkings - 3102,VENMO DES:CASHOUT ID:XXXXX99453713 INDN:KENNETH MEAD CO ID:XXXXX81992 PPD,$350.00,$2419.78,
11/6/2023,612,Primary Checkings - 3102,COMCAST 8529101 DES:XXXXX5419 ID:8654955 INDN:KENNETH *MEAD CO ID:XXXXX13249 PPD,-$56.78,$2363.00,
11/8/2023,613,Primary Checkings - 3102,SQ *KURA REVOLVIN 11/07 PURCHASE XXXXX74551 MI,-$68.95,$2294.05,
11/8/2023,614,Primary Checkings - 3102,KEEP THE CHANGE TRANSFER TO ACCT 9875 FOR 11/08/23,-$0.05,$2294.00,
11/10/2023,615,Primary Checkings - 3102,UNIVERSALMGT0793 DES:PAYROLL ID:02093305 INDN:KENNETH MEAD CO ID:XXXXX3688A PPD,$1639.87,$3933.87,
11/10/2023,616,Primary Checkings - 3102,STEAMGAMES.COM 42 11/09 PURCHASE XXXXX99642 WA,-$13.16,$3920.71,
11/10/2023,617,Primary Checkings - 3102,DISCORD* NITROMON 11/09 PURCHASE XXXXX77815 CA,-$9.99,$3910.72,
11/10/2023,618,Primary Checkings - 3102,Online scheduled transfer to CHK 7139 Confirmation# XXXXX79003,-$125.00,$3785.72,
11/10/2023,619,Primary Checkings - 3102,Online scheduled transfer to CHK 7139 Confirmation# XXXXX79004,-$125.00,$3660.72,
11/10/2023,620,Primary Checkings - 3102,Online scheduled transfer to SAV 9875 Confirmation# XXXXX79007,-$125.00,$3535.72,
11/10/2023,621,Primary Checkings - 3102,Online scheduled transfer to SAV 7344 Confirmation# XXXXX79006,-$50.00,$3485.72,
11/10/2023,622,Primary Checkings - 3102,Online scheduled transfer to CHK 7139 Confirmation# XXXXX79005,-$20.00,$3465.72,
11/10/2023,623,Primary Checkings - 3102,KEEP THE CHANGE TRANSFER TO ACCT 9875 FOR 11/10/23,-$0.85,$3464.87,
11/13/2023,624,Primary Checkings - 3102,AMZN Mktp US*696T 11/12 PURCHASE XXXXX61072 WA,-$85.17,$3379.70,
11/13/2023,625,Primary Checkings - 3102,KEEP THE CHANGE TRANSFER TO ACCT 9875 FOR 11/13/23,-$0.83,$3378.87,
11/15/2023,626,Primary Checkings - 3102,VENMO DES:PAYMENT ID:XXXXX15605710 INDN:KENNETH MEAD CO ID:XXXXX81992 WEB,-$47.43,$3331.44,
11/15/2023,627,Primary Checkings - 3102,VENMO DES:PAYMENT ID:XXXXX09358217 INDN:KENNETH MEAD CO ID:XXXXX81992 WEB,-$13.00,$3318.44,
11/16/2023,628,Primary Checkings - 3102,"GITHUB, INC. 11/15 PURCHASE XXXXX84820 CA",-$10.00,$3308.44,
11/17/2023,629,Primary Checkings - 3102,UNIVERSALMGT0793 DES:PAYROLL ID:02093305 INDN:KENNETH MEAD CO ID:XXXXX3688A PPD,$1621.14,$4929.58,
11/17/2023,630,Primary Checkings - 3102,Online scheduled transfer to CHK 7139 Confirmation# XXXXX95792,-$125.00,$4804.58,
11/17/2023,631,Primary Checkings - 3102,Online scheduled transfer to CHK 7139 Confirmation# XXXXX95793,-$125.00,$4679.58,
11/17/2023,632,Primary Checkings - 3102,Online scheduled transfer to SAV 9875 Confirmation# XXXXX95796,-$125.00,$4554.58,
11/17/2023,633,Primary Checkings - 3102,DTE Energy DES:XXXXX7474 ID: INDN:neth Mead Kenneth Mead CO ID:XXXXX20792 PPD,-$57.96,$4496.62,
11/17/2023,634,Primary Checkings - 3102,Online scheduled transfer to SAV 7344 Confirmation# XXXXX95795,-$50.00,$4446.62,
11/17/2023,635,Primary Checkings - 3102,Online scheduled transfer to CHK 7139 Confirmation# XXXXX95794,-$20.00,$4426.62,
11/20/2023,636,Primary Checkings - 3102,APPLE.COM/BILL 11/18 PURCHASE XXXXX27753 CA,-$0.99,$4425.63,
11/20/2023,637,Primary Checkings - 3102,CCBill.com *Only 11/17 PURCHASE XXXXX69279 CA,-$10.00,$4415.63,
11/20/2023,638,Primary Checkings - 3102,AMZN Mktp US*HD3R 11/18 PURCHASE XXXXX61072 WA,-$25.22,$4390.41,
11/20/2023,639,Primary Checkings - 3102,Online Banking payment to CRD 5496 Confirmation# XXXXX91019,-$1017.96,$3372.45,
11/20/2023,640,Primary Checkings - 3102,KEEP THE CHANGE TRANSFER TO ACCT 9875 FOR 11/20/23,-$0.79,$3371.66,
11/21/2023,641,Primary Checkings - 3102,AMZN Mktp US*PY6W 11/20 PURCHASE XXXXX61072 WA,-$53.82,$3317.84,
11/21/2023,642,Primary Checkings - 3102,KEEP THE CHANGE TRANSFER TO ACCT 9875 FOR 11/21/23,-$0.18,$3317.66,
11/22/2023,643,Primary Checkings - 3102,CRUNCHYROLL.COM 11/21 PURCHASE XXXXX63560 TX,-$9.99,$3307.67,
11/22/2023,644,Primary Checkings - 3102,KEEP THE CHANGE TRANSFER TO ACCT 9875 FOR 11/22/23,-$0.01,$3307.66,
11/24/2023,645,Primary Checkings - 3102,UNIVERSALMGT0793 DES:PAYROLL ID:02093305 INDN:KENNETH MEAD CO ID:XXXXX3688A PPD,$1621.14,$4928.80,
11/24/2023,646,Primary Checkings - 3102,Amazon.com*2Z0TY5 11/23 PURCHASE Amzn.com/bill WA,-$127.19,$4801.61,
11/24/2023,647,Primary Checkings - 3102,AMZN Mktp US*SJ6Q 11/23 PURCHASE XXXXX61072 WA,-$23.31,$4778.30,
11/24/2023,648,Primary Checkings - 3102,Online Banking payment to CRD 5496 Confirmation# XXXXX47341,-$137.67,$4640.63,
11/24/2023,649,Primary Checkings - 3102,MCDONALD'S F55 11/24 PURCHASE WARREN MI,-$14.60,$4626.03,
11/24/2023,650,Primary Checkings - 3102,Online scheduled transfer to CHK 7139 Confirmation# XXXXX41369,-$125.00,$4501.03,
11/24/2023,651,Primary Checkings - 3102,Online scheduled transfer to CHK 7139 Confirmation# XXXXX41370,-$125.00,$4376.03,
11/24/2023,652,Primary Checkings - 3102,Online scheduled transfer to SAV 9875 Confirmation# XXXXX41373,-$125.00,$4251.03,
11/24/2023,653,Primary Checkings - 3102,Online scheduled transfer to SAV 7344 Confirmation# XXXXX41372,-$50.00,$4201.03,
11/24/2023,654,Primary Checkings - 3102,Online scheduled transfer to CHK 7139 Confirmation# XXXXX41371,-$20.00,$4181.03,
11/24/2023,655,Primary Checkings - 3102,KEEP THE CHANGE TRANSFER TO ACCT 9875 FOR 11/24/23,-$1.90,$4179.13,
11/27/2023,656,Primary Checkings - 3102,AMZN Mktp US*OZ0B 11/23 PURCHASE XXXXX61072 WA,-$70.15,$4108.98,
11/27/2023,657,Primary Checkings - 3102,AMZN Mktp US*QQ19 11/24 PURCHASE XXXXX61072 WA,-$90.98,$4018.00,
11/27/2023,658,Primary Checkings - 3102,CITY OF FRASER UT 11/24 PURCHASE XXXXX16064 MI,-$77.96,$3940.04,
11/27/2023,659,Primary Checkings - 3102,CULTS3D.COM 11/25 PURCHASE BRIVE LA GAIL 00,-$6.52,$3933.52,
11/27/2023,660,Primary Checkings - 3102,YOLK AND TOAST FA 11/25 PURCHASE ROSEVILLE MI,-$33.04,$3900.48,
11/27/2023,661,Primary Checkings - 3102,NST THE HOME D 11/25 PURCHASE ROSEVILLE MI,-$12.16,$3888.32,
11/27/2023,662,Primary Checkings - 3102,PETS BEST INSURAN 11/26 PURCHASE XXXXX87237 FL,-$26.47,$3861.85,
11/27/2023,663,Primary Checkings - 3102,VENTIMIGLIA ITALI 11/26 PURCHASE STERLING HEIG MI,-$25.96,$3835.89,
11/27/2023,664,Primary Checkings - 3102,GM Financial DES:GMF Pymt ID:XXXXX6521024 INDN:KENNETH MEAD CO ID:IXXXXX0781 PPD,-$540.99,$3294.90,
11/27/2023,665,Primary Checkings - 3102,VENMO DES:PAYMENT ID:XXXXX72388017 INDN:KENNETH MEAD CO ID:XXXXX81992 WEB,-$115.00,$3179.90,
11/27/2023,666,Primary Checkings - 3102,KEEP THE CHANGE TRANSFER TO ACCT 9875 FOR 11/27/23,-$3.76,$3176.14,
11/28/2023,667,Primary Checkings - 3102,WL *STEAM PURCHAS 11/22 PURCHASE XXXXX22985 WA,-$10.59,$3165.55,
11/28/2023,668,Primary Checkings - 3102,BIGGBY COFFEE #67 11/27 PURCHASE STERLING HEIG MI,-$4.73,$3160.82,
11/28/2023,669,Primary Checkings - 3102,MARKET@WORK 20673 11/27 PURCHASE RENTON WA,-$2.39,$3158.43,
11/28/2023,670,Primary Checkings - 3102,Check 122,-$263.31,$2895.12,
11/28/2023,671,Primary Checkings - 3102,CONSUMERS ENERGY DES:ENERGYBILL ID:XXXXX0126422 INDN:Kenneth Mead CO ID:XXXXX42310 WEB,-$53.15,$2841.97,
11/28/2023,672,Primary Checkings - 3102,KEEP THE CHANGE TRANSFER TO ACCT 9875 FOR 11/28/23,-$1.29,$2840.68,
11/29/2023,673,Primary Checkings - 3102,UTILITY STORE BIL 11/24 PURCHASE XXXXX40566 CO,-$5.40,$2835.28,
11/29/2023,674,Primary Checkings - 3102,Amazon.com*PQ7537 11/28 PURCHASE Amzn.com/bill WA,-$28.61,$2806.67,
11/29/2023,675,Primary Checkings - 3102,KEEP THE CHANGE TRANSFER TO ACCT 9875 FOR 11/29/23,-$0.99,$2805.68,
12/1/2023,676,Primary Checkings - 3102,UNIVERSALMGT0793 DES:PAYROLL ID:02093305 INDN:KENNETH MEAD CO ID:XXXXX3688A PPD,$1621.13,$4426.81,
12/1/2023,677,Primary Checkings - 3102,AMZN Mktp US*J93W 11/28 PURCHASE XXXXX61072 WA,-$39.20,$4387.61,
12/1/2023,678,Primary Checkings - 3102,AMZN Mktp US*XT9P 11/30 PURCHASE XXXXX61072 WA,-$7.94,$4379.67,
12/1/2023,679,Primary Checkings - 3102,AMZN Mktp US*OI2I 11/30 PURCHASE XXXXX61072 WA,-$14.42,$4365.25,
12/1/2023,680,Primary Checkings - 3102,TRANSFER KENNETH MEAD:Sarah Mead Confirmation# XXXXX26708,-$47.00,$4318.25,
12/1/2023,681,Primary Checkings - 3102,UNITEDWHOLESALE DES:LOAN PAYMT ID:XXXXX64218 INDN:KENNETH MEAD CO ID:9DRAFTING WEB,-$1964.01,$2354.24,
12/1/2023,682,Primary Checkings - 3102,Online scheduled transfer to CHK 7139 Confirmation# XXXXX69952,-$125.00,$2229.24,
12/1/2023,683,Primary Checkings - 3102,Online scheduled transfer to CHK 7139 Confirmation# XXXXX69953,-$125.00,$2104.24,
12/1/2023,684,Primary Checkings - 3102,Online scheduled transfer to SAV 9875 Confirmation# XXXXX69956,-$125.00,$1979.24,
12/1/2023,685,Primary Checkings - 3102,Online scheduled transfer to SAV 7344 Confirmation# XXXXX69955,-$50.00,$1929.24,
12/1/2023,686,Primary Checkings - 3102,Online scheduled transfer to CHK 7139 Confirmation# XXXXX69954,-$20.00,$1909.24,
12/1/2023,687,Primary Checkings - 3102,KEEP THE CHANGE TRANSFER TO ACCT 9875 FOR 12/01/23,-$1.44,$1907.80,
12/4/2023,688,Primary Checkings - 3102,CGTrader 12/04 PURCHASE Vilnius 00,-$5.00,$1902.80,
12/4/2023,689,Primary Checkings - 3102,SP BAMBULAB.US 12/03 PURCHASE AUSTIN TX,-$66.76,$1836.04,
12/4/2023,690,Primary Checkings - 3102,MULVEY GARDENS C DES:Assn Dues ID:40935254 INDN:Kenneth Mead CO ID:HOAPAYMENT WEB,-$200.00,$1636.04,
12/4/2023,691,Primary Checkings - 3102,KEEP THE CHANGE TRANSFER TO ACCT 9875 FOR 12/04/23,-$0.24,$1635.80,
12/5/2023,692,Primary Checkings - 3102,SP BAMBULAB.US 12/05 PURCHASE AUSTIN TX,-$36.67,$1599.13,
12/5/2023,693,Primary Checkings - 3102,"DEPT EDUCATION DES:STUDENT LN ID:6PJTAE4CES1 INDN:MEAD, KENNETH J CO ID:XXXXX01302 WEB",-$260.38,$1338.75,
12/5/2023,694,Primary Checkings - 3102,KEEP THE CHANGE TRANSFER TO ACCT 9875 FOR 12/05/23,-$0.33,$1338.42,
12/6/2023,695,Primary Checkings - 3102,COMCAST 8529101 DES:XXXXX5419 ID:7791310 INDN:KENNETH *MEAD CO ID:XXXXX13249 PPD,-$60.00,$1278.42,
12/8/2023,696,Primary Checkings - 3102,UNIVERSALMGT0793 DES:PAYROLL ID:02093305 INDN:KENNETH MEAD CO ID:XXXXX3688A PPD,$1621.13,$2899.55,
12/8/2023,697,Primary Checkings - 3102,Online scheduled transfer to CHK 7139 Confirmation# XXXXX64342,-$125.00,$2774.55,
12/8/2023,698,Primary Checkings - 3102,Online scheduled transfer to CHK 7139 Confirmation# XXXXX64343,-$125.00,$2649.55,
12/8/2023,699,Primary Checkings - 3102,Online scheduled transfer to SAV 9875 Confirmation# XXXXX64346,-$125.00,$2524.55,
12/8/2023,700,Primary Checkings - 3102,Online scheduled transfer to SAV 7344 Confirmation# XXXXX64345,-$50.00,$2474.55,
12/8/2023,701,Primary Checkings - 3102,Online scheduled transfer to CHK 7139 Confirmation# XXXXX64344,-$20.00,$2454.55,
12/11/2023,702,Primary Checkings - 3102,AMZN Mktp US 12/09 REFUND XXXXX61072 WA,$28.60,$2483.15,
12/11/2023,703,Primary Checkings - 3102,AMZN Mktp US 12/09 REFUND XXXXX61072 WA,$25.22,$2508.37,
12/11/2023,704,Primary Checkings - 3102,"MATTERHACKERS, IN 12/08 PURCHASE XXXXX35838 CA",-$43.09,$2465.28,
12/11/2023,705,Primary Checkings - 3102,CCBill.com *Only 12/08 PURCHASE XXXXX69279 CA,-$3.00,$2462.28,
12/11/2023,706,Primary Checkings - 3102,DISCORD* NITROMON 12/09 PURCHASE XXXXX77815 CA,-$9.99,$2452.29,
12/11/2023,707,Primary Checkings - 3102,MICRO ELE 3280 12/10 MOBILE PURCHASE Madison Heig OH,-$19.07,$2433.22,
12/11/2023,708,Primary Checkings - 3102,CULTS3D.COM 12/10 PURCHASE BRIVE LA GAIL 00,-$2.07,$2431.15,
12/11/2023,709,Primary Checkings - 3102,Patreon* Membersh 12/10 PURCHASE XXXXX76446 CA,-$2.00,$2429.15,
12/11/2023,710,Primary Checkings - 3102,KEEP THE CHANGE TRANSFER TO ACCT 9875 FOR 12/11/23,-$2.78,$2426.37,
12/12/2023,711,Primary Checkings - 3102,MUSESCORE PRO+ & 12/11 PURCHASE GENT 00,-$39.99,$2386.38,
12/12/2023,712,Primary Checkings - 3102,KEEP THE CHANGE TRANSFER TO ACCT 9875 FOR 12/12/23,-$0.01,$2386.37,
12/15/2023,713,Primary Checkings - 3102,UNIVERSALMGT0793 DES:PAYROLL ID:02093305 INDN:KENNETH MEAD CO ID:XXXXX3688A PPD,$1621.13,$4007.50,
12/15/2023,714,Primary Checkings - 3102,Online scheduled transfer to CHK 7139 Confirmation# XXXXX25793,-$125.00,$3882.50,
12/15/2023,715,Primary Checkings - 3102,Online scheduled transfer to CHK 7139 Confirmation# XXXXX25794,-$125.00,$3757.50,
12/15/2023,716,Primary Checkings - 3102,Online scheduled transfer to SAV 9875 Confirmation# XXXXX25797,-$125.00,$3632.50,
12/15/2023,717,Primary Checkings - 3102,Online scheduled transfer to SAV 7344 Confirmation# XXXXX25796,-$50.00,$3582.50,
12/15/2023,718,Primary Checkings - 3102,Online scheduled transfer to CHK 7139 Confirmation# XXXXX25795,-$20.00,$3562.50,
12/18/2023,719,Primary Checkings - 3102,APPLE.COM/BILL 12/15 PURCHASE XXXXX27753 CA,-$0.99,$3561.51,
12/18/2023,720,Primary Checkings - 3102,"GITHUB, INC. 12/15 PURCHASE XXXXX84820 CA",-$10.00,$3551.51,
12/18/2023,721,Primary Checkings - 3102,WL *STEAM PURCHAS 12/16 PURCHASE XXXXX22985 WA,-$23.84,$3527.67,
12/18/2023,722,Primary Checkings - 3102,Amazon.com*1R0P73 12/18 PURCHASE Amzn.com/bill WA,-$27.42,$3500.25,
12/18/2023,723,Primary Checkings - 3102,KEEP THE CHANGE TRANSFER TO ACCT 9875 FOR 12/18/23,-$0.75,$3499.50,
12/19/2023,724,Primary Checkings - 3102,AMZN Mktp US*VO5F 12/18 PURCHASE XXXXX61072 WA,-$10.59,$3488.91,
12/19/2023,725,Primary Checkings - 3102,TIKTOK SHOP 12/18 PURCHASE CULVER CITY CA,-$25.43,$3463.48,
12/19/2023,726,Primary Checkings - 3102,TIKTOK SHOP 12/18 PURCHASE XXXXX40896 CA,-$24.37,$3439.11,
12/19/2023,727,Primary Checkings - 3102,TIKTOK SHOP 12/18 PURCHASE CULVER CITY CA,-$94.27,$3344.84,
12/19/2023,728,Primary Checkings - 3102,TIKTOK SHOP 12/18 PURCHASE XXXXX40896 CA,-$105.99,$3238.85,
12/19/2023,729,Primary Checkings - 3102,VENMO DES:PAYMENT ID:XXXXX84590103 INDN:KENNETH MEAD CO ID:XXXXX81992 WEB,-$73.54,$3165.31,
12/19/2023,730,Primary Checkings - 3102,DTE Energy DES:XXXXX7474 ID: INDN:neth Mead Kenneth Mead CO ID:XXXXX20792 PPD,-$44.45,$3120.86,
12/19/2023,731,Primary Checkings - 3102,KEEP THE CHANGE TRANSFER TO ACCT 9875 FOR 12/19/23,-$2.35,$3118.51,
12/20/2023,732,Primary Checkings - 3102,CCBill.com *Only 12/17 PURCHASE XXXXX69279 CA,-$10.00,$3108.51,
12/21/2023,733,Primary Checkings - 3102,YOUMACON.C* YOUMA 12/15 REFUND ROCHESTER HIL MI,$40.00,$3148.51,
12/22/2023,734,Primary Checkings - 3102,UNIVERSALMGT0793 DES:PAYROLL ID:02093305 INDN:KENNETH MEAD CO ID:XXXXX3688A PPD,$1621.14,$4769.65,
12/22/2023,735,Primary Checkings - 3102,CRUNCHYROLL.COM 12/21 PURCHASE XXXXX63560 TX,-$9.99,$4759.66,
12/22/2023,736,Primary Checkings - 3102,Online scheduled transfer to CHK 7139 Confirmation# XXXXX54229,-$125.00,$4634.66,
12/22/2023,737,Primary Checkings - 3102,Online scheduled transfer to CHK 7139 Confirmation# XXXXX54230,-$125.00,$4509.66,
12/22/2023,738,Primary Checkings - 3102,Online scheduled transfer to SAV 9875 Confirmation# XXXXX54233,-$125.00,$4384.66,
12/22/2023,739,Primary Checkings - 3102,Online scheduled transfer to SAV 7344 Confirmation# XXXXX54232,-$50.00,$4334.66,
12/22/2023,740,Primary Checkings - 3102,Online scheduled transfer to CHK 7139 Confirmation# XXXXX54231,-$20.00,$4314.66,
12/22/2023,741,Primary Checkings - 3102,KEEP THE CHANGE TRANSFER TO ACCT 9875 FOR 12/22/23,-$0.01,$4314.65,
12/26/2023,742,Primary Checkings - 3102,AMZN Mktp US*V02S 12/21 PURCHASE XXXXX61072 WA,-$24.36,$4290.29,
12/26/2023,743,Primary Checkings - 3102,Nintendo CA111554 12/24 PURCHASE XXXXX53700 WA,-$63.59,$4226.70,
12/26/2023,744,Primary Checkings - 3102,PAYPAL *CASPIANLO 12/25 PURCHASE XXXXX57733 CA,-$4.00,$4222.70,
12/26/2023,745,Primary Checkings - 3102,KEEP THE CHANGE TRANSFER TO ACCT 9875 FOR 12/26/23,-$1.05,$4221.65,
12/27/2023,746,Primary Checkings - 3102,AMZN Mktp US*UW6L 12/23 PURCHASE XXXXX61072 WA,-$21.83,$4199.82,
12/27/2023,747,Primary Checkings - 3102,AMZN Mktp US*ZN0Z 12/23 PURCHASE XXXXX61072 WA,-$35.00,$4164.82,
12/27/2023,748,Primary Checkings - 3102,PETS BEST INSURAN 12/26 PURCHASE XXXXX87237 NC,-$26.47,$4138.35,
12/27/2023,749,Primary Checkings - 3102,CITY OF FRASER UT 12/26 PURCHASE XXXXX16064 MI,-$77.96,$4060.39,
12/27/2023,750,Primary Checkings - 3102,GM Financial DES:GMF Pymt ID:XXXXX6521024 INDN:KENNETH MEAD CO ID:IXXXXX0781 PPD,-$540.99,$3519.40,
12/27/2023,751,Primary Checkings - 3102,CONSUMERS ENERGY DES:ENERGYBILL ID:XXXXX0126422 INDN:Kenneth Mead CO ID:XXXXX42310 WEB,-$71.09,$3448.31,
12/27/2023,752,Primary Checkings - 3102,KEEP THE CHANGE TRANSFER TO ACCT 9875 FOR 12/27/23,-$0.74,$3447.57,
12/28/2023,753,Primary Checkings - 3102,AMZN Mktp US*GN6F 12/27 PURCHASE XXXXX61072 WA,-$15.89,$3431.68,
12/28/2023,754,Primary Checkings - 3102,KEEP THE CHANGE TRANSFER TO ACCT 9875 FOR 12/28/23,-$0.11,$3431.57,
12/29/2023,755,Primary Checkings - 3102,UNIVERSALMGT0793 DES:PAYROLL ID:02093305 INDN:KENNETH MEAD CO ID:XXXXX3688A PPD,$1621.14,$5052.71,
12/29/2023,756,Primary Checkings - 3102,BOFFS MARKET 12/28 PURCHASE XXXXX84545 MI,-$6.79,$5045.92,
12/29/2023,757,Primary Checkings - 3102,STEAMGAMES.COM 42 12/28 PURCHASE XXXXX99642 WA,-$25.43,$5020.49,
12/29/2023,758,Primary Checkings - 3102,Online scheduled transfer to CHK 7139 Confirmation# XXXXX31005,-$125.00,$4895.49,
12/29/2023,759,Primary Checkings - 3102,Online scheduled transfer to CHK 7139 Confirmation# XXXXX31006,-$125.00,$4770.49,
12/29/2023,760,Primary Checkings - 3102,Online scheduled transfer to SAV 9875 Confirmation# XXXXX31009,-$125.00,$4645.49,
12/29/2023,761,Primary Checkings - 3102,Online scheduled transfer to SAV 7344 Confirmation# XXXXX31008,-$50.00,$4595.49,
12/29/2023,762,Primary Checkings - 3102,Online scheduled transfer to CHK 7139 Confirmation# XXXXX31007,-$20.00,$4575.49,
12/29/2023,763,Primary Checkings - 3102,KEEP THE CHANGE TRANSFER TO ACCT 9875 FOR 12/29/23,-$0.78,$4574.71,
1/2/2024,764,Primary Checkings - 3102,Etsy.com*SuperEff 01/01 PURCHASE XXXXX57955 NY,-$0.40,$4574.31,
1/2/2024,765,Primary Checkings - 3102,TRANSFER KENNETH MEAD:Sarah Mead Confirmation# XXXXX10273,-$47.00,$4527.31,
1/2/2024,766,Primary Checkings - 3102,UNITEDWHOLESALE DES:LOAN PAYMT ID:XXXXX64218 INDN:KENNETH MEAD CO ID:9DRAFTING WEB,-$1964.01,$2563.30,
1/2/2024,767,Primary Checkings - 3102,MULVEY GARDENS C DES:Assn Dues ID:41710707 INDN:Kenneth Mead CO ID:HOAPAYMENT WEB,-$200.00,$2363.30,
1/2/2024,768,Primary Checkings - 3102,VENMO DES:PAYMENT ID:XXXXX32229469 INDN:KENNETH MEAD CO ID:XXXXX81992 WEB,-$60.00,$2303.30,
1/2/2024,769,Primary Checkings - 3102,KEEP THE CHANGE TRANSFER TO ACCT 9875 FOR 01/02/24,-$0.60,$2302.70,
1/5/2024,770,Primary Checkings - 3102,UNIVERSALMGT0793 DES:PAYROLL ID:02093305 INDN:KENNETH MEAD CO ID:XXXXX3688A PPD,$1621.13,$3923.83,
1/5/2024,771,Primary Checkings - 3102,RING YEARLY PLAN 01/04 PURCHASE XXXXX61918 CA,-$39.99,$3883.84,
1/5/2024,772,Primary Checkings - 3102,Online scheduled transfer to CHK 7139 Confirmation# XXXXX63539,-$125.00,$3758.84,
1/5/2024,773,Primary Checkings - 3102,Online scheduled transfer to CHK 7139 Confirmation# XXXXX63540,-$125.00,$3633.84,
1/5/2024,774,Primary Checkings - 3102,Online scheduled transfer to SAV 9875 Confirmation# XXXXX63543,-$125.00,$3508.84,
1/5/2024,775,Primary Checkings - 3102,Online scheduled transfer to SAV 7344 Confirmation# XXXXX63542,-$50.00,$3458.84,
1/5/2024,776,Primary Checkings - 3102,Online scheduled transfer to CHK 7139 Confirmation# XXXXX63541,-$20.00,$3438.84,
1/5/2024,777,Primary Checkings - 3102,KEEP THE CHANGE TRANSFER TO ACCT 9875 FOR 01/05/24,-$0.01,$3438.83,
1/8/2024,778,Primary Checkings - 3102,BKOFAMERICA ATM 01/06 #XXXXX8387 WITHDRWL ROCHESTER-ORION ROCHESTER HIL MI,-$300.00,$3138.83,
1/8/2024,779,Primary Checkings - 3102,COMCAST 8529101 DES:XXXXX5419 ID:7310294 INDN:KENNETH *MEAD CO ID:XXXXX13249 PPD,-$60.00,$3078.83,
1/10/2024,780,Primary Checkings - 3102,DISCORD* NITROMON 01/09 PURCHASE XXXXX77815 CA,-$9.99,$3068.84,
1/10/2024,781,Primary Checkings - 3102,KEEP THE CHANGE TRANSFER TO ACCT 9875 FOR 01/10/24,-$0.01,$3068.83,
1/12/2024,782,Primary Checkings - 3102,UNIVERSALMGT0793 DES:PAYROLL ID:02093305 INDN:KENNETH MEAD CO ID:XXXXX3688A PPD,$1621.13,$4689.96,
1/12/2024,783,Primary Checkings - 3102,Online scheduled transfer to CHK 7139 Confirmation# XXXXX27081,-$125.00,$4564.96,
1/12/2024,784,Primary Checkings - 3102,Online scheduled transfer to CHK 7139 Confirmation# XXXXX27082,-$125.00,$4439.96,
1/12/2024,785,Primary Checkings - 3102,Online scheduled transfer to SAV 9875 Confirmation# XXXXX27085,-$125.00,$4314.96,
1/12/2024,786,Primary Checkings - 3102,Online scheduled transfer to SAV 7344 Confirmation# XXXXX27084,-$50.00,$4264.96,
1/12/2024,787,Primary Checkings - 3102,Online scheduled transfer to CHK 7139 Confirmation# XXXXX27083,-$20.00,$4244.96,
1/16/2024,788,Primary Checkings - 3102,APPLE.COM/BILL 01/15 PURCHASE XXXXX27753 CA,-$0.99,$4243.97,
1/16/2024,789,Primary Checkings - 3102,"GITHUB, INC. 01/15 PURCHASE XXXXX84820 CA",-$10.00,$4233.97,
1/16/2024,790,Primary Checkings - 3102,KEEP THE CHANGE TRANSFER TO ACCT 9875 FOR 01/16/24,-$0.01,$4233.96,
1/17/2024,791,Primary Checkings - 3102,ETSY INC DES:PAYOUT ID:etsy INDN:Kenneth Mead CO ID:XXXXX63381 CCD PMT INFO:TRN*1*etsy**3S5U2X61MMBLHVDM\RMR*IK*etsy com\,$12.73,$4246.69,
1/17/2024,792,Primary Checkings - 3102,VENMO DES:PAYMENT ID:XXXXX55802184 INDN:KENNETH MEAD CO ID:XXXXX81992 WEB,-$60.00,$4186.69,
1/18/2024,793,Primary Checkings - 3102,APPLE.COM/BILL 01/17 REFUND XXXXX27753 CA,$0.93,$4187.62,
1/18/2024,794,Primary Checkings - 3102,APPLE.COM/BILL 01/17 PURCHASE XXXXX27753 CA,-$2.99,$4184.63,
1/18/2024,795,Primary Checkings - 3102,AMZN Mktp US*R80X 01/17 PURCHASE XXXXX61072 WA,-$18.00,$4166.63,
1/18/2024,796,Primary Checkings - 3102,AMZN Mktp US*RT7Q 01/17 PURCHASE XXXXX61072 WA,-$16.39,$4150.24,
1/18/2024,797,Primary Checkings - 3102,KEEP THE CHANGE TRANSFER TO ACCT 9875 FOR 01/18/24,-$0.62,$4149.62,
1/19/2024,798,Primary Checkings - 3102,UNIVERSALMGT0793 DES:PAYROLL ID:02093305 INDN:KENNETH MEAD CO ID:XXXXX3688A PPD,$1959.45,$6109.07,
1/19/2024,799,Primary Checkings - 3102,Online scheduled transfer to CHK 7139 Confirmation# XXXXX57974,-$125.00,$5984.07,
1/19/2024,800,Primary Checkings - 3102,Online scheduled transfer to CHK 7139 Confirmation# XXXXX57975,-$125.00,$5859.07,
1/19/2024,801,Primary Checkings - 3102,Online scheduled transfer to SAV 9875 Confirmation# XXXXX57978,-$125.00,$5734.07,
1/19/2024,802,Primary Checkings - 3102,DTE Energy DES:XXXXX7474 ID: INDN:neth Mead Kenneth Mead CO ID:XXXXX20792 PPD,-$65.86,$5668.21,
1/19/2024,803,Primary Checkings - 3102,Online scheduled transfer to SAV 7344 Confirmation# XXXXX57977,-$50.00,$5618.21,
1/19/2024,804,Primary Checkings - 3102,Online scheduled transfer to CHK 7139 Confirmation# XXXXX57976,-$20.00,$5598.21,
1/22/2024,805,Primary Checkings - 3102,CCBill.com *Only 01/17 PURCHASE XXXXX69279 CA,-$10.00,$5588.21,
1/22/2024,806,Primary Checkings - 3102,STEAMGAMES.COM 42 01/21 PURCHASE XXXXX99642 WA,-$28.61,$5559.60,
1/22/2024,807,Primary Checkings - 3102,AMZN Mktp US*R82B 01/21 PURCHASE XXXXX61072 WA,-$27.23,$5532.37,
1/22/2024,808,Primary Checkings - 3102,TACO BELL #037169 01/21 MOBILE PURCHASE FRASER MI,-$14.12,$5518.25,
1/22/2024,809,Primary Checkings - 3102,AMZN Mktp US*R00B 01/21 PURCHASE XXXXX61072 WA,-$31.79,$5486.46,
1/22/2024,810,Primary Checkings - 3102,SP HORNANDRHODE 01/21 PURCHASE MANASSAS VA,-$18.00,$5468.46,
1/22/2024,811,Primary Checkings - 3102,CRUNCHYROLL.COM 01/21 PURCHASE XXXXX63560 TX,-$9.99,$5458.47,
1/22/2024,812,Primary Checkings - 3102,KEEP THE CHANGE TRANSFER TO ACCT 9875 FOR 01/22/24,-$2.26,$5456.21,
1/24/2024,813,Primary Checkings - 3102,AMZN Mktp US*R80A 01/23 PURCHASE XXXXX61072 WA,-$13.78,$5442.43,
1/24/2024,814,Primary Checkings - 3102,KEEP THE CHANGE TRANSFER TO ACCT 9875 FOR 01/24/24,-$0.22,$5442.21,
1/25/2024,815,Primary Checkings - 3102,AMZN Mktp US*R053 01/24 PURCHASE XXXXX61072 WA,-$21.93,$5420.28,
1/25/2024,816,Primary Checkings - 3102,TikTok Shop 01/25 PURCHASE XXXXX40896 CA,-$105.99,$5314.29,
1/25/2024,817,Primary Checkings - 3102,KEEP THE CHANGE TRANSFER TO ACCT 9875 FOR 01/25/24,-$0.08,$5314.21,
1/26/2024,818,Primary Checkings - 3102,UNIVERSALMGT0793 DES:PAYROLL ID:02093305 INDN:KENNETH MEAD CO ID:XXXXX3688A PPD,$1620.24,$6934.45,
1/26/2024,819,Primary Checkings - 3102,DEPT EDUCATION DES:STUDENT LN ID:0000 INDN:KENNETH J MEAD CO ID:XXXXX01303 PPD,-$260.38,$6674.07,
1/26/2024,820,Primary Checkings - 3102,Online scheduled transfer to CHK 7139 Confirmation# XXXXX40543,-$125.00,$6549.07,
1/26/2024,821,Primary Checkings - 3102,Online scheduled transfer to CHK 7139 Confirmation# XXXXX40544,-$125.00,$6424.07,
1/26/2024,822,Primary Checkings - 3102,Online scheduled transfer to SAV 9875 Confirmation# XXXXX40547,-$125.00,$6299.07,
1/26/2024,823,Primary Checkings - 3102,Online scheduled transfer to SAV 7344 Confirmation# XXXXX40546,-$50.00,$6249.07,
1/26/2024,824,Primary Checkings - 3102,Online scheduled transfer to CHK 7139 Confirmation# XXXXX40545,-$20.00,$6229.07,
1/29/2024,825,Primary Checkings - 3102,PETS BEST INSURAN 01/26 PURCHASE XXXXX87237 NC,-$26.47,$6202.60,
1/29/2024,826,Primary Checkings - 3102,PIRATE SHIP POST 01/26 PURCHASE XXXXX55854 WY,-$3.86,$6198.74,
1/29/2024,827,Primary Checkings - 3102,GM Financial DES:GMF Pymt ID:XXXXX6521024 INDN:KENNETH MEAD CO ID:IXXXXX0781 PPD,-$540.99,$5657.75,
1/29/2024,828,Primary Checkings - 3102,CONSUMERS ENERGY DES:ENERGYBILL ID:XXXXX0126422 INDN:Kenneth Mead CO ID:XXXXX42310 WEB,-$80.12,$5577.63,
1/29/2024,829,Primary Checkings - 3102,KEEP THE CHANGE TRANSFER TO ACCT 9875 FOR 01/29/24,-$0.67,$5576.96,
2/1/2024,830,Primary Checkings - 3102,CITY OF FRASER UT 01/30 PURCHASE XXXXX16064 MI,-$94.36,$5482.60,
2/1/2024,831,Primary Checkings - 3102,UNITEDWHOLESALE DES:LOAN PAYMT ID:XXXXX64218 INDN:KENNETH MEAD CO ID:9DRAFTING WEB,-$1964.01,$3518.59,
2/1/2024,832,Primary Checkings - 3102,KEEP THE CHANGE TRANSFER TO ACCT 9875 FOR 02/01/24,-$0.64,$3517.95,
2/2/2024,833,Primary Checkings - 3102,UNIVERSALMGT0793 DES:PAYROLL ID:02093305 INDN:KENNETH MEAD CO ID:XXXXX3688A PPD,$1620.26,$5138.21,
2/2/2024,834,Primary Checkings - 3102,AMZN Mktp US*R26F 02/01 PURCHASE XXXXX61072 WA,-$128.20,$5010.01,
2/2/2024,835,Primary Checkings - 3102,BUFFALO WILD ECOM 02/01 PURCHASE XXXXX10591 MI,-$10.81,$4999.20,
2/2/2024,836,Primary Checkings - 3102,APPLE.COM/BILL 02/01 PURCHASE XXXXX27753 CA,-$10.59,$4988.61,
2/2/2024,837,Primary Checkings - 3102,TRANSFER KENNETH MEAD:Sarah Mead Confirmation# XXXXX23743,-$47.00,$4941.61,
2/2/2024,838,Primary Checkings - 3102,MULVEY GARDENS C DES:Assn Dues ID:42726842 INDN:Kenneth Mead CO ID:HOAPAYMENT WEB,-$200.00,$4741.61,
2/2/2024,839,Primary Checkings - 3102,Online scheduled transfer to CHK 7139 Confirmation# XXXXX58277,-$125.00,$4616.61,
2/2/2024,840,Primary Checkings - 3102,Online scheduled transfer to CHK 7139 Confirmation# XXXXX58278,-$125.00,$4491.61,
2/2/2024,841,Primary Checkings - 3102,Online scheduled transfer to SAV 9875 Confirmation# XXXXX58281,-$125.00,$4366.61,
2/2/2024,842,Primary Checkings - 3102,Online scheduled transfer to SAV 7344 Confirmation# XXXXX58280,-$50.00,$4316.61,
2/2/2024,843,Primary Checkings - 3102,Online scheduled transfer to CHK 7139 Confirmation# XXXXX58279,-$20.00,$4296.61,
2/2/2024,844,Primary Checkings - 3102,KEEP THE CHANGE TRANSFER TO ACCT 9875 FOR 02/02/24,-$1.40,$4295.21,
2/6/2024,845,Primary Checkings - 3102,COMCAST 8529101 DES:XXXXX5419 ID:6632813 INDN:KENNETH *MEAD CO ID:XXXXX13249 PPD,-$60.00,$4235.21,
2/9/2024,846,Primary Checkings - 3102,UNIVERSALMGT0793 DES:PAYROLL ID:02093305 INDN:KENNETH MEAD CO ID:XXXXX3688A PPD,$1620.25,$5855.46,
2/9/2024,847,Primary Checkings - 3102,Online scheduled transfer to CHK 7139 Confirmation# XXXXX63250,-$125.00,$5730.46,
2/9/2024,848,Primary Checkings - 3102,Online scheduled transfer to CHK 7139 Confirmation# XXXXX63251,-$125.00,$5605.46,
2/9/2024,849,Primary Checkings - 3102,Online scheduled transfer to SAV 9875 Confirmation# XXXXX63254,-$125.00,$5480.46,
2/9/2024,850,Primary Checkings - 3102,Online scheduled transfer to SAV 7344 Confirmation# XXXXX63253,-$50.00,$5430.46,
2/9/2024,851,Primary Checkings - 3102,Online scheduled transfer to CHK 7139 Confirmation# XXXXX63252,-$20.00,$5410.46,
2/12/2024,852,Primary Checkings - 3102,STEAMGAMES.COM 42 02/10 PURCHASE XXXXX99642 WA,-$50.00,$5360.46,
2/12/2024,853,Primary Checkings - 3102,DISCORD* NITROMON 02/09 PURCHASE XXXXX77815 CA,-$9.99,$5350.47,
2/12/2024,854,Primary Checkings - 3102,AMZN Mktp US*RB72 02/10 PURCHASE XXXXX61072 WA,-$24.03,$5326.44,
2/12/2024,855,Primary Checkings - 3102,KEEP THE CHANGE TRANSFER TO ACCT 9875 FOR 02/12/24,-$0.98,$5325.46,
2/14/2024,856,Primary Checkings - 3102,WL *STEAM PURCHAS 02/10 PURCHASE XXXXX22985 WA,-$5.00,$5320.46,
2/14/2024,857,Primary Checkings - 3102,WL *STEAM PURCHAS 02/10 PURCHASE XXXXX22985 WA,-$10.00,$5310.46,
2/15/2024,858,Primary Checkings - 3102,VENMO DES:PAYMENT ID:XXXXX24301333 INDN:KENNETH MEAD CO ID:XXXXX81992 WEB,-$27.00,$5283.46,
2/16/2024,859,Primary Checkings - 3102,UNIVERSALMGT0793 DES:PAYROLL ID:02093305 INDN:KENNETH MEAD CO ID:XXXXX3688A PPD,$1620.24,$6903.70,
2/16/2024,860,Primary Checkings - 3102,"GITHUB, INC. 02/15 PURCHASE XXXXX84820 CA",-$10.00,$6893.70,
2/16/2024,861,Primary Checkings - 3102,Online scheduled transfer to CHK 7139 Confirmation# XXXXX60493,-$125.00,$6768.70,
2/16/2024,862,Primary Checkings - 3102,Online scheduled transfer to CHK 7139 Confirmation# XXXXX60494,-$125.00,$6643.70,
2/16/2024,863,Primary Checkings - 3102,Online scheduled transfer to SAV 9875 Confirmation# XXXXX60497,-$125.00,$6518.70,
2/16/2024,864,Primary Checkings - 3102,Online scheduled transfer to SAV 7344 Confirmation# XXXXX60496,-$50.00,$6468.70,
2/16/2024,865,Primary Checkings - 3102,Online scheduled transfer to CHK 7139 Confirmation# XXXXX60495,-$20.00,$6448.70,
2/20/2024,866,Primary Checkings - 3102,Online Banking transfer from CHK 7139 Confirmation# XXXXX51040,$661.86,$7110.56,
2/20/2024,867,Primary Checkings - 3102,CITY OF FRASER UT 02/17 PURCHASE XXXXX16064 MI,-$77.96,$7032.60,
2/20/2024,868,Primary Checkings - 3102,APPLE.COM/BILL 02/17 PURCHASE XXXXX27753 CA,-$2.99,$7029.61,
2/20/2024,869,Primary Checkings - 3102,CCBill.com *Only 02/17 PURCHASE XXXXX69279 CA,-$10.00,$7019.61,
2/20/2024,870,Primary Checkings - 3102,SP RING USA 02/18 PURCHASE SANTA MONICA CA,-$84.79,$6934.82,
2/20/2024,871,Primary Checkings - 3102,PROG MARATHON DES:INS PREM ID:XXXXX1326 Kenne INDN:Kenneth Mead CO ID:XXXXX48088 WEB,-$1179.00,$5755.82,
2/20/2024,872,Primary Checkings - 3102,Bank of America Credit Card Bill Payment,-$661.86,$5093.96,
2/20/2024,873,Primary Checkings - 3102,VENMO DES:PAYMENT ID:XXXXX23851203 INDN:KENNETH MEAD CO ID:XXXXX81992 WEB,-$200.00,$4893.96,
2/20/2024,874,Primary Checkings - 3102,DTE Energy DES:XXXXX7474 ID: INDN:neth Mead Kenneth Mead CO ID:XXXXX20792 PPD,-$104.24,$4789.72,
2/20/2024,875,Primary Checkings - 3102,VENMO DES:PAYMENT ID:XXXXX21573524 INDN:KENNETH MEAD CO ID:XXXXX81992 WEB,-$30.00,$4759.72,
2/20/2024,876,Primary Checkings - 3102,KEEP THE CHANGE TRANSFER TO ACCT 9875 FOR 02/20/24,-$0.26,$4759.46,
2/21/2024,877,Primary Checkings - 3102,CRUNCHYROLL.COM 02/21 PURCHASE XXXXX63560 TX,-$9.99,$4749.47,
2/21/2024,878,Primary Checkings - 3102,VENMO DES:PAYMENT ID:XXXXX43803269 INDN:KENNETH MEAD CO ID:XXXXX81992 WEB,-$130.00,$4619.47,
2/21/2024,879,Primary Checkings - 3102,KEEP THE CHANGE TRANSFER TO ACCT 9875 FOR 02/21/24,-$0.01,$4619.46,
2/23/2024,880,Primary Checkings - 3102,UNIVERSALMGT0793 DES:PAYROLL ID:02093305 INDN:KENNETH MEAD CO ID:XXXXX3688A PPD,$1620.26,$6239.72,
2/23/2024,881,Primary Checkings - 3102,Online scheduled transfer to CHK 7139 Confirmation# XXXXX43947,-$125.00,$6114.72,
2/23/2024,882,Primary Checkings - 3102,Online scheduled transfer to CHK 7139 Confirmation# XXXXX43948,-$125.00,$5989.72,
2/23/2024,883,Primary Checkings - 3102,Online scheduled transfer to SAV 9875 Confirmation# XXXXX43951,-$125.00,$5864.72,
2/23/2024,884,Primary Checkings - 3102,Online scheduled transfer to SAV 7344 Confirmation# XXXXX43950,-$50.00,$5814.72,
2/23/2024,885,Primary Checkings - 3102,Online scheduled transfer to CHK 7139 Confirmation# XXXXX43949,-$20.00,$5794.72,
2/26/2024,886,Primary Checkings - 3102,VENMO DES:PAYMENT ID:XXXXX56029416 INDN:KENNETH MEAD CO ID:XXXXX81992 WEB,-$50.00,$5744.72,
2/26/2024,887,Primary Checkings - 3102,VENMO DES:PAYMENT ID:XXXXX38603402 INDN:KENNETH MEAD CO ID:XXXXX81992 WEB,-$45.00,$5699.72,
2/27/2024,888,Primary Checkings - 3102,PETS BEST INSURAN 02/26 PURCHASE XXXXX87237 NC,-$26.47,$5673.25,
2/27/2024,889,Primary Checkings - 3102,GM Financial DES:GMF Pymt ID:XXXXX6521024 INDN:KENNETH MEAD CO ID:IXXXXX0781 PPD,-$540.99,$5132.26,
2/27/2024,890,Primary Checkings - 3102,DEPT EDUCATION DES:STUDENT LN ID:0000 INDN:KENNETH J MEAD CO ID:XXXXX01303 PPD,-$260.38,$4871.88,
2/27/2024,891,Primary Checkings - 3102,CONSUMERS ENERGY DES:ENERGYBILL ID:XXXXX0126422 INDN:Kenneth Mead CO ID:XXXXX42310 WEB,-$95.50,$4776.38,
2/27/2024,892,Primary Checkings - 3102,KEEP THE CHANGE TRANSFER TO ACCT 9875 FOR 02/27/24,-$0.53,$4775.85,
2/29/2024,893,Primary Checkings - 3102,AMZN Mktp US*RZ1X 02/28 PURCHASE XXXXX61072 WA,-$29.36,$4746.49,
2/29/2024,894,Primary Checkings - 3102,KEEP THE CHANGE TRANSFER TO ACCT 9875 FOR 02/29/24,-$0.64,$4745.85,
3/1/2024,895,Primary Checkings - 3102,UNIVERSALMGT0793 DES:PAYROLL ID:02093305 INDN:KENNETH MEAD CO ID:XXXXX3688A PPD,$1620.25,$6366.10,
3/1/2024,896,Primary Checkings - 3102,TRANSFER KENNETH MEAD:Sarah Mead Confirmation# XXXXX43054,-$47.00,$6319.10,
3/1/2024,897,Primary Checkings - 3102,UNITEDWHOLESALE DES:LOAN PAYMT ID:XXXXX64218 INDN:KENNETH MEAD CO ID:9DRAFTING WEB,-$1964.01,$4355.09,
3/1/2024,898,Primary Checkings - 3102,Online scheduled transfer to CHK 7139 Confirmation# XXXXX42560,-$125.00,$4230.09,
3/1/2024,899,Primary Checkings - 3102,Online scheduled transfer to CHK 7139 Confirmation# XXXXX42561,-$125.00,$4105.09,
3/1/2024,900,Primary Checkings - 3102,Online scheduled transfer to SAV 9875 Confirmation# XXXXX42564,-$125.00,$3980.09,
3/1/2024,901,Primary Checkings - 3102,Online scheduled transfer to SAV 7344 Confirmation# XXXXX42563,-$50.00,$3930.09,
3/1/2024,902,Primary Checkings - 3102,Online scheduled transfer to CHK 7139 Confirmation# XXXXX42562,-$20.00,$3910.09,
3/4/2024,903,Primary Checkings - 3102,BUFFALO WILD ECOM 02/29 PURCHASE XXXXX10591 MI,-$24.68,$3885.41,
3/4/2024,904,Primary Checkings - 3102,MULVEY GARDENS C DES:Assn Dues ID:43456046 INDN:Kenneth Mead CO ID:HOAPAYMENT WEB,-$200.00,$3685.41,
3/4/2024,905,Primary Checkings - 3102,KEEP THE CHANGE TRANSFER TO ACCT 9875 FOR 03/04/24,-$0.32,$3685.09,
3/6/2024,906,Primary Checkings - 3102,AMZN Mktp US*RN4J 03/05 PURCHASE XXXXX61072 WA,-$27.55,$3657.54,
3/6/2024,907,Primary Checkings - 3102,KEEP THE CHANGE TRANSFER TO ACCT 9875 FOR 03/06/24,-$0.45,$3657.09,
3/7/2024,908,Primary Checkings - 3102,WWW.DAY2EVENTS.CO 03/06 PURCHASE LOVES PARK IL,-$69.55,$3587.54,
3/7/2024,909,Primary Checkings - 3102,KEEP THE CHANGE TRANSFER TO ACCT 9875 FOR 03/07/24,-$0.45,$3587.09,
3/8/2024,910,Primary Checkings - 3102,UNIVERSALMGT0793 DES:PAYROLL ID:02093305 INDN:KENNETH MEAD CO ID:XXXXX3688A PPD,$1620.25,$5207.34,
3/8/2024,911,Primary Checkings - 3102,Online scheduled transfer to CHK 7139 Confirmation# XXXXX28274,-$125.00,$5082.34,
3/8/2024,912,Primary Checkings - 3102,Online scheduled transfer to CHK 7139 Confirmation# XXXXX28275,-$125.00,$4957.34,
3/8/2024,913,Primary Checkings - 3102,Online scheduled transfer to SAV 9875 Confirmation# XXXXX28278,-$125.00,$4832.34,
3/8/2024,914,Primary Checkings - 3102,Online scheduled transfer to SAV 7344 Confirmation# XXXXX28277,-$50.00,$4782.34,
3/8/2024,915,Primary Checkings - 3102,Online scheduled transfer to CHK 7139 Confirmation# XXXXX28276,-$20.00,$4762.34,
3/11/2024,916,Primary Checkings - 3102,AMZN Mktp US*RN9W 03/08 PURCHASE XXXXX61072 WA,-$26.49,$4735.85,
3/11/2024,917,Primary Checkings - 3102,DISCORD* NITROMON 03/09 PURCHASE XXXXX77815 CA,-$9.99,$4725.86,
3/11/2024,918,Primary Checkings - 3102,KEEP THE CHANGE TRANSFER TO ACCT 9875 FOR 03/11/24,-$0.52,$4725.34,
3/12/2024,919,Primary Checkings - 3102,"ETSY, INC. DES:PAYOUT ID:etsy INDN:Kenneth Mead CO ID:XXXXX12331 PPD PMT INFO:TRN*1*etsy**3RZELL628FVSK9XM\RMR*IK*etsy .com\",$39.57,$4764.91,
3/12/2024,920,Primary Checkings - 3102,AMZN Mktp US*RN7D 03/11 PURCHASE XXXXX61072 WA,-$31.79,$4733.12,
3/12/2024,921,Primary Checkings - 3102,KEEP THE CHANGE TRANSFER TO ACCT 9875 FOR 03/12/24,-$0.21,$4732.91,
3/13/2024,922,Primary Checkings - 3102,STEAMGAMES.COM 42 03/12 PURCHASE XXXXX99642 WA,-$2.31,$4730.60,
3/13/2024,923,Primary Checkings - 3102,SP BAMBULAB.US 03/12 PURCHASE AUSTIN TX,-$57.23,$4673.37,
3/13/2024,924,Primary Checkings - 3102,KEEP THE CHANGE TRANSFER TO ACCT 9875 FOR 03/13/24,-$1.46,$4671.91,
3/15/2024,925,Primary Checkings - 3102,UNIVERSALMGT0793 DES:PAYROLL ID:02093305 INDN:KENNETH MEAD CO ID:XXXXX3688A PPD,$1620.25,$6292.16,
3/15/2024,926,Primary Checkings - 3102,AMZN Mktp US*RN38 03/14 PURCHASE XXXXX61072 WA,-$10.59,$6281.57,
3/15/2024,927,Primary Checkings - 3102,Online scheduled transfer to CHK 7139 Confirmation# XXXXX98464,-$125.00,$6156.57,
3/15/2024,928,Primary Checkings - 3102,Online scheduled transfer to CHK 7139 Confirmation# XXXXX98465,-$125.00,$6031.57,
3/15/2024,929,Primary Checkings - 3102,Online scheduled transfer to SAV 9875 Confirmation# XXXXX98468,-$125.00,$5906.57,
3/15/2024,930,Primary Checkings - 3102,Online scheduled transfer to SAV 7344 Confirmation# XXXXX98467,-$50.00,$5856.57,
3/15/2024,931,Primary Checkings - 3102,Online scheduled transfer to CHK 7139 Confirmation# XXXXX98466,-$20.00,$5836.57,
3/15/2024,932,Primary Checkings - 3102,KEEP THE CHANGE TRANSFER TO ACCT 9875 FOR 03/15/24,-$0.41,$5836.16,
3/18/2024,933,Primary Checkings - 3102,Online Banking transfer from CHK 7139 Confirmation# XXXXX57881,$1143.00,$6979.16,
3/18/2024,934,Primary Checkings - 3102,"GITHUB, INC. 03/15 PURCHASE XXXXX84820 CA",-$10.00,$6969.16,
3/18/2024,935,Primary Checkings - 3102,AMZN Mktp US*RH1A 03/16 PURCHASE XXXXX61072 WA,-$26.47,$6942.69,
3/18/2024,936,Primary Checkings - 3102,Bank of America Credit Card Bill Payment,-$1142.79,$5799.90,
3/18/2024,937,Primary Checkings - 3102,KEEP THE CHANGE TRANSFER TO ACCT 9875 FOR 03/18/24,-$0.53,$5799.37,
3/19/2024,938,Primary Checkings - 3102,APPLE.COM/BILL 03/17 PURCHASE XXXXX27753 CA,-$2.99,$5796.38,
3/19/2024,939,Primary Checkings - 3102,KEEP THE CHANGE TRANSFER TO ACCT 9875 FOR 03/19/24,-$0.01,$5796.37,
3/20/2024,940,Primary Checkings - 3102,CULTS3D.COM 03/19 PURCHASE BRIVE LA GAIL 00,-$1.40,$5794.97,
3/20/2024,941,Primary Checkings - 3102,DTE Energy DES:XXXXX7474 ID: INDN:neth Mead Kenneth Mead CO ID:XXXXX20792 PPD,-$73.98,$5720.99,
3/20/2024,942,Primary Checkings - 3102,KEEP THE CHANGE TRANSFER TO ACCT 9875 FOR 03/20/24,-$0.60,$5720.39,
3/21/2024,943,Primary Checkings - 3102,CCBill.com *Only 03/17 PURCHASE XXXXX69279 CA,-$10.00,$5710.39,
3/21/2024,944,Primary Checkings - 3102,CRUNCHYROLL.COM 03/20 PURCHASE XXXXX63560 TX,-$9.99,$5700.40,
3/21/2024,945,Primary Checkings - 3102,KEEP THE CHANGE TRANSFER TO ACCT 9875 FOR 03/21/24,-$0.01,$5700.39,
3/22/2024,946,Primary Checkings - 3102,UNIVERSALMGT0793 DES:PAYROLL ID:02093305 INDN:KENNETH MEAD CO ID:XXXXX3688A PPD,$1620.25,$7320.64,
3/22/2024,947,Primary Checkings - 3102,Online scheduled transfer to CHK 7139 Confirmation# XXXXX32392,-$125.00,$7195.64,
3/22/2024,948,Primary Checkings - 3102,Online scheduled transfer to CHK 7139 Confirmation# XXXXX32393,-$125.00,$7070.64,
3/22/2024,949,Primary Checkings - 3102,Online scheduled transfer to SAV 9875 Confirmation# XXXXX32396,-$125.00,$6945.64,
3/22/2024,950,Primary Checkings - 3102,Online scheduled transfer to SAV 7344 Confirmation# XXXXX32395,-$50.00,$6895.64,
3/22/2024,951,Primary Checkings - 3102,Online scheduled transfer to CHK 7139 Confirmation# XXXXX32394,-$20.00,$6875.64,
3/25/2024,952,Primary Checkings - 3102,BKOFAMERICA MOBILE 03/23 XXXXX74515 DEPOSIT *MOBILE MI,$10.00,$6885.64,
3/25/2024,953,Primary Checkings - 3102,CCBill.com *Only 03/20 PURCHASE XXXXX69279 CA,-$4.00,$6881.64,
3/25/2024,954,Primary Checkings - 3102,AMZN Mktp US*RA3K 03/21 PURCHASE XXXXX61072 WA,-$104.80,$6776.84,
3/25/2024,955,Primary Checkings - 3102,CULTS3D.COM 03/23 PURCHASE BRIVE LA GAIL 00,-$2.00,$6774.84,
3/25/2024,956,Primary Checkings - 3102,KEEP THE CHANGE TRANSFER TO ACCT 9875 FOR 03/25/24,-$0.20,$6774.64,
3/26/2024,957,Primary Checkings - 3102,WF WAYFAIR4238560 03/24 PURCHASE XXXXX38325 MA,-$943.39,$5831.25,
3/26/2024,958,Primary Checkings - 3102,DEPT EDUCATION DES:STUDENT LN ID:0000 INDN:KENNETH MEAD CO ID:XXXXX02505 PPD,-$260.38,$5570.87,
3/26/2024,959,Primary Checkings - 3102,KEEP THE CHANGE TRANSFER TO ACCT 9875 FOR 03/26/24,-$0.61,$5570.26,
3/27/2024,960,Primary Checkings - 3102,PETS BEST INSURAN 03/26 PURCHASE XXXXX87237 NC,-$26.47,$5543.79,
3/27/2024,961,Primary Checkings - 3102,GM Financial DES:GMF Pymt ID:XXXXX6521024 INDN:KENNETH MEAD CO ID:IXXXXX0781 PPD,-$540.99,$5002.80,
3/27/2024,962,Primary Checkings - 3102,CONSUMERS ENERGY DES:ENERGYBILL ID:XXXXX0126422 INDN:Kenneth Mead CO ID:XXXXX42310 WEB,-$83.95,$4918.85,
3/27/2024,963,Primary Checkings - 3102,KEEP THE CHANGE TRANSFER TO ACCT 9875 FOR 03/27/24,-$0.53,$4918.32,
3/28/2024,964,Primary Checkings - 3102,Bank of America Credit Card Bill Payment,-$637.98,$4280.34,
3/29/2024,965,Primary Checkings - 3102,UNIVERSALMGT0793 DES:PAYROLL ID:02093305 INDN:KENNETH MEAD CO ID:XXXXX3688A PPD,$1620.25,$5900.59,
3/29/2024,966,Primary Checkings - 3102,Online scheduled transfer to CHK 7139 Confirmation# XXXXX91857,-$125.00,$5775.59,
3/29/2024,967,Primary Checkings - 3102,Online scheduled transfer to CHK 7139 Confirmation# XXXXX91858,-$125.00,$5650.59,
3/29/2024,968,Primary Checkings - 3102,Online scheduled transfer to SAV 9875 Confirmation# XXXXX91861,-$125.00,$5525.59,
3/29/2024,969,Primary Checkings - 3102,Online scheduled transfer to SAV 7344 Confirmation# XXXXX91860,-$50.00,$5475.59,
3/29/2024,970,Primary Checkings - 3102,Online scheduled transfer to CHK 7139 Confirmation# XXXXX91859,-$20.00,$5455.59,
4/1/2024,971,Primary Checkings - 3102,CITY OF FRASER UT 03/30 PURCHASE XXXXX16064 MI,-$99.00,$5356.59,
4/1/2024,972,Primary Checkings - 3102,UNITEDWHOLESALE DES:LOAN PAYMT ID:XXXXX64218 INDN:KENNETH MEAD CO ID:9DRAFTING WEB,-$1964.01,$3392.58,
4/2/2024,973,Primary Checkings - 3102,"ETSY, INC. DES:PAYOUT ID:etsy INDN:Kenneth Mead CO ID:XXXXX12331 PPD PMT INFO:TRN*1*etsy**3S7Z8Q62GRNL51Y0\RMR*IK*etsy .com\",$6.62,$3399.20,
4/2/2024,974,Primary Checkings - 3102,POTOWNSTORE.COM 04/01 PURCHASE SMARJE - SAP 00,-$23.50,$3375.70,
4/2/2024,975,Primary Checkings - 3102,TRANSFER KENNETH MEAD:Sarah Mead Confirmation# XXXXX97434,-$47.00,$3328.70,
4/2/2024,976,Primary Checkings - 3102,MULVEY GARDENS C DES:Assn Dues ID:44233086 INDN:Kenneth Mead CO ID:HOAPAYMENT WEB,-$200.00,$3128.70,
4/2/2024,977,Primary Checkings - 3102,KEEP THE CHANGE TRANSFER TO ACCT 9875 FOR 04/02/24,-$0.50,$3128.20,
4/5/2024,978,Primary Checkings - 3102,UNIVERSALMGT0793 DES:PAYROLL ID:02093305 INDN:KENNETH MEAD CO ID:XXXXX3688A PPD,$1620.25,$4748.45,
4/5/2024,979,Primary Checkings - 3102,Online scheduled transfer to CHK 7139 Confirmation# XXXXX25987,-$125.00,$4623.45,
4/5/2024,980,Primary Checkings - 3102,Online scheduled transfer to CHK 7139 Confirmation# XXXXX25988,-$125.00,$4498.45,
4/5/2024,981,Primary Checkings - 3102,Online scheduled transfer to SAV 9875 Confirmation# XXXXX25991,-$125.00,$4373.45,
4/5/2024,982,Primary Checkings - 3102,Online scheduled transfer to SAV 7344 Confirmation# XXXXX25990,-$50.00,$4323.45,
4/5/2024,983,Primary Checkings - 3102,Online scheduled transfer to CHK 7139 Confirmation# XXXXX25989,-$20.00,$4303.45,
4/9/2024,984,Primary Checkings - 3102,Online Banking transfer from SAV 9875 Confirmation# XXXXX83924,$3290.00,$7593.45,
4/9/2024,985,Primary Checkings - 3102,Online Banking transfer from SAV 7344 Confirmation# XXXXX80491,$1050.00,$8643.45,
4/9/2024,986,Primary Checkings - 3102,Online Banking transfer to SAV 9875 Confirmation# XXXXX89179,-$300.00,$8343.45,
4/10/2024,987,Primary Checkings - 3102,WL *STEAM PURCHAS 04/07 PURCHASE XXXXX22985 WA,-$8.47,$8334.98,
4/10/2024,988,Primary Checkings - 3102,AMZN Mktp US*4X4J 04/09 PURCHASE XXXXX61072 WA,-$18.00,$8316.98,
4/10/2024,989,Primary Checkings - 3102,DISCORD* NITROMON 04/09 PURCHASE XXXXX77815 CA,-$9.99,$8306.99,
4/10/2024,990,Primary Checkings - 3102,KEEP THE CHANGE TRANSFER TO ACCT 9875 FOR 04/10/24,-$0.54,$8306.45,
4/11/2024,991,Primary Checkings - 3102,FREETAXUSA.COM 04/09 PURCHASE XXXXX99027 UT,-$14.99,$8291.46,
4/11/2024,992,Primary Checkings - 3102,IRS DES:USATAXPYMT ID:XXXXXXXXXX96995 INDN:KENNETH MEAD CO ID:XXXXX02000 PPD,-$5627.00,$2664.46,
4/11/2024,993,Primary Checkings - 3102,KEEP THE CHANGE TRANSFER TO ACCT 9875 FOR 04/11/24,-$0.01,$2664.45,
4/12/2024,994,Primary Checkings - 3102,UNIVERSALMGT0793 DES:PAYROLL ID:02093305 INDN:KENNETH MEAD CO ID:XXXXX3688A PPD,$1620.26,$4284.71,
4/12/2024,995,Primary Checkings - 3102,Online scheduled transfer to CHK 7139 Confirmation# XXXXX47467,-$125.00,$4159.71,
4/12/2024,996,Primary Checkings - 3102,Online scheduled transfer to CHK 7139 Confirmation# XXXXX47468,-$125.00,$4034.71,
4/12/2024,997,Primary Checkings - 3102,Online scheduled transfer to SAV 9875 Confirmation# XXXXX47471,-$125.00,$3909.71,
4/12/2024,998,Primary Checkings - 3102,Online scheduled transfer to SAV 7344 Confirmation# XXXXX47470,-$50.00,$3859.71,
4/12/2024,999,Primary Checkings - 3102,Online scheduled transfer to CHK 7139 Confirmation# XXXXX47469,-$20.00,$3839.71,
4/16/2024,1000,Primary Checkings - 3102,BKOFAMERICA MOBILE 04/16 XXXXX43755 DEPOSIT *MOBILE MI,$94.40,$3934.11,
4/16/2024,1001,Primary Checkings - 3102,ETSY INC DES:DEPOSIT ID:XXXXX0639 INDN:KENNETH MEAD CO ID:XXXXX98921 PPD,$21.13,$3955.24,
4/16/2024,1002,Primary Checkings - 3102,"GITHUB, INC. 04/15 PURCHASE XXXXX84820 CA",-$10.00,$3945.24,
4/17/2024,1003,Primary Checkings - 3102,AMZN Mktp US*4G7O 04/15 PURCHASE XXXXX61072 WA,-$26.49,$3918.75,
4/17/2024,1004,Primary Checkings - 3102,APPLE.COM/BILL 04/17 PURCHASE XXXXX27753 CA,-$2.99,$3915.76,
4/17/2024,1005,Primary Checkings - 3102,KEEP THE CHANGE TRANSFER TO ACCT 9875 FOR 04/17/24,-$0.52,$3915.24,
4/18/2024,1006,Primary Checkings - 3102,DTE Energy DES:XXXXX7474 ID: INDN:neth Mead Kenneth Mead CO ID:XXXXX20792 PPD,-$69.28,$3845.96,
4/19/2024,1007,Primary Checkings - 3102,UNIVERSALMGT0793 DES:PAYROLL ID:02093305 INDN:KENNETH MEAD CO ID:XXXXX3688A PPD,$1620.24,$5466.20,
4/19/2024,1008,Primary Checkings - 3102,Online scheduled transfer to CHK 7139 Confirmation# XXXXX36434,-$125.00,$5341.20,
4/19/2024,1009,Primary Checkings - 3102,Online scheduled transfer to CHK 7139 Confirmation# XXXXX36435,-$125.00,$5216.20,
4/19/2024,1010,Primary Checkings - 3102,Online scheduled transfer to SAV 9875 Confirmation# XXXXX36438,-$125.00,$5091.20,
4/19/2024,1011,Primary Checkings - 3102,Online scheduled transfer to SAV 7344 Confirmation# XXXXX36437,-$50.00,$5041.20,
4/19/2024,1012,Primary Checkings - 3102,Online scheduled transfer to CHK 7139 Confirmation# XXXXX36436,-$20.00,$5021.20,
4/22/2024,1013,Primary Checkings - 3102,STATEOFMICHIGAN DES:PMT/REFUND ID:XXXXXXXXXX78372 INDN:MEAD KENNETH CO ID:014-INCTAX PPD,$391.00,$5412.20,
4/22/2024,1014,Primary Checkings - 3102,BKOFAMERICA MOBILE 04/21 XXXXX39910 DEPOSIT *MOBILE MI,$242.50,$5654.70,
4/22/2024,1015,Primary Checkings - 3102,AMZN Mktp US*N59E 04/19 PURCHASE XXXXX61072 WA,-$31.79,$5622.91,
4/22/2024,1016,Primary Checkings - 3102,CCBill.com *Only 04/20 PURCHASE XXXXX69279 CA,-$20.00,$5602.91,
4/22/2024,1017,Primary Checkings - 3102,CRUNCHYROLL.COM 04/20 PURCHASE XXXXX63560 TX,-$9.99,$5592.92,
4/22/2024,1018,Primary Checkings - 3102,Amazon.com*I36A94 04/21 PURCHASE Amzn.com/bill WA,-$16.74,$5576.18,
4/22/2024,1019,Primary Checkings - 3102,KEEP THE CHANGE TRANSFER TO ACCT 9875 FOR 04/22/24,-$0.48,$5575.70,
4/24/2024,1020,Primary Checkings - 3102,WL *STEAM PURCHAS 04/21 PURCHASE XXXXX22985 WA,-$23.84,$5551.86,
4/24/2024,1021,Primary Checkings - 3102,KEEP THE CHANGE TRANSFER TO ACCT 9875 FOR 04/24/24,-$0.16,$5551.70,
4/25/2024,1022,Primary Checkings - 3102,WL *STEAM PURCHAS 04/21 PURCHASE XXXXX22985 WA,-$7.42,$5544.28,
4/25/2024,1023,Primary Checkings - 3102,KEEP THE CHANGE TRANSFER TO ACCT 9875 FOR 04/25/24,-$0.58,$5543.70,
4/26/2024,1024,Primary Checkings - 3102,UNIVERSALMGT0793 DES:PAYROLL ID:02093305 INDN:KENNETH MEAD CO ID:XXXXX3688A PPD,$1367.29,$6910.99,
4/26/2024,1025,Primary Checkings - 3102,DEPT EDUCATION DES:STUDENT LN ID:0000 INDN:KENNETH MEAD CO ID:XXXXX02505 PPD,-$260.38,$6650.61,
4/26/2024,1026,Primary Checkings - 3102,Online scheduled transfer to CHK 7139 Confirmation# XXXXX26255,-$125.00,$6525.61,
4/26/2024,1027,Primary Checkings - 3102,Online scheduled transfer to CHK 7139 Confirmation# XXXXX26256,-$125.00,$6400.61,
4/26/2024,1028,Primary Checkings - 3102,Online scheduled transfer to SAV 9875 Confirmation# XXXXX26259,-$125.00,$6275.61,
4/26/2024,1029,Primary Checkings - 3102,CONSUMERS ENERGY DES:ENERGYBILL ID:XXXXX0126422 INDN:Kenneth Mead CO ID:XXXXX42310 WEB,-$75.68,$6199.93,
4/26/2024,1030,Primary Checkings - 3102,Online scheduled transfer to SAV 7344 Confirmation# XXXXX26258,-$50.00,$6149.93,
4/26/2024,1031,Primary Checkings - 3102,Online scheduled transfer to CHK 7139 Confirmation# XXXXX26257,-$20.00,$6129.93,
4/29/2024,1032,Primary Checkings - 3102,PETS BEST INSURAN 04/26 PURCHASE XXXXX87237 NC,-$26.47,$6103.46,
4/29/2024,1033,Primary Checkings - 3102,GM Financial DES:GMF Pymt ID:XXXXX6521024 INDN:KENNETH MEAD CO ID:IXXXXX0781 PPD,-$540.99,$5562.47,
4/29/2024,1034,Primary Checkings - 3102,KEEP THE CHANGE TRANSFER TO ACCT 9875 FOR 04/29/24,-$0.53,$5561.94,
4/30/2024,1035,Primary Checkings - 3102,"ETSY, INC. DES:PAYOUT ID:etsy INDN:Kenneth Mead CO ID:XXXXX12331 PPD PMT INFO:TRN*1*etsy**4VXM1562RVGCK83E\RMR*IK*etsy .com\",$8.17,$5570.11,
4/30/2024,1036,Primary Checkings - 3102,SQUARESPACE 12668 04/30 PURCHASE XXXXX03456 NY,-$70.00,$5500.11,
5/2/2024,1037,Primary Checkings - 3102,TRANSFER KENNETH MEAD:Sarah Mead Confirmation# XXXXX91902,-$47.00,$5453.11,
5/2/2024,1038,Primary Checkings - 3102,MULVEY GARDENS C DES:Assn Dues ID:45116313 INDN:Kenneth Mead CO ID:HOAPAYMENT WEB,-$200.00,$5253.11,
5/3/2024,1039,Primary Checkings - 3102,UNIVERSALMGT0793 DES:PAYROLL ID:02093305 INDN:KENNETH MEAD CO ID:XXXXX3688A PPD,$1367.30,$6620.41,
5/3/2024,1040,Primary Checkings - 3102,Online scheduled transfer to CHK 7139 Confirmation# XXXXX45007,-$125.00,$6495.41,
5/3/2024,1041,Primary Checkings - 3102,Online scheduled transfer to CHK 7139 Confirmation# XXXXX45008,-$125.00,$6370.41,
5/3/2024,1042,Primary Checkings - 3102,Online scheduled transfer to SAV 9875 Confirmation# XXXXX45011,-$125.00,$6245.41,
5/3/2024,1043,Primary Checkings - 3102,Online scheduled transfer to SAV 7344 Confirmation# XXXXX45010,-$50.00,$6195.41,
5/3/2024,1044,Primary Checkings - 3102,Online scheduled transfer to CHK 7139 Confirmation# XXXXX45009,-$20.00,$6175.41,
5/6/2024,1045,Primary Checkings - 3102,HOTELSCOM72054915 05/03 PURCHASE XXXXX30071 WA,-$261.15,$5914.26,
5/6/2024,1046,Primary Checkings - 3102,VENMO DES:PAYMENT ID:XXXXX99636943 INDN:KENNETH MEAD CO ID:XXXXX81992 WEB,-$220.00,$5694.26,
5/6/2024,1047,Primary Checkings - 3102,KEEP THE CHANGE TRANSFER TO ACCT 9875 FOR 05/06/24,-$0.85,$5693.41,
5/9/2024,1048,Primary Checkings - 3102,CULTS3D.COM 05/08 PURCHASE BRIVE LA GAIL 00,-$10.00,$5683.41,
5/9/2024,1049,Primary Checkings - 3102,AMZN Mktp US*OP4W 05/08 PURCHASE XXXXX61072 WA,-$26.49,$5656.92,
5/9/2024,1050,Primary Checkings - 3102,NSM DBAMR.COOPER DES:NSM DBAMR ID:5586346 INDN:KENNETH *MEAD CO ID:XXXXX52701 WEB,-$1964.01,$3692.91,
5/9/2024,1051,Primary Checkings - 3102,VENMO DES:PAYMENT ID:XXXXX80169493 INDN:KENNETH MEAD CO ID:XXXXX81992 WEB,-$120.00,$3572.91,
5/9/2024,1052,Primary Checkings - 3102,KEEP THE CHANGE TRANSFER TO ACCT 9875 FOR 05/09/24,-$0.51,$3572.40,
5/10/2024,1053,Primary Checkings - 3102,UNIVERSALMGT0793 DES:PAYROLL ID:02093305 INDN:KENNETH MEAD CO ID:XXXXX3688A PPD,$1367.28,$4939.68,
5/10/2024,1054,Primary Checkings - 3102,DISCORD* NITROMON 05/09 PURCHASE XXXXX40085 CA,-$9.99,$4929.69,
5/10/2024,1055,Primary Checkings - 3102,Online scheduled transfer to CHK 7139 Confirmation# XXXXX02113,-$125.00,$4804.69,
5/10/2024,1056,Primary Checkings - 3102,Online scheduled transfer to CHK 7139 Confirmation# XXXXX02114,-$125.00,$4679.69,
5/10/2024,1057,Primary Checkings - 3102,Online scheduled transfer to SAV 9875 Confirmation# XXXXX02117,-$125.00,$4554.69,
5/10/2024,1058,Primary Checkings - 3102,Online scheduled transfer to SAV 7344 Confirmation# XXXXX02116,-$50.00,$4504.69,
5/10/2024,1059,Primary Checkings - 3102,Online scheduled transfer to CHK 7139 Confirmation# XXXXX02115,-$20.00,$4484.69,
5/10/2024,1060,Primary Checkings - 3102,KEEP THE CHANGE TRANSFER TO ACCT 9875 FOR 05/10/24,-$0.01,$4484.68,
5/13/2024,1061,Primary Checkings - 3102,AMZN Mktp US*W318 05/11 PURCHASE XXXXX61072 WA,-$8.47,$4476.21,
5/13/2024,1062,Primary Checkings - 3102,KEEP THE CHANGE TRANSFER TO ACCT 9875 FOR 05/13/24,-$0.53,$4475.68,
5/14/2024,1063,Primary Checkings - 3102,"ETSY, INC. DES:PAYOUT ID:etsy INDN:Kenneth Mead CO ID:XXXXX12331 PPD PMT INFO:TRN*1*etsy**4VXM2Z62XFCWIM4X\RMR*IK*etsy .com\",$8.16,$4483.84,
5/15/2024,1064,Primary Checkings - 3102,AMZN Mktp US*ET8X 05/14 PURCHASE XXXXX61072 WA,-$18.88,$4464.96,
5/15/2024,1065,Primary Checkings - 3102,KEEP THE CHANGE TRANSFER TO ACCT 9875 FOR 05/15/24,-$0.12,$4464.84,
5/16/2024,1066,Primary Checkings - 3102,"GITHUB, INC. 05/15 PURCHASE XXXXX84820 CA",-$10.00,$4454.84,
5/17/2024,1067,Primary Checkings - 3102,UNIVERSALMGT0793 DES:PAYROLL ID:02093305 INDN:KENNETH MEAD CO ID:XXXXX3688A PPD,$1367.30,$5822.14,
5/17/2024,1068,Primary Checkings - 3102,CHIPOTLE ONLINE 05/16 PURCHASE XXXXX44000 CA,-$30.00,$5792.14,
5/17/2024,1069,Primary Checkings - 3102,Online scheduled transfer to CHK 7139 Confirmation# XXXXX18127,-$125.00,$5667.14,
5/17/2024,1070,Primary Checkings - 3102,Online scheduled transfer to CHK 7139 Confirmation# XXXXX18128,-$125.00,$5542.14,
5/17/2024,1071,Primary Checkings - 3102,Online scheduled transfer to SAV 9875 Confirmation# XXXXX18131,-$125.00,$5417.14,
5/17/2024,1072,Primary Checkings - 3102,Online scheduled transfer to SAV 7344 Confirmation# XXXXX18130,-$50.00,$5367.14,
5/17/2024,1073,Primary Checkings - 3102,Online scheduled transfer to CHK 7139 Confirmation# XXXXX18129,-$20.00,$5347.14,
5/20/2024,1074,Primary Checkings - 3102,Online Banking transfer from CHK 7139 Confirmation# XXXXX76864,$360.00,$5707.14,
5/20/2024,1075,Primary Checkings - 3102,APPLE.COM/BILL 05/17 PURCHASE XXXXX27753 CA,-$2.99,$5704.15,
5/20/2024,1076,Primary Checkings - 3102,SP MADEINCOOKWARE 05/17 PURCHASE AUSTIN TX,-$115.54,$5588.61,
5/20/2024,1077,Primary Checkings - 3102,SQ *KURA REVOLVIN 05/18 PURCHASE XXXXX74551 MI,-$89.25,$5499.36,
5/20/2024,1078,Primary Checkings - 3102,AMZN Mktp US*AP3G 05/19 PURCHASE XXXXX61072 WA,-$16.95,$5482.41,
5/20/2024,1079,Primary Checkings - 3102,Online Banking transfer to CHK 7139 Confirmation# XXXXX64487,-$180.00,$5302.41,
5/20/2024,1080,Primary Checkings - 3102,DTE Energy DES:XXXXX7474 ID: INDN:neth Mead Kenneth Mead CO ID:XXXXX20792 PPD,-$55.84,$5246.57,
5/20/2024,1081,Primary Checkings - 3102,KEEP THE CHANGE TRANSFER TO ACCT 9875 FOR 05/20/24,-$1.27,$5245.30,
5/21/2024,1082,Primary Checkings - 3102,STEAMGAMES.COM 42 05/20 PURCHASE XXXXX99642 WA,-$24.30,$5221.00,
5/21/2024,1083,Primary Checkings - 3102,AMAZON.COM*FE8 05/20 PURCHASE SEATTLE WA,-$169.58,$5051.42,
5/21/2024,1084,Primary Checkings - 3102,KEEP THE CHANGE TRANSFER TO ACCT 9875 FOR 05/21/24,-$1.12,$5050.30,
5/22/2024,1085,Primary Checkings - 3102,CRUNCHYROLL.COM 05/21 PURCHASE XXXXX63560 TX,-$9.99,$5040.31,
5/22/2024,1086,Primary Checkings - 3102,KEEP THE CHANGE TRANSFER TO ACCT 9875 FOR 05/22/24,-$0.01,$5040.30,
5/23/2024,1087,Primary Checkings - 3102,CCBill.com *Only 05/20 PURCHASE XXXXX69279 CA,-$20.00,$5020.30,
5/24/2024,1088,Primary Checkings - 3102,UNIVERSALMGT0793 DES:PAYROLL ID:02093305 INDN:KENNETH MEAD CO ID:XXXXX3688A PPD,$1367.28,$6387.58,
5/24/2024,1089,Primary Checkings - 3102,Online scheduled transfer to CHK 7139 Confirmation# XXXXX96252,-$125.00,$6262.58,
5/24/2024,1090,Primary Checkings - 3102,Online scheduled transfer to CHK 7139 Confirmation# XXXXX96253,-$125.00,$6137.58,
5/24/2024,1091,Primary Checkings - 3102,Online scheduled transfer to SAV 9875 Confirmation# XXXXX96256,-$125.00,$6012.58,
5/24/2024,1092,Primary Checkings - 3102,Online scheduled transfer to SAV 7344 Confirmation# XXXXX96255,-$50.00,$5962.58,
5/24/2024,1093,Primary Checkings - 3102,Online scheduled transfer to CHK 7139 Confirmation# XXXXX96254,-$20.00,$5942.58,
5/28/2024,1094,Primary Checkings - 3102,TikTok Shop 05/25 PURCHASE XXXXX40896 CA,-$38.37,$5904.21,
5/28/2024,1095,Primary Checkings - 3102,PETS BEST INSURAN 05/26 PURCHASE XXXXX87237 NC,-$26.47,$5877.74,
5/28/2024,1096,Primary Checkings - 3102,AMZN Mktp US*2A1P 05/27 PURCHASE XXXXX61072 WA,-$9.43,$5868.31,
5/28/2024,1097,Primary Checkings - 3102,Amazon.com*BI2VK5 05/27 PURCHASE Amzn.com/bill WA,-$10.15,$5858.16,
5/28/2024,1098,Primary Checkings - 3102,AMZN Mktp US*8J6D 05/27 PURCHASE XXXXX61072 WA,-$16.95,$5841.21,
5/28/2024,1099,Primary Checkings - 3102,GM Financial DES:GMF Pymt ID:XXXXX6521024 INDN:KENNETH MEAD CO ID:IXXXXX0781 PPD,-$540.99,$5300.22,
5/28/2024,1100,Primary Checkings - 3102,DEPT EDUCATION DES:STUDENT LN ID:0000 INDN:KENNETH MEAD CO ID:XXXXX02505 PPD,-$260.38,$5039.84,
5/28/2024,1101,Primary Checkings - 3102,CONSUMERS ENERGY DES:ENERGYBILL ID:XXXXX0126422 INDN:Kenneth Mead CO ID:XXXXX42310 WEB,-$50.30,$4989.54,
5/28/2024,1102,Primary Checkings - 3102,KEEP THE CHANGE TRANSFER TO ACCT 9875 FOR 05/28/24,-$2.63,$4986.91,
5/29/2024,1103,Primary Checkings - 3102,WL *STEAM PURCHAS 05/25 PURCHASE XXXXX22985 WA,-$31.79,$4955.12,
5/29/2024,1104,Primary Checkings - 3102,KEEP THE CHANGE TRANSFER TO ACCT 9875 FOR 05/29/24,-$0.21,$4954.91,
5/31/2024,1105,Primary Checkings - 3102,UNIVERSALMGT0793 DES:PAYROLL ID:02093305 INDN:KENNETH MEAD CO ID:XXXXX3688A PPD,$1367.29,$6322.20,
5/31/2024,1106,Primary Checkings - 3102,STEAMGAMES.COM 42 05/30 PURCHASE XXXXX99642 WA,-$10.00,$6312.20,
5/31/2024,1107,Primary Checkings - 3102,TRANSFER KENNETH MEAD:Sarah Mead Confirmation# XXXXX17415,-$47.00,$6265.20,
5/31/2024,1108,Primary Checkings - 3102,VENMO DES:PAYMENT ID:XXXXX20374863 INDN:KENNETH MEAD CO ID:XXXXX81992 WEB,-$296.00,$5969.20,
5/31/2024,1109,Primary Checkings - 3102,Online scheduled transfer to CHK 7139 Confirmation# XXXXX38412,-$125.00,$5844.20,
5/31/2024,1110,Primary Checkings - 3102,Online scheduled transfer to CHK 7139 Confirmation# XXXXX38413,-$125.00,$5719.20,
5/31/2024,1111,Primary Checkings - 3102,Online scheduled transfer to SAV 9875 Confirmation# XXXXX38416,-$125.00,$5594.20,
5/31/2024,1112,Primary Checkings - 3102,Online scheduled transfer to SAV 7344 Confirmation# XXXXX38415,-$50.00,$5544.20,
5/31/2024,1113,Primary Checkings - 3102,Online scheduled transfer to CHK 7139 Confirmation# XXXXX38414,-$20.00,$5524.20,
6/3/2024,1114,Primary Checkings - 3102,HIMEKISS 05/31 PURCHASE SAN FRANCISCO CA,-$44.99,$5479.21,
6/3/2024,1115,Primary Checkings - 3102,NSM DBAMR.COOPER DES:NSM DBAMR ID:3149623 INDN:KENNETH *MEAD CO ID:XXXXX52701 WEB,-$1964.01,$3515.20,
6/3/2024,1116,Primary Checkings - 3102,KEEP THE CHANGE TRANSFER TO ACCT 9875 FOR 06/03/24,-$0.01,$3515.19,
6/4/2024,1117,Primary Checkings - 3102,MULVEY GARDENS C DES:Assn Dues ID:45831843 INDN:Kenneth Mead CO ID:HOAPAYMENT WEB,-$200.00,$3315.19,
6/7/2024,1118,Primary Checkings - 3102,UNIVERSALMGT0793 DES:PAYROLL ID:02093305 INDN:KENNETH MEAD CO ID:XXXXX3688A PPD,$1367.30,$4682.49,
6/7/2024,1119,Primary Checkings - 3102,Online scheduled transfer to CHK 7139 Confirmation# XXXXX93128,-$125.00,$4557.49,
6/7/2024,1120,Primary Checkings - 3102,Online scheduled transfer to CHK 7139 Confirmation# XXXXX93129,-$125.00,$4432.49,
6/7/2024,1121,Primary Checkings - 3102,Online scheduled transfer to SAV 9875 Confirmation# XXXXX93132,-$125.00,$4307.49,
6/7/2024,1122,Primary Checkings - 3102,Online scheduled transfer to SAV 7344 Confirmation# XXXXX93131,-$50.00,$4257.49,
6/7/2024,1123,Primary Checkings - 3102,Online scheduled transfer to CHK 7139 Confirmation# XXXXX93130,-$20.00,$4237.49,
6/10/2024,1124,Primary Checkings - 3102,DISCORD* NITROMON 06/09 PURCHASE XXXXX40085 CA,-$9.99,$4227.50,
6/10/2024,1125,Primary Checkings - 3102,KEEP THE CHANGE TRANSFER TO ACCT 9875 FOR 06/10/24,-$0.01,$4227.49,
6/11/2024,1126,Primary Checkings - 3102,"ETSY, INC. DES:PAYOUT ID:etsy INDN:Kenneth Mead CO ID:XXXXX12331 PPD PMT INFO:TRN*1*etsy**4VXM2D638JK7Q7L3\RMR*IK*etsy .com\",$8.19,$4235.68,
6/12/2024,1127,Primary Checkings - 3102,SP BAMBULAB.US 06/11 PURCHASE AUSTIN TX,-$78.36,$4157.32,
6/12/2024,1128,Primary Checkings - 3102,KEEP THE CHANGE TRANSFER TO ACCT 9875 FOR 06/12/24,-$0.64,$4156.68,
6/14/2024,1129,Primary Checkings - 3102,UNIVERSALMGT0793 DES:PAYROLL ID:02093305 INDN:KENNETH MEAD CO ID:XXXXX3688A PPD,$1367.28,$5523.96,
6/14/2024,1130,Primary Checkings - 3102,Online scheduled transfer to CHK 7139 Confirmation# XXXXX06399,-$125.00,$5398.96,
6/14/2024,1131,Primary Checkings - 3102,Online scheduled transfer to CHK 7139 Confirmation# XXXXX06400,-$125.00,$5273.96,
6/14/2024,1132,Primary Checkings - 3102,Online scheduled transfer to SAV 9875 Confirmation# XXXXX06403,-$125.00,$5148.96,
6/14/2024,1133,Primary Checkings - 3102,Online scheduled transfer to SAV 7344 Confirmation# XXXXX06402,-$50.00,$5098.96,
6/14/2024,1134,Primary Checkings - 3102,Online scheduled transfer to CHK 7139 Confirmation# XXXXX06401,-$20.00,$5078.96,
6/17/2024,1135,Primary Checkings - 3102,"GITHUB, INC. 06/15 PURCHASE XXXXX84820 CA",-$10.00,$5068.96,
6/20/2024,1136,Primary Checkings - 3102,APPLE.COM/BILL 06/17 PURCHASE XXXXX27753 CA,-$2.99,$5065.97,
6/20/2024,1137,Primary Checkings - 3102,DTE Energy DES:XXXXX7474 ID: INDN:neth Mead Kenneth Mead CO ID:XXXXX20792 PPD,-$80.65,$4985.32,
6/20/2024,1138,Primary Checkings - 3102,KEEP THE CHANGE TRANSFER TO ACCT 9875 FOR 06/20/24,-$0.01,$4985.31,
6/21/2024,1139,Primary Checkings - 3102,UNIVERSALMGT0793 DES:PAYROLL ID:02093305 INDN:KENNETH MEAD CO ID:XXXXX3688A PPD,$1367.30,$6352.61,
6/21/2024,1140,Primary Checkings - 3102,CCBill.com *Only 06/18 PURCHASE XXXXX69279 CA,-$33.33,$6319.28,
6/21/2024,1141,Primary Checkings - 3102,STEAMGAMES.COM 42 06/20 PURCHASE XXXXX99642 WA,-$29.20,$6290.08,
6/21/2024,1142,Primary Checkings - 3102,CRUNCHYROLL.COM 06/20 PURCHASE XXXXX63560 TX,-$11.99,$6278.09,
6/21/2024,1143,Primary Checkings - 3102,Online Banking transfer to CHK 7139 Confirmation# XXXXX97029,-$2200.00,$4078.09,
6/21/2024,1144,Primary Checkings - 3102,Online scheduled transfer to CHK 7139 Confirmation# XXXXX87667,-$125.00,$3953.09,
6/21/2024,1145,Primary Checkings - 3102,Online scheduled transfer to CHK 7139 Confirmation# XXXXX87668,-$125.00,$3828.09,
6/21/2024,1146,Primary Checkings - 3102,Online scheduled transfer to SAV 9875 Confirmation# XXXXX87671,-$125.00,$3703.09,
6/21/2024,1147,Primary Checkings - 3102,Online scheduled transfer to SAV 7344 Confirmation# XXXXX87670,-$50.00,$3653.09,
6/21/2024,1148,Primary Checkings - 3102,Online scheduled transfer to CHK 7139 Confirmation# XXXXX87669,-$20.00,$3633.09,
6/21/2024,1149,Primary Checkings - 3102,KEEP THE CHANGE TRANSFER TO ACCT 9875 FOR 06/21/24,-$1.48,$3631.61,
6/24/2024,1150,Primary Checkings - 3102,AMERICAN FRAME 06/23 PURCHASE XXXXX70944 OH,-$115.91,$3515.70,
6/24/2024,1151,Primary Checkings - 3102,KEEP THE CHANGE TRANSFER TO ACCT 9875 FOR 06/24/24,-$0.09,$3515.61,
6/26/2024,1152,Primary Checkings - 3102,AMAZON MKTPL*RG70 06/25 PURCHASE XXXXX61072 WA,-$42.35,$3473.26,
6/26/2024,1153,Primary Checkings - 3102,DEPT EDUCATION DES:STUDENT LN ID:0000 INDN:KENNETH MEAD CO ID:XXXXX02505 PPD,-$260.38,$3212.88,
6/26/2024,1154,Primary Checkings - 3102,CONSUMERS ENERGY DES:ENERGYBILL ID:XXXXX0126422 INDN:Kenneth Mead CO ID:XXXXX42310 WEB,-$29.62,$3183.26,
6/26/2024,1155,Primary Checkings - 3102,KEEP THE CHANGE TRANSFER TO ACCT 9875 FOR 06/26/24,-$0.65,$3182.61,
6/27/2024,1156,Primary Checkings - 3102,PETS BEST INSURAN 06/26 PURCHASE XXXXX87237 NC,-$26.47,$3156.14,
6/27/2024,1157,Primary Checkings - 3102,Amazon.com*RC0QI7 06/26 PURCHASE Amzn.com/bill WA,-$52.99,$3103.15,
6/27/2024,1158,Primary Checkings - 3102,GM Financial DES:GMF Pymt ID:XXXXX6521024 INDN:KENNETH MEAD CO ID:IXXXXX0781 PPD,-$540.99,$2562.16,
6/27/2024,1159,Primary Checkings - 3102,KEEP THE CHANGE TRANSFER TO ACCT 9875 FOR 06/27/24,-$0.54,$2561.62,
6/28/2024,1160,Primary Checkings - 3102,UNIVERSALMGT0793 DES:PAYROLL ID:02093305 INDN:KENNETH MEAD CO ID:XXXXX3688A PPD,$1367.29,$3928.91,
6/28/2024,1161,Primary Checkings - 3102,Online scheduled transfer to CHK 7139 Confirmation# XXXXX90407,-$125.00,$3803.91,
6/28/2024,1162,Primary Checkings - 3102,Online scheduled transfer to CHK 7139 Confirmation# XXXXX90408,-$125.00,$3678.91,
6/28/2024,1163,Primary Checkings - 3102,Online scheduled transfer to SAV 9875 Confirmation# XXXXX90411,-$125.00,$3553.91,
6/28/2024,1164,Primary Checkings - 3102,Online scheduled transfer to SAV 7344 Confirmation# XXXXX90410,-$50.00,$3503.91,
6/28/2024,1165,Primary Checkings - 3102,Online scheduled transfer to CHK 7139 Confirmation# XXXXX90409,-$20.00,$3483.91,
7/2/2024,1166,Primary Checkings - 3102,"ETSY, INC. DES:PAYOUT ID:etsy INDN:Kenneth Mead CO ID:XXXXX12331 PPD PMT INFO:TRN*1*etsy**4VXM1963GVVAOI4I\RMR*IK*etsy .com\",$11.23,$3495.14,
7/2/2024,1167,Primary Checkings - 3102,PETS BEST INSURAN 07/01 PURCHASE XXXXX87237 NC,-$24.92,$3470.22,
7/2/2024,1168,Primary Checkings - 3102,TRANSFER KENNETH MEAD:Sarah Mead Confirmation# XXXXX49179,-$47.00,$3423.22,
7/2/2024,1169,Primary Checkings - 3102,MULVEY GARDENS C DES:Assn Dues ID:46607022 INDN:Kenneth Mead CO ID:HOAPAYMENT WEB,-$200.00,$3223.22,
7/2/2024,1170,Primary Checkings - 3102,KEEP THE CHANGE TRANSFER TO ACCT 9875 FOR 07/02/24,-$0.08,$3223.14,
7/3/2024,1171,Primary Checkings - 3102,PETS BEST INSURAN 07/02 REFUND CHARLOTTE NC,$1.03,$3224.17,
7/3/2024,1172,Primary Checkings - 3102,AMAZON MKTPL*R74M 07/02 PURCHASE XXXXX61072 WA,-$36.00,$3188.17,
7/3/2024,1173,Primary Checkings - 3102,AMAZON MKTPL*R71X 07/02 PURCHASE XXXXX61072 WA,-$10.59,$3177.58,
7/3/2024,1174,Primary Checkings - 3102,NSM DBAMR.COOPER DES:NSM DBAMR ID:2820057 INDN:KENNETH *MEAD CO ID:XXXXX52701 WEB,-$1964.01,$1213.57,
7/3/2024,1175,Primary Checkings - 3102,KEEP THE CHANGE TRANSFER TO ACCT 9875 FOR 07/03/24,-$0.41,$1213.16,
7/5/2024,1176,Primary Checkings - 3102,UNIVERSAL MANAGE DES:PAYROLL ID:XXXXXXXXXX3305 INDN:KENNETH MEAD CO ID:XXXXX13688 PPD,$1367.28,$2580.44,
7/5/2024,1177,Primary Checkings - 3102,Online Banking transfer from CHK 7139 Confirmation# XXXXX77794,$500.00,$3080.44,
7/5/2024,1178,Primary Checkings - 3102,VENMO DES:CASHOUT ID:XXXXX27117679 INDN:KENNETH MEAD CO ID:XXXXX81992 PPD,$337.45,$3417.89,
7/5/2024,1179,Primary Checkings - 3102,Check 101,-$1147.72,$2270.17,
7/5/2024,1180,Primary Checkings - 3102,Online scheduled transfer to CHK 7139 Confirmation# XXXXX33073,-$125.00,$2145.17,
7/5/2024,1181,Primary Checkings - 3102,Online scheduled transfer to CHK 7139 Confirmation# XXXXX33074,-$125.00,$2020.17,
7/5/2024,1182,Primary Checkings - 3102,Online scheduled transfer to SAV 9875 Confirmation# XXXXX33077,-$125.00,$1895.17,
7/5/2024,1183,Primary Checkings - 3102,Online scheduled transfer to SAV 7344 Confirmation# XXXXX33076,-$50.00,$1845.17,
7/5/2024,1184,Primary Checkings - 3102,Online scheduled transfer to CHK 7139 Confirmation# XXXXX33075,-$20.00,$1825.17,
7/8/2024,1185,Primary Checkings - 3102,HoYoverse 07/06 PURCHASE SINGAPORE 00,-$0.99,$1824.18,
7/8/2024,1186,Primary Checkings - 3102,HoYoverse 07/06 PURCHASE SINGAPORE 00,-$4.99,$1819.19,
7/8/2024,1187,Primary Checkings - 3102,CULTS3D.COM 07/07 PURCHASE BRIVE LA GAIL 00,-$0.75,$1818.44,
7/8/2024,1188,Primary Checkings - 3102,KEEP THE CHANGE TRANSFER TO ACCT 9875 FOR 07/08/24,-$0.27,$1818.17,
7/9/2024,1189,Primary Checkings - 3102,BKOFAMERICA MOBILE 07/09 XXXXX78616 DEPOSIT *MOBILE MI,$94.40,$1912.57,
7/10/2024,1190,Primary Checkings - 3102,DISCORD* NITROMON 07/09 PURCHASE XXXXX40085 CA,-$10.59,$1901.98,
7/10/2024,1191,Primary Checkings - 3102,VENMO DES:PAYMENT ID:XXXXX59855423 INDN:KENNETH MEAD CO ID:XXXXX81992 WEB,-$45.00,$1856.98,
7/10/2024,1192,Primary Checkings - 3102,KEEP THE CHANGE TRANSFER TO ACCT 9875 FOR 07/10/24,-$0.41,$1856.57,
7/11/2024,1193,Primary Checkings - 3102,AAA ACG MI0965 AA 07/10 PURCHASE XXXXX21134 MI,-$63.00,$1793.57,
7/12/2024,1194,Primary Checkings - 3102,UNIVERSAL MANAGE DES:PAYROLL ID:XXXXXXXXXX3305 INDN:KENNETH MEAD CO ID:XXXXX13688 PPD,$1367.30,$3160.87,
7/12/2024,1195,Primary Checkings - 3102,Online scheduled transfer to CHK 7139 Confirmation# XXXXX58693,-$125.00,$3035.87,
7/12/2024,1196,Primary Checkings - 3102,Online scheduled transfer to CHK 7139 Confirmation# XXXXX58694,-$125.00,$2910.87,
7/12/2024,1197,Primary Checkings - 3102,Online scheduled transfer to SAV 9875 Confirmation# XXXXX58697,-$125.00,$2785.87,
7/12/2024,1198,Primary Checkings - 3102,Online scheduled transfer to SAV 7344 Confirmation# XXXXX58696,-$50.00,$2735.87,
7/12/2024,1199,Primary Checkings - 3102,Online scheduled transfer to CHK 7139 Confirmation# XXXXX58695,-$20.00,$2715.87,
7/15/2024,1200,Primary Checkings - 3102,"GITHUB, INC. 07/15 PURCHASE XXXXX84820 CA",-$10.00,$2705.87,
7/19/2024,1201,Primary Checkings - 3102,UNIVERSAL MANAGE DES:PAYROLL ID:XXXXXXXXXX3305 INDN:KENNETH MEAD CO ID:XXXXX13688 PPD,$1362.55,$4068.42,
7/19/2024,1202,Primary Checkings - 3102,WL *STEAM PURCHAS 07/15 PURCHASE XXXXX22985 WA,-$28.61,$4039.81,
7/19/2024,1203,Primary Checkings - 3102,APPLE.COM/BILL 07/17 PURCHASE XXXXX27753 CA,-$2.99,$4036.82,
7/19/2024,1204,Primary Checkings - 3102,DTE Energy DES:XXXXX7474 ID: INDN:neth Mead Kenneth Mead CO ID:XXXXX20792 PPD,-$181.46,$3855.36,
7/19/2024,1205,Primary Checkings - 3102,Online scheduled transfer to CHK 7139 Confirmation# XXXXX55890,-$125.00,$3730.36,
7/19/2024,1206,Primary Checkings - 3102,Online scheduled transfer to CHK 7139 Confirmation# XXXXX55891,-$125.00,$3605.36,
7/19/2024,1207,Primary Checkings - 3102,Online scheduled transfer to SAV 9875 Confirmation# XXXXX55894,-$125.00,$3480.36,
7/19/2024,1208,Primary Checkings - 3102,Online scheduled transfer to SAV 7344 Confirmation# XXXXX55893,-$50.00,$3430.36,
7/19/2024,1209,Primary Checkings - 3102,Online scheduled transfer to CHK 7139 Confirmation# XXXXX55892,-$20.00,$3410.36,
7/19/2024,1210,Primary Checkings - 3102,KEEP THE CHANGE TRANSFER TO ACCT 9875 FOR 07/19/24,-$0.40,$3409.96,
7/22/2024,1211,Primary Checkings - 3102,Amazon.com*RJ4GB1 07/21 PURCHASE Amzn.com/bill WA,-$10.15,$3399.81,
7/22/2024,1212,Primary Checkings - 3102,CRUNCHYROLL.COM 07/21 PURCHASE XXXXX63560 TX,-$11.99,$3387.82,
7/22/2024,1213,Primary Checkings - 3102,KEEP THE CHANGE TRANSFER TO ACCT 9875 FOR 07/22/24,-$0.86,$3386.96,
7/23/2024,1214,Primary Checkings - 3102,Online Banking transfer from SAV 9875 Confirmation# XXXXX61178,$1600.00,$4986.96,
7/23/2024,1215,Primary Checkings - 3102,Online Banking transfer from CHK 7139 Confirmation# XXXXX71441,$600.00,$5586.96,
7/23/2024,1216,Primary Checkings - 3102,Online Banking transfer from SAV 7344 Confirmation# XXXXX82618,$600.00,$6186.96,
7/23/2024,1217,Primary Checkings - 3102,"ETSY, INC. DES:PAYOUT ID:etsy INDN:Kenneth Mead CO ID:XXXXX12331 PPD PMT INFO:TRN*1*etsy**4VXM2V63P7S3HYJI\RMR*IK*etsy .com\",$12.09,$6199.05,
7/23/2024,1218,Primary Checkings - 3102,Online Banking payment to CRD 5496 Confirmation# XXXXX98950,-$4704.08,$1494.97,
7/24/2024,1219,Primary Checkings - 3102,WL *STEAM PURCHAS 07/20 PURCHASE XXXXX22985 WA,-$10.00,$1484.97,
7/25/2024,1220,Primary Checkings - 3102,GRAND TAVERN 07/23 PURCHASE ROCHESTER HIL MI,-$17.37,$1467.60,
7/25/2024,1221,Primary Checkings - 3102,MARKET@WORK 20673 07/24 PURCHASE RENTON WA,-$5.38,$1462.22,
7/25/2024,1222,Primary Checkings - 3102,CONSUMERS ENERGY DES:ENERGYBILL ID:XXXXX0126422 INDN:Kenneth Mead CO ID:XXXXX42310 WEB,-$24.58,$1437.64,
7/25/2024,1223,Primary Checkings - 3102,KEEP THE CHANGE TRANSFER TO ACCT 9875 FOR 07/25/24,-$1.25,$1436.39,
7/26/2024,1224,Primary Checkings - 3102,UNIVERSAL MANAGE DES:PAYROLL ID:XXXXXXXXXX3305 INDN:KENNETH MEAD CO ID:XXXXX13688 PPD,$1357.98,$2794.37,
7/26/2024,1225,Primary Checkings - 3102,Online Banking transfer from SAV 9875 Confirmation# XXXXX81276,$420.00,$3214.37,
7/26/2024,1226,Primary Checkings - 3102,Online Banking transfer from CHK 7139 Confirmation# XXXXX78428,$250.00,$3464.37,
7/26/2024,1227,Primary Checkings - 3102,BIGGBY COFFEE #67 07/25 PURCHASE STERLING HEIG MI,-$5.38,$3458.99,
7/26/2024,1228,Primary Checkings - 3102,THE GREEN LIGHT V 07/25 PURCHASE OXFORD MI,-$14.84,$3444.15,
7/26/2024,1229,Primary Checkings - 3102,THE GREEN LIGHT V 07/25 PURCHASE OXFORD MI,-$4.24,$3439.91,
7/26/2024,1230,Primary Checkings - 3102,DEPT EDUCATION DES:STUDENT LN ID:0000 INDN:KENNETH MEAD CO ID:XXXXX02505 PPD,-$260.38,$3179.53,
7/26/2024,1231,Primary Checkings - 3102,Online scheduled transfer to CHK 7139 Confirmation# XXXXX43487,-$125.00,$3054.53,
7/26/2024,1232,Primary Checkings - 3102,Online scheduled transfer to CHK 7139 Confirmation# XXXXX43488,-$125.00,$2929.53,
7/26/2024,1233,Primary Checkings - 3102,Online scheduled transfer to SAV 9875 Confirmation# XXXXX43491,-$125.00,$2804.53,
7/26/2024,1234,Primary Checkings - 3102,Online scheduled transfer to SAV 7344 Confirmation# XXXXX43490,-$50.00,$2754.53,
7/26/2024,1235,Primary Checkings - 3102,Online scheduled transfer to CHK 7139 Confirmation# XXXXX43489,-$20.00,$2734.53,
7/26/2024,1236,Primary Checkings - 3102,KEEP THE CHANGE TRANSFER TO ACCT 9875 FOR 07/26/24,-$1.54,$2732.99,
7/29/2024,1237,Primary Checkings - 3102,KIT CHEN THAI BY 07/25 PURCHASE WARREN MI,-$11.66,$2721.33,
7/29/2024,1238,Primary Checkings - 3102,PETS BEST INSURAN 07/26 PURCHASE XXXXX87237 NC,-$25.18,$2696.15,
7/29/2024,1239,Primary Checkings - 3102,BIGGBY COFFEE #67 07/26 PURCHASE STERLING HEIG MI,-$5.38,$2690.77,
7/29/2024,1240,Primary Checkings - 3102,NNT PETSMART # 07/27 PURCHASE ROSEVILLE MI,-$33.35,$2657.42,
7/29/2024,1241,Primary Checkings - 3102,AMAZON MKTPL*RV49 07/27 PURCHASE XXXXX61072 WA,-$14.83,$2642.59,
7/29/2024,1242,Primary Checkings - 3102,HARU FRESH JUI 07/28 PURCHASE STERLING HEIG MI,-$3.71,$2638.88,
7/29/2024,1243,Primary Checkings - 3102,GM Financial DES:GMF Pymt ID:XXXXX6521024 INDN:KENNETH MEAD CO ID:IXXXXX0781 PPD,-$540.99,$2097.89,
7/29/2024,1244,Primary Checkings - 3102,KEEP THE CHANGE TRANSFER TO ACCT 9875 FOR 07/29/24,-$2.89,$2095.00,
7/30/2024,1245,Primary Checkings - 3102,"ETSY, INC. DES:PAYOUT ID:etsy INDN:Kenneth Mead CO ID:XXXXX12331 PPD PMT INFO:TRN*1*etsy**4VXMTV63RZU3NNKX\RMR*IK*etsy .com\",$4.49,$2099.49,
7/31/2024,1246,Primary Checkings - 3102,Bank of America DES:CASHREWARD ID:MEAD INDN:XXXXX0061XXXXX98XXXXX0 CO ID:XXXXX90310 PPD,$120.36,$2219.85,
8/1/2024,1247,Primary Checkings - 3102,Transfer VENMO,$207.80,$2427.65,
8/1/2024,1248,Primary Checkings - 3102,Online Banking transfer from SAV 7344 Confirmation# XXXXX55834,$110.00,$2537.65,
8/1/2024,1249,Primary Checkings - 3102,Online Banking transfer from SAV 9875 Confirmation# XXXXX61720,$40.00,$2577.65,
8/1/2024,1250,Primary Checkings - 3102,Online Banking transfer from CHK 7139 Confirmation# XXXXX65819,$40.00,$2617.65,
8/1/2024,1251,Primary Checkings - 3102,POKEMON INTERNATI 07/31 PURCHASE BELLEVUE WA,-$70.00,$2547.65,
8/1/2024,1252,Primary Checkings - 3102,Amazon.com*RV3SG4 07/31 PURCHASE Amzn.com/bill WA,-$31.50,$2516.15,
8/1/2024,1253,Primary Checkings - 3102,KEEP THE CHANGE TRANSFER TO ACCT 9875 FOR 08/01/24,-$0.50,$2515.65,
8/2/2024,1254,Primary Checkings - 3102,UNIVERSAL MANAGE DES:PAYROLL ID:XXXXXXXXXX3305 INDN:KENNETH MEAD CO ID:XXXXX13688 PPD,$1357.98,$3873.63,
8/2/2024,1255,Primary Checkings - 3102,PARTRIDGE ENTERPR 08/01 PURCHASE CLARKLAKE MI,-$60.95,$3812.68,
8/2/2024,1256,Primary Checkings - 3102,TRANSFER KENNETH MEAD:Sarah Mead Confirmation# XXXXX19866,-$47.00,$3765.68,
8/2/2024,1257,Primary Checkings - 3102,MULVEY GARDENS C DES:Assn Dues ID:47516953 INDN:Kenneth Mead CO ID:HOAPAYMENT WEB,-$200.00,$3565.68,
8/2/2024,1258,Primary Checkings - 3102,Online scheduled transfer to SAV 7344 Confirmation# XXXXX13202,-$50.00,$3515.68,
8/2/2024,1259,Primary Checkings - 3102,KEEP THE CHANGE TRANSFER TO ACCT 9875 FOR 08/02/24,-$0.05,$3515.63,
8/5/2024,1260,Primary Checkings - 3102,WL *STEAM PURCHAS 07/30 PURCHASE XXXXX22985 WA,-$3.23,$3512.40,
8/5/2024,1261,Primary Checkings - 3102,PETS BEST INSURAN 08/02 PURCHASE XXXXX87237 NC,-$24.92,$3487.48,
8/5/2024,1262,Primary Checkings - 3102,NSM DBAMR.COOPER DES:NSM DBAMR ID:2962768 INDN:KENNETH *MEAD CO ID:XXXXX52701 WEB,-$1964.01,$1523.47,
8/5/2024,1263,Primary Checkings - 3102,VENMO DES:PAYMENT ID:XXXXX73976673 INDN:KENNETH MEAD CO ID:XXXXX81992 WEB,-$32.00,$1491.47,
8/5/2024,1264,Primary Checkings - 3102,KEEP THE CHANGE TRANSFER TO ACCT 9875 FOR 08/05/24,-$0.85,$1490.62,
8/6/2024,1265,Primary Checkings - 3102,"ETSY, INC. DES:PAYOUT ID:etsy INDN:Kenneth Mead CO ID:XXXXX12331 PPD PMT INFO:TRN*1*etsy**4VXMTB63URZB2G71\RMR*IK*etsy .com\",$8.19,$1498.81,
8/6/2024,1266,Primary Checkings - 3102,USPS.COM CLICKNSH 08/05 PURCHASE XXXXX26724 DC,-$4.47,$1494.34,
8/6/2024,1267,Primary Checkings - 3102,SQSP* INV14392868 08/05 PURCHASE XXXXX03456 NY,-$30.00,$1464.34,
8/6/2024,1268,Primary Checkings - 3102,KEEP THE CHANGE TRANSFER TO ACCT 9875 FOR 08/06/24,-$0.53,$1463.81,
8/8/2024,1269,Primary Checkings - 3102,AMAZON MKTPL*RM7M 08/07 PURCHASE XXXXX61072 WA,-$27.55,$1436.26,
8/8/2024,1270,Primary Checkings - 3102,KEEP THE CHANGE TRANSFER TO ACCT 9875 FOR 08/08/24,-$0.45,$1435.81,
8/9/2024,1271,Primary Checkings - 3102,UNIVERSAL MANAGE DES:PAYROLL ID:XXXXXXXXXX3305 INDN:KENNETH MEAD CO ID:XXXXX13688 PPD,$1357.98,$2793.79,
8/9/2024,1272,Primary Checkings - 3102,Online scheduled transfer to SAV 7344 Confirmation# XXXXX22951,-$50.00,$2743.79,
8/12/2024,1273,Primary Checkings - 3102,DISCORD* NITROMON 08/09 PURCHASE XXXXX40085 CA,-$10.59,$2733.20,
8/12/2024,1274,Primary Checkings - 3102,VENMO DES:PAYMENT ID:XXXXX23739469 INDN:KENNETH MEAD CO ID:XXXXX81992 WEB,-$20.00,$2713.20,
8/12/2024,1275,Primary Checkings - 3102,KEEP THE CHANGE TRANSFER TO ACCT 9875 FOR 08/12/24,-$0.41,$2712.79,
8/13/2024,1276,Primary Checkings - 3102,BKOFAMERICA MOBILE 08/13 XXXXX94106 DEPOSIT *MOBILE MI,$580.50,$3293.29,
8/13/2024,1277,Primary Checkings - 3102,BKOFAMERICA MOBILE 08/13 XXXXX98802 DEPOSIT *MOBILE MI,$90.65,$3383.94,
8/16/2024,1278,Primary Checkings - 3102,UNIVERSAL MANAGE DES:PAYROLL ID:XXXXXXXXXX3305 INDN:KENNETH MEAD CO ID:XXXXX13688 PPD,$1357.98,$4741.92,
8/16/2024,1279,Primary Checkings - 3102,AMAZON MKTPL*RU0Q 08/14 PURCHASE XXXXX61072 WA,-$47.19,$4694.73,
8/16/2024,1280,Primary Checkings - 3102,"GITHUB, INC. 08/15 PURCHASE XXXXX84820 CA",-$10.00,$4684.73,
8/16/2024,1281,Primary Checkings - 3102,VENMO DES:PAYMENT ID:XXXXX10286090 INDN:KENNETH MEAD CO ID:XXXXX81992 WEB,-$706.50,$3978.23,
8/16/2024,1282,Primary Checkings - 3102,Online scheduled transfer to CHK 7139 Confirmation# XXXXX10972,-$125.00,$3853.23,
8/16/2024,1283,Primary Checkings - 3102,Online scheduled transfer to CHK 7139 Confirmation# XXXXX10973,-$125.00,$3728.23,
8/16/2024,1284,Primary Checkings - 3102,Online scheduled transfer to SAV 9875 Confirmation# XXXXX10976,-$125.00,$3603.23,
8/16/2024,1285,Primary Checkings - 3102,Online scheduled transfer to SAV 7344 Confirmation# XXXXX10975,-$50.00,$3553.23,
8/16/2024,1286,Primary Checkings - 3102,Online scheduled transfer to CHK 7139 Confirmation# XXXXX10974,-$20.00,$3533.23,
8/16/2024,1287,Primary Checkings - 3102,KEEP THE CHANGE TRANSFER TO ACCT 9875 FOR 08/16/24,-$0.81,$3532.42,
8/19/2024,1288,Primary Checkings - 3102,BKOFAMERICA MOBILE 08/19 XXXXX46129 DEPOSIT *MOBILE MI,$2870.10,$6402.52,
8/19/2024,1289,Primary Checkings - 3102,APPLE.COM/BILL 08/17 PURCHASE XXXXX27753 CA,-$2.99,$6399.53,
8/19/2024,1290,Primary Checkings - 3102,eBay O*12-11952-5 08/17 PURCHASE XXXXX66151 CA,-$529.06,$5870.47,
8/19/2024,1291,Primary Checkings - 3102,KEEP THE CHANGE TRANSFER TO ACCT 9875 FOR 08/19/24,-$0.95,$5869.52,
8/20/2024,1292,Primary Checkings - 3102,"ETSY, INC. DES:PAYOUT ID:etsy INDN:Kenneth Mead CO ID:XXXXX12331 PPD PMT INFO:TRN*1*etsy**4VXOD0640AUVCMMJ\RMR*IK*etsy .com\",$21.86,$5891.38,
8/20/2024,1293,Primary Checkings - 3102,PROG MARATHON DES:INS PREM ID:XXXXX1326 Kenne INDN:Kenneth Mead CO ID:XXXXX48088 WEB,-$1370.00,$4521.38,
8/20/2024,1294,Primary Checkings - 3102,DTE Energy DES:XXXXX7474 ID: INDN:neth Mead Kenneth Mead CO ID:XXXXX20792 PPD,-$140.73,$4380.65,
8/21/2024,1295,Primary Checkings - 3102,FREDAL FAMILY DEN 08/19 PURCHASE UTICA MI,-$87.28,$4293.37,
8/21/2024,1296,Primary Checkings - 3102,CRUNCHYROLL.COM 08/20 PURCHASE XXXXX63560 TX,-$11.99,$4281.38,
8/21/2024,1297,Primary Checkings - 3102,KEEP THE CHANGE TRANSFER TO ACCT 9875 FOR 08/21/24,-$0.73,$4280.65,
8/22/2024,1298,Primary Checkings - 3102,DELTA 08/21 PURCHASE XXXXX11212 CA,-$288.95,$3991.70,
8/22/2024,1299,Primary Checkings - 3102,DELTA 08/21 PURCHASE XXXXX11212 CA,-$288.95,$3702.75,
8/22/2024,1300,Primary Checkings - 3102,ALLIANZ TRAVEL IN 08/21 PURCHASE XXXXX24264 VA,-$54.00,$3648.75,
8/22/2024,1301,Primary Checkings - 3102,Online Banking payment to CRD 5496 Confirmation# XXXXX35570,-$1121.42,$2527.33,
8/22/2024,1302,Primary Checkings - 3102,KEEP THE CHANGE TRANSFER TO ACCT 9875 FOR 08/22/24,-$0.10,$2527.23,
8/23/2024,1303,Primary Checkings - 3102,UNIVERSAL MANAGE DES:PAYROLL ID:XXXXXXXXXX3305 INDN:KENNETH MEAD CO ID:XXXXX13688 PPD,$1357.98,$3885.21,
8/23/2024,1304,Primary Checkings - 3102,SUSHI ART 08/22 PURCHASE STERLING HEIG MI,-$47.17,$3838.04,
8/23/2024,1305,Primary Checkings - 3102,Online scheduled transfer to CHK 7139 Confirmation# XXXXX24992,-$125.00,$3713.04,
8/23/2024,1306,Primary Checkings - 3102,Online scheduled transfer to CHK 7139 Confirmation# XXXXX24993,-$125.00,$3588.04,
8/23/2024,1307,Primary Checkings - 3102,Online scheduled transfer to SAV 9875 Confirmation# XXXXX24996,-$125.00,$3463.04,
8/23/2024,1308,Primary Checkings - 3102,Online scheduled transfer to SAV 7344 Confirmation# XXXXX24995,-$50.00,$3413.04,
8/23/2024,1309,Primary Checkings - 3102,Online scheduled transfer to CHK 7139 Confirmation# XXXXX24994,-$20.00,$3393.04,
8/23/2024,1310,Primary Checkings - 3102,KEEP THE CHANGE TRANSFER TO ACCT 9875 FOR 08/23/24,-$0.83,$3392.21,
8/26/2024,1311,Primary Checkings - 3102,BIGGBY COFFEE #67 08/23 PURCHASE STERLING HEIG MI,-$3.17,$3389.04,
8/26/2024,1312,Primary Checkings - 3102,MARKET@WORK 20673 08/23 PURCHASE RENTON WA,-$1.09,$3387.95,
8/26/2024,1313,Primary Checkings - 3102,TST*LITTLE TREE S 08/23 PURCHASE Rochester Hil MI,-$29.15,$3358.80,
8/26/2024,1314,Primary Checkings - 3102,NNT HARU FRESH 08/25 PURCHASE STERLING HEIG MI,-$6.25,$3352.55,
8/26/2024,1315,Primary Checkings - 3102,DEPT EDUCATION DES:STUDENT LN ID:0000 INDN:KENNETH MEAD CO ID:XXXXX02505 PPD,-$260.38,$3092.17,
8/26/2024,1316,Primary Checkings - 3102,VENMO DES:PAYMENT ID:XXXXX86993037 INDN:KENNETH MEAD CO ID:XXXXX81992 WEB,-$45.00,$3047.17,
8/26/2024,1317,Primary Checkings - 3102,CONSUMERS ENERGY DES:ENERGYBILL ID:XXXXX0126422 INDN:Kenneth Mead CO ID:XXXXX42310 WEB,-$26.10,$3021.07,
8/26/2024,1318,Primary Checkings - 3102,KEEP THE CHANGE TRANSFER TO ACCT 9875 FOR 08/26/24,-$3.34,$3017.73,
8/27/2024,1319,Primary Checkings - 3102,"ETSY, INC. DES:PAYOUT ID:etsy INDN:Kenneth Mead CO ID:XXXXX12331 PPD PMT INFO:TRN*1*etsy**4VXM2A64330RKYI5\RMR*IK*etsy .com\",$19.68,$3037.41,
8/27/2024,1320,Primary Checkings - 3102,PETS BEST INSURAN 08/26 PURCHASE XXXXX87237 NC,-$25.18,$3012.23,
8/27/2024,1321,Primary Checkings - 3102,BIGGBY COFFEE #67 08/26 PURCHASE STERLING HEIG MI,-$2.85,$3009.38,
8/27/2024,1322,Primary Checkings - 3102,Microsoft*Store 08/27 PURCHASE XXXXX27676 WA,-$210.94,$2798.44,
8/27/2024,1323,Primary Checkings - 3102,GM Financial DES:GMF Pymt ID:XXXXX6521024 INDN:KENNETH MEAD CO ID:IXXXXX0781 PPD,-$540.99,$2257.45,
8/27/2024,1324,Primary Checkings - 3102,KEEP THE CHANGE TRANSFER TO ACCT 9875 FOR 08/27/24,-$1.03,$2256.42,
8/28/2024,1325,Primary Checkings - 3102,KIT CHEN THAI BY 08/26 PURCHASE WARREN MI,-$11.66,$2244.76,
8/28/2024,1326,Primary Checkings - 3102,BIGGBY COFFEE #12 08/27 PURCHASE WARREN MI,-$3.17,$2241.59,
8/28/2024,1327,Primary Checkings - 3102,KEEP THE CHANGE TRANSFER TO ACCT 9875 FOR 08/28/24,-$1.17,$2240.42,
8/29/2024,1328,Primary Checkings - 3102,TST*THE MASONIC T 08/27 PURCHASE Detroit MI,-$15.00,$2225.42,
8/29/2024,1329,Primary Checkings - 3102,VENTIMIGLIA ITALI 08/28 PURCHASE STERLING HEIG MI,-$25.50,$2199.92,
8/29/2024,1330,Primary Checkings - 3102,MARKET@WORK 20673 08/28 PURCHASE RENTON WA,-$2.49,$2197.43,
8/29/2024,1331,Primary Checkings - 3102,KEEP THE CHANGE TRANSFER TO ACCT 9875 FOR 08/29/24,-$1.01,$2196.42,
8/30/2024,1332,Primary Checkings - 3102,UNIVERSAL MANAGE DES:PAYROLL ID:XXXXXXXXXX3305 INDN:KENNETH MEAD CO ID:XXXXX13688 PPD,$1357.99,$3554.41,
8/30/2024,1333,Primary Checkings - 3102,ONLYFANS.COM*A 08/29 PURCHASE XXXXX80458 FL,-$55.55,$3498.86,
8/30/2024,1334,Primary Checkings - 3102,BIGGBY COFFEE #12 08/29 PURCHASE WARREN MI,-$3.17,$3495.69,
8/30/2024,1335,Primary Checkings - 3102,BIGGBY COFFEE #12 08/29 PURCHASE WARREN MI,-$6.18,$3489.51,
8/30/2024,1336,Primary Checkings - 3102,MARKET@WORK 20673 08/29 PURCHASE RENTON WA,-$2.49,$3487.02,
8/30/2024,1337,Primary Checkings - 3102,TRANSFER KENNETH MEAD:Sarah Mead Confirmation# XXXXX84852,-$43.00,$3444.02,
8/30/2024,1338,Primary Checkings - 3102,Online scheduled transfer to CHK 7139 Confirmation# XXXXX21531,-$125.00,$3319.02,
8/30/2024,1339,Primary Checkings - 3102,Online scheduled transfer to CHK 7139 Confirmation# XXXXX21532,-$125.00,$3194.02,
8/30/2024,1340,Primary Checkings - 3102,Online scheduled transfer to SAV 9875 Confirmation# XXXXX21535,-$125.00,$3069.02,
8/30/2024,1341,Primary Checkings - 3102,Online scheduled transfer to SAV 7344 Confirmation# XXXXX21534,-$50.00,$3019.02,
8/30/2024,1342,Primary Checkings - 3102,Online scheduled transfer to CHK 7139 Confirmation# XXXXX21533,-$20.00,$2999.02,
8/30/2024,1343,Primary Checkings - 3102,KEEP THE CHANGE TRANSFER TO ACCT 9875 FOR 08/30/24,-$2.61,$2996.41,
9/3/2024,1344,Primary Checkings - 3102,BKOFAMERICA MOBILE 08/31 XXXXX40639 DEPOSIT *MOBILE MI,$387.00,$3383.41,
9/3/2024,1345,Primary Checkings - 3102,WL *STEAM PURCHAS 08/29 PURCHASE XXXXX22985 WA,-$15.89,$3367.52,
9/3/2024,1346,Primary Checkings - 3102,SQ *NOBLE FISH SU 08/30 PURCHASE Clawson MI,-$18.02,$3349.50,
9/3/2024,1347,Primary Checkings - 3102,NOBLE FISH 08/30 PURCHASE CLAWSON MI,-$5.38,$3344.12,
9/3/2024,1348,Primary Checkings - 3102,INTERSTATE PARKIN 09/01 PURCHASE MILWAUKEE WI,-$15.65,$3328.47,
9/3/2024,1349,Primary Checkings - 3102,XXXXXXXXXX3595 09/01 #XXXXX9862 WITHDRWL MI Ren Fes Front Holly MI,-$103.75,$3224.72,
9/3/2024,1350,Primary Checkings - 3102,PETS BEST INSURAN 09/02 PURCHASE XXXXX87237 NC,-$24.92,$3199.80,
9/3/2024,1351,Primary Checkings - 3102,Speedway 09/02 PURCHASE Rochester Hil MI,-$47.20,$3152.60,
9/3/2024,1352,Primary Checkings - 3102,SQ *NEMETH'S CONC 09/02 PURCHASE Novi MI,-$7.00,$3145.60,
9/3/2024,1353,Primary Checkings - 3102,POKEMON INTERNATI 09/02 PURCHASE BELLEVUE WA,-$70.00,$3075.60,
9/3/2024,1354,Primary Checkings - 3102,NSM DBAMR.COOPER DES:NSM DBAMR ID:3180852 INDN:KENNETH *MEAD CO ID:XXXXX52701 WEB,-$1964.01,$1111.59,
9/3/2024,1355,Primary Checkings - 3102,XXXXXXXXXX3595 09/01 #XXXXX9862 WITHDRWL MI Ren Fes Front Holly MI FEE,-$2.50,$1109.09,
9/3/2024,1356,Primary Checkings - 3102,KEEP THE CHANGE TRANSFER TO ACCT 9875 FOR 09/03/24,-$2.94,$1106.15,
9/4/2024,1357,Primary Checkings - 3102,TACO BELL 30700 09/02 PURCHASE ROCHESTER MI,-$9.57,$1096.58,
9/4/2024,1358,Primary Checkings - 3102,MULVEY GARDENS C DES:Assn Dues ID:48231749 INDN:Kenneth Mead CO ID:HOAPAYMENT WEB,-$200.00,$896.58,
9/4/2024,1359,Primary Checkings - 3102,KEEP THE CHANGE TRANSFER TO ACCT 9875 FOR 09/04/24,-$0.43,$896.15,
9/5/2024,1360,Primary Checkings - 3102,Amazon.com*ZT53P9 09/04 PURCHASE Amzn.com/bill WA,-$33.88,$862.27,
9/5/2024,1361,Primary Checkings - 3102,KEEP THE CHANGE TRANSFER TO ACCT 9875 FOR 09/05/24,-$0.12,$862.15,
9/6/2024,1362,Primary Checkings - 3102,UNIVERSAL MANAGE DES:PAYROLL ID:XXXXXXXXXX3305 INDN:KENNETH MEAD CO ID:XXXXX13688 PPD,$1357.97,$2220.12,
9/6/2024,1363,Primary Checkings - 3102,Online scheduled transfer to CHK 7139 Confirmation# XXXXX16137,-$125.00,$2095.12,
9/6/2024,1364,Primary Checkings - 3102,Online scheduled transfer to CHK 7139 Confirmation# XXXXX16138,-$125.00,$1970.12,
9/6/2024,1365,Primary Checkings - 3102,Online scheduled transfer to SAV 9875 Confirmation# XXXXX16141,-$125.00,$1845.12,
9/6/2024,1366,Primary Checkings - 3102,Online scheduled transfer to SAV 7344 Confirmation# XXXXX16140,-$50.00,$1795.12,
9/6/2024,1367,Primary Checkings - 3102,Online scheduled transfer to CHK 7139 Confirmation# XXXXX16139,-$20.00,$1775.12,
9/9/2024,1368,Primary Checkings - 3102,WL *STEAM PURCHAS 09/05 PURCHASE XXXXX99642 WA,-$31.79,$1743.33,
9/9/2024,1369,Primary Checkings - 3102,USPS CHANGE OF AD 09/06 PURCHASE XXXXX83150 TN,-$33.50,$1709.83,
9/9/2024,1370,Primary Checkings - 3102,Cracker Barrel 09/08 PURCHASE XXXXX39566 TN,-$33.73,$1676.10,
9/9/2024,1371,Primary Checkings - 3102,PlayStation Netwo 09/09 PURCHASE XXXXX93454 CA,-$34.79,$1641.31,
9/9/2024,1372,Primary Checkings - 3102,KEEP THE CHANGE TRANSFER TO ACCT 9875 FOR 09/09/24,-$1.19,$1640.12,
9/10/2024,1373,Primary Checkings - 3102,"ETSY, INC. DES:PAYOUT ID:etsy INDN:Kenneth Mead CO ID:XXXXX12331 PPD PMT INFO:TRN*1*etsy**4VXMTA648N4MOCVD\RMR*IK*etsy .com\",$24.56,$1664.68,
9/10/2024,1374,Primary Checkings - 3102,DISCORD* NITROMON 09/09 PURCHASE XXXXX40085 CA,-$10.59,$1654.09,
9/10/2024,1375,Primary Checkings - 3102,AMAZON MKTPL*ZT2S 09/09 PURCHASE XXXXX61072 WA,-$36.00,$1618.09,
9/10/2024,1376,Primary Checkings - 3102,KEEP THE CHANGE TRANSFER TO ACCT 9875 FOR 09/10/24,-$0.41,$1617.68,
9/11/2024,1377,Primary Checkings - 3102,AMAZON MKTPL*UA9G 09/10 PURCHASE XXXXX61072 WA,-$8.05,$1609.63,
9/11/2024,1378,Primary Checkings - 3102,PIRATE SHIP * POS 09/10 PURCHASE XXXXX55854 WY,-$4.47,$1605.16,
9/11/2024,1379,Primary Checkings - 3102,KEEP THE CHANGE TRANSFER TO ACCT 9875 FOR 09/11/24,-$1.48,$1603.68,
9/13/2024,1380,Primary Checkings - 3102,UNIVERSAL MANAGE DES:PAYROLL ID:XXXXXXXXXX3305 INDN:KENNETH MEAD CO ID:XXXXX13688 PPD,$1357.98,$2961.66,
9/13/2024,1381,Primary Checkings - 3102,Online scheduled transfer to CHK 7139 Confirmation# XXXXX05601,-$125.00,$2836.66,
9/13/2024,1382,Primary Checkings - 3102,Online scheduled transfer to CHK 7139 Confirmation# XXXXX05602,-$125.00,$2711.66,
9/13/2024,1383,Primary Checkings - 3102,Online scheduled transfer to SAV 9875 Confirmation# XXXXX05605,-$125.00,$2586.66,
9/13/2024,1384,Primary Checkings - 3102,Online scheduled transfer to SAV 7344 Confirmation# XXXXX05604,-$50.00,$2536.66,
9/13/2024,1385,Primary Checkings - 3102,Online scheduled transfer to CHK 7139 Confirmation# XXXXX05603,-$20.00,$2516.66,
9/16/2024,1386,Primary Checkings - 3102,"GITHUB, INC. 09/15 PURCHASE XXXXX84820 CA",-$10.00,$2506.66,
9/16/2024,1387,Primary Checkings - 3102,PAYPAL DES:INST XFER ID:MEJIAERNESTO26 INDN:KENNETH MEAD CO ID:PAYPALSI77 WEB,-$10.00,$2496.66,
9/18/2024,1388,Primary Checkings - 3102,APPLE.COM/BILL 09/17 PURCHASE XXXXX27753 CA,-$2.99,$2493.67,
9/18/2024,1389,Primary Checkings - 3102,Nintendo CA127196 09/18 PURCHASE XXXXX53700 WA,-$21.19,$2472.48,
9/18/2024,1390,Primary Checkings - 3102,DTE Energy DES:XXXXX7474 ID: INDN:neth Mead Kenneth Mead CO ID:XXXXX20792 PPD,-$140.74,$2331.74,
9/18/2024,1391,Primary Checkings - 3102,KEEP THE CHANGE TRANSFER TO ACCT 9875 FOR 09/18/24,-$0.82,$2330.92,
9/20/2024,1392,Primary Checkings - 3102,UNIVERSAL MANAGE DES:PAYROLL ID:XXXXXXXXXX3305 INDN:KENNETH MEAD CO ID:XXXXX13688 PPD,$1357.99,$3688.91,
9/20/2024,1393,Primary Checkings - 3102,Online scheduled transfer to CHK 7139 Confirmation# XXXXX48445,-$125.00,$3563.91,
9/20/2024,1394,Primary Checkings - 3102,Online scheduled transfer to CHK 7139 Confirmation# XXXXX48446,-$125.00,$3438.91,
9/20/2024,1395,Primary Checkings - 3102,Online scheduled transfer to SAV 9875 Confirmation# XXXXX48449,-$125.00,$3313.91,
9/20/2024,1396,Primary Checkings - 3102,Online scheduled transfer to SAV 7344 Confirmation# XXXXX48448,-$50.00,$3263.91,
9/20/2024,1397,Primary Checkings - 3102,Online scheduled transfer to CHK 7139 Confirmation# XXXXX48447,-$20.00,$3243.91,
9/23/2024,1398,Primary Checkings - 3102,PETS BEST INSURAN 09/20 REFUND CHARLOTTE NC,$24.92,$3268.83,
9/23/2024,1399,Primary Checkings - 3102,PETS BEST INSURAN 09/20 REFUND CHARLOTTE NC,$15.71,$3284.54,
9/23/2024,1400,Primary Checkings - 3102,CRUNCHYROLL.COM 09/20 PURCHASE XXXXX63560 TX,-$11.99,$3272.55,
9/23/2024,1401,Primary Checkings - 3102,STEAMGAMES.COM 42 09/21 PURCHASE XXXXX99642 WA,-$13.50,$3259.05,
9/23/2024,1402,Primary Checkings - 3102,MEIJER # 145 09/23 PURCHASE FRASER MI,-$25.46,$3233.59,
9/23/2024,1403,Primary Checkings - 3102,KEEP THE CHANGE TRANSFER TO ACCT 9875 FOR 09/23/24,-$1.05,$3232.54,
9/24/2024,1404,Primary Checkings - 3102,MARKET@WORK 20673 09/23 PURCHASE RENTON WA,-$2.19,$3230.35,
9/24/2024,1405,Primary Checkings - 3102,KEEP THE CHANGE TRANSFER TO ACCT 9875 FOR 09/24/24,-$0.81,$3229.54,
9/25/2024,1406,Primary Checkings - 3102,MCDONALD'S F19208 09/24 PURCHASE WARREN MI,-$13.07,$3216.47,
9/25/2024,1407,Primary Checkings - 3102,SEC OF STATE ESER 09/24 PURCHASE XXXXX50436 MI,-$317.30,$2899.17,
9/25/2024,1408,Primary Checkings - 3102,GRAND TAVERN 09/24 PURCHASE ROCHESTER HIL MI,-$34.62,$2864.55,
9/25/2024,1409,Primary Checkings - 3102,CONSUMERS ENERGY DES:ENERGYBILL ID:XXXXX0126422 INDN:Kenneth Mead CO ID:XXXXX42310 WEB,-$23.40,$2841.15,
9/25/2024,1410,Primary Checkings - 3102,KEEP THE CHANGE TRANSFER TO ACCT 9875 FOR 09/25/24,-$2.01,$2839.14,
9/26/2024,1411,Primary Checkings - 3102,BIGGBY COFFEE #12 09/25 PURCHASE WARREN MI,-$3.17,$2835.97,
9/26/2024,1412,Primary Checkings - 3102,MARKET@WORK 20673 09/25 PURCHASE RENTON WA,-$2.49,$2833.48,
9/26/2024,1413,Primary Checkings - 3102,AMAZON MKTPL*NQ61 09/25 PURCHASE XXXXX61072 WA,-$10.59,$2822.89,
9/26/2024,1414,Primary Checkings - 3102,AMAZON MKTPL*BF23 09/25 PURCHASE XXXXX61072 WA,-$12.18,$2810.71,
9/26/2024,1415,Primary Checkings - 3102,Nintendo CA127576 09/26 PURCHASE XXXXX53700 WA,-$37.09,$2773.62,
9/26/2024,1416,Primary Checkings - 3102,DEPT EDUCATION DES:STUDENT LN ID:0000 INDN:KENNETH MEAD CO ID:XXXXX02505 PPD,-$260.38,$2513.24,
9/26/2024,1417,Primary Checkings - 3102,KEEP THE CHANGE TRANSFER TO ACCT 9875 FOR 09/26/24,-$3.48,$2509.76,
9/27/2024,1418,Primary Checkings - 3102,UNIVERSAL MANAGE DES:PAYROLL ID:XXXXXXXXXX3305 INDN:KENNETH MEAD CO ID:XXXXX13688 PPD,$1357.97,$3867.73,
9/27/2024,1419,Primary Checkings - 3102,Restaurant 09/26 PURCHASE Warren MI,-$14.67,$3853.06,
9/27/2024,1420,Primary Checkings - 3102,MARKET@WORK 20673 09/26 PURCHASE RENTON WA,-$2.38,$3850.68,
9/27/2024,1421,Primary Checkings - 3102,GM Financial DES:GMF Pymt ID:XXXXX6521024 INDN:KENNETH MEAD CO ID:IXXXXX0781 PPD,-$540.99,$3309.69,
9/27/2024,1422,Primary Checkings - 3102,Online scheduled transfer to CHK 7139 Confirmation# XXXXX24290,-$125.00,$3184.69,
9/27/2024,1423,Primary Checkings - 3102,Online scheduled transfer to CHK 7139 Confirmation# XXXXX24291,-$125.00,$3059.69,
9/27/2024,1424,Primary Checkings - 3102,Online scheduled transfer to SAV 9875 Confirmation# XXXXX24294,-$125.00,$2934.69,
9/27/2024,1425,Primary Checkings - 3102,Online scheduled transfer to SAV 7344 Confirmation# XXXXX24293,-$50.00,$2884.69,
9/27/2024,1426,Primary Checkings - 3102,Online scheduled transfer to CHK 7139 Confirmation# XXXXX24292,-$20.00,$2864.69,
9/27/2024,1427,Primary Checkings - 3102,KEEP THE CHANGE TRANSFER TO ACCT 9875 FOR 09/27/24,-$0.95,$2863.74,
9/30/2024,1428,Primary Checkings - 3102,KIT CHEN THAI BY 09/27 PURCHASE WARREN MI,-$11.66,$2852.08,
9/30/2024,1429,Primary Checkings - 3102,DESHI KITCHEN IND 09/27 PURCHASE CLINTON TOWNS MI,-$31.25,$2820.83,
9/30/2024,1430,Primary Checkings - 3102,JUAN BLANCOS - EA 09/28 PURCHASE FRASER MI,-$51.46,$2769.37,
9/30/2024,1431,Primary Checkings - 3102,TST*OPH - AMHERST 09/29 PURCHASE Birmingham MI,-$30.63,$2738.74,
9/30/2024,1432,Primary Checkings - 3102,1ST BEST THAI 09/29 PURCHASE TROY MI,-$29.68,$2709.06,
9/30/2024,1433,Primary Checkings - 3102,KEEP THE CHANGE TRANSFER TO ACCT 9875 FOR 09/30/24,-$2.32,$2706.74,
10/1/2024,1434,Primary Checkings - 3102,PP*FREE PLAY PINB 09/28 PURCHASE ROSEVILLE MI,-$20.00,$2686.74,
10/1/2024,1435,Primary Checkings - 3102,PP*FREE PLAY PINB 09/28 PURCHASE ROSEVILLE MI,-$10.00,$2676.74,
10/1/2024,1436,Primary Checkings - 3102,EMAGINE ROCHESTER 09/29 PURCHASE ROCHESTER MI,-$15.37,$2661.37,
10/1/2024,1437,Primary Checkings - 3102,Etsy.com*US Et 10/01 PURCHASE BROOKLYN NY,-$0.06,$2661.31,
10/1/2024,1438,Primary Checkings - 3102,CVS/PHARMACY # 10/01 PURCHASE WARREN MI,-$10.38,$2650.93,
10/1/2024,1439,Primary Checkings - 3102,S R 10/01 PURCHASE WARREN MI,-$50.05,$2600.88,
10/1/2024,1440,Primary Checkings - 3102,KEEP THE CHANGE TRANSFER TO ACCT 9875 FOR 10/01/24,-$3.14,$2597.74,
10/2/2024,1441,Primary Checkings - 3102,Online Banking transfer from CHK 7139 Confirmation# XXXXX11829,$400.00,$2997.74,
10/2/2024,1442,Primary Checkings - 3102,GRAND TAVERN 10/01 PURCHASE ROCHESTER HIL MI,-$22.96,$2974.78,
10/2/2024,1443,Primary Checkings - 3102,TRANSFER KENNETH MEAD:Sarah Mead Confirmation# XXXXX15340,-$47.00,$2927.78,
10/2/2024,1444,Primary Checkings - 3102,MULVEY GARDENS C DES:Assn Dues ID:48996499 INDN:Kenneth Mead CO ID:HOAPAYMENT WEB,-$200.00,$2727.78,
10/2/2024,1445,Primary Checkings - 3102,VENMO DES:PAYMENT ID:XXXXX02066221 INDN:KENNETH MEAD CO ID:XXXXX81992 WEB,-$200.00,$2527.78,
10/2/2024,1446,Primary Checkings - 3102,KEEP THE CHANGE TRANSFER TO ACCT 9875 FOR 10/02/24,-$0.04,$2527.74,
10/3/2024,1447,Primary Checkings - 3102,PETS BEST INSURAN 10/02 PURCHASE XXXXX87237 NC,-$26.19,$2501.55,
10/3/2024,1448,Primary Checkings - 3102,CONTINENTAL SERVI 10/02 PURCHASE WARREN MI,-$1.90,$2499.65,
10/3/2024,1449,Primary Checkings - 3102,AMAZON MKTPL*YP1G 10/02 PURCHASE XXXXX61072 WA,-$27.08,$2472.57,
10/3/2024,1450,Primary Checkings - 3102,NSM DBAMR.COOPER DES:NSM DBAMR ID:3451143 INDN:KENNETH *MEAD CO ID:XXXXX52701 WEB,-$1965.70,$506.87,
10/3/2024,1451,Primary Checkings - 3102,KEEP THE CHANGE TRANSFER TO ACCT 9875 FOR 10/03/24,-$1.83,$505.04,
10/4/2024,1452,Primary Checkings - 3102,UNIVERSAL MANAGE DES:PAYROLL ID:XXXXXXXXXX3305 INDN:KENNETH MEAD CO ID:XXXXX13688 PPD,$1357.99,$1863.03,
10/4/2024,1453,Primary Checkings - 3102,BIGGBY COFFEE #12 10/03 PURCHASE WARREN MI,-$5.70,$1857.33,
10/4/2024,1454,Primary Checkings - 3102,Online scheduled transfer to CHK 7139 Confirmation# XXXXX09941,-$125.00,$1732.33,
10/4/2024,1455,Primary Checkings - 3102,Online scheduled transfer to CHK 7139 Confirmation# XXXXX09942,-$125.00,$1607.33,
10/4/2024,1456,Primary Checkings - 3102,Online scheduled transfer to SAV 9875 Confirmation# XXXXX09945,-$125.00,$1482.33,
10/4/2024,1457,Primary Checkings - 3102,Online scheduled transfer to SAV 7344 Confirmation# XXXXX09944,-$50.00,$1432.33,
10/4/2024,1458,Primary Checkings - 3102,Online scheduled transfer to CHK 7139 Confirmation# XXXXX09943,-$20.00,$1412.33,
10/4/2024,1459,Primary Checkings - 3102,KEEP THE CHANGE TRANSFER TO ACCT 9875 FOR 10/04/24,-$0.30,$1412.03,
10/7/2024,1460,Primary Checkings - 3102,ONLYFANS 10/04 PURCHASE XXXXX80458 FL,-$3.00,$1409.03,
10/7/2024,1461,Primary Checkings - 3102,BIGGBY COFFEE #12 10/04 PURCHASE WARREN MI,-$3.17,$1405.86,
10/7/2024,1462,Primary Checkings - 3102,WELLCARE LLC 10/05 PURCHASE STERLING HEIG MI,-$1.23,$1404.63,
10/7/2024,1463,Primary Checkings - 3102,NNT HARU FRESH 10/05 PURCHASE STERLING HEIG MI,-$8.37,$1396.26,
10/7/2024,1464,Primary Checkings - 3102,NNT HARU FRESH 10/06 PURCHASE STERLING HEIG MI,-$23.11,$1373.15,
10/7/2024,1465,Primary Checkings - 3102,KEEP THE CHANGE TRANSFER TO ACCT 9875 FOR 10/07/24,-$3.12,$1370.03,
10/8/2024,1466,Primary Checkings - 3102,"ETSY, INC. DES:PAYOUT ID:etsy INDN:Kenneth Mead CO ID:XXXXX12331 PPD PMT INFO:TRN*1*etsy**4VXOE964JRODNE1C\RMR*IK*etsy .com\",$5.08,$1375.11,
10/10/2024,1467,Primary Checkings - 3102,DISCORD* NITROMON 10/09 PURCHASE XXXXX40085 CA,-$10.59,$1364.52,
10/10/2024,1468,Primary Checkings - 3102,KEEP THE CHANGE TRANSFER TO ACCT 9875 FOR 10/10/24,-$0.41,$1364.11,
10/11/2024,1469,Primary Checkings - 3102,UNIVERSAL MANAGE DES:PAYROLL ID:XXXXXXXXXX3305 INDN:KENNETH MEAD CO ID:XXXXX13688 PPD,$1357.97,$2722.08,
10/11/2024,1470,Primary Checkings - 3102,Online scheduled transfer to CHK 7139 Confirmation# XXXXX93332,-$125.00,$2597.08,
10/11/2024,1471,Primary Checkings - 3102,Online scheduled transfer to CHK 7139 Confirmation# XXXXX93333,-$125.00,$2472.08,
10/11/2024,1472,Primary Checkings - 3102,Online scheduled transfer to SAV 9875 Confirmation# XXXXX93336,-$125.00,$2347.08,
10/11/2024,1473,Primary Checkings - 3102,Online scheduled transfer to SAV 7344 Confirmation# XXXXX93335,-$50.00,$2297.08,
10/11/2024,1474,Primary Checkings - 3102,Online scheduled transfer to CHK 7139 Confirmation# XXXXX93334,-$20.00,$2277.08,
10/16/2024,1475,Primary Checkings - 3102,"ETSY, INC. DES:PAYOUT ID:etsy INDN:Kenneth Mead CO ID:XXXXX12331 PPD PMT INFO:TRN*1*etsy**4VXM1864MXREB2A4\RMR*IK*etsy .com\",$11.19,$2288.27,
10/16/2024,1476,Primary Checkings - 3102,04412 THE EDGE FI 10/14 PURCHASE WARREN MI,-$29.99,$2258.28,
10/16/2024,1477,Primary Checkings - 3102,"GITHUB, INC. 10/15 PURCHASE XXXXX84820 CA",-$10.00,$2248.28,
10/16/2024,1478,Primary Checkings - 3102,KEEP THE CHANGE TRANSFER TO ACCT 9875 FOR 10/16/24,-$0.01,$2248.27,
10/17/2024,1479,Primary Checkings - 3102,AMAZON MKTPL*FT3Y 10/14 PURCHASE XXXXX61072 WA,-$215.83,$2032.44,
10/17/2024,1480,Primary Checkings - 3102,TIKTOK SHOP 10/15 PURCHASE XXXXX40896 CA,-$10.78,$2021.66,
10/17/2024,1481,Primary Checkings - 3102,TIKTOK SHOP 10/15 PURCHASE XXXXX40896 CA,-$10.01,$2011.65,
10/17/2024,1482,Primary Checkings - 3102,TIKTOK SHOP 10/15 PURCHASE XXXXX40896 CA,-$9.21,$2002.44,
10/17/2024,1483,Primary Checkings - 3102,SP BAMBULAB.US 10/16 PURCHASE AUSTIN TX,-$109.13,$1893.31,
10/17/2024,1484,Primary Checkings - 3102,POKEMON INTERNATI 10/16 PURCHASE BELLEVUE WA,-$70.00,$1823.31,
10/17/2024,1485,Primary Checkings - 3102,Online Banking payment to CRD 5496 Confirmation# XXXXX68883,-$458.27,$1365.04,
10/17/2024,1486,Primary Checkings - 3102,KEEP THE CHANGE TRANSFER TO ACCT 9875 FOR 10/17/24,-$3.04,$1362.00,
10/18/2024,1487,Primary Checkings - 3102,UNIVERSAL MANAGE DES:PAYROLL ID:XXXXXXXXXX3305 INDN:KENNETH MEAD CO ID:XXXXX13688 PPD,$1357.98,$2719.98,
10/18/2024,1488,Primary Checkings - 3102,TIKTOK SHOP 10/15 PURCHASE XXXXX40896 CA,-$41.87,$2678.11,
10/18/2024,1489,Primary Checkings - 3102,AMAZON MKTPL*TX8N 10/16 PURCHASE XXXXX61072 WA,-$16.50,$2661.61,
10/18/2024,1490,Primary Checkings - 3102,APPLE.COM/BILL 10/17 PURCHASE XXXXX27753 CA,-$2.99,$2658.62,
10/18/2024,1491,Primary Checkings - 3102,UNITEDWHOLESALEMT 10/17 PURCHASE PONTIAC MI,-$495.00,$2163.62,
10/18/2024,1492,Primary Checkings - 3102,Online Banking payment to CRD 5496 Confirmation# XXXXX89997,-$112.80,$2050.82,
10/18/2024,1493,Primary Checkings - 3102,Online scheduled transfer to CHK 7139 Confirmation# XXXXX59392,-$125.00,$1925.82,
10/18/2024,1494,Primary Checkings - 3102,Online scheduled transfer to CHK 7139 Confirmation# XXXXX59393,-$125.00,$1800.82,
10/18/2024,1495,Primary Checkings - 3102,Online scheduled transfer to SAV 9875 Confirmation# XXXXX59396,-$125.00,$1675.82,
10/18/2024,1496,Primary Checkings - 3102,DTE Energy DES:XXXXX7474 ID: INDN:neth Mead Kenneth Mead CO ID:XXXXX20792 PPD,-$105.43,$1570.39,
10/18/2024,1497,Primary Checkings - 3102,Online scheduled transfer to SAV 7344 Confirmation# XXXXX59395,-$50.00,$1520.39,
10/18/2024,1498,Primary Checkings - 3102,Online scheduled transfer to CHK 7139 Confirmation# XXXXX59394,-$20.00,$1500.39,
10/18/2024,1499,Primary Checkings - 3102,KEEP THE CHANGE TRANSFER TO ACCT 9875 FOR 10/18/24,-$0.64,$1499.75,
10/21/2024,1500,Primary Checkings - 3102,SPEEDWAY 44290 10/19 PURCHASE FRASER MI,-$42.95,$1456.80,
10/21/2024,1501,Primary Checkings - 3102,231 AMF XXXXX2526 10/19 PURCHASE ROSEVILLE MI,-$14.99,$1441.81,
10/21/2024,1502,Primary Checkings - 3102,STEAMGAMES.COM 42 10/20 PURCHASE XXXXX99642 WA,-$23.84,$1417.97,
10/21/2024,1503,Primary Checkings - 3102,NNT HARU FRESH 10/20 PURCHASE STERLING HEIG MI,-$28.52,$1389.45,
10/21/2024,1504,Primary Checkings - 3102,NNT HARU FRESH 10/20 PURCHASE STERLING HEIG MI,-$3.71,$1385.74,
10/21/2024,1505,Primary Checkings - 3102,KEEP THE CHANGE TRANSFER TO ACCT 9875 FOR 10/21/24,-$0.99,$1384.75,
10/22/2024,1506,Primary Checkings - 3102,"ETSY, INC. DES:PAYOUT ID:etsy INDN:Kenneth Mead CO ID:XXXXX12331 PPD PMT INFO:TRN*1*etsy**4VXM2X64PBDXPZU8\RMR*IK*etsy .com\",$8.21,$1392.96,
10/22/2024,1507,Primary Checkings - 3102,CRUNCHYROLL.COM 10/21 PURCHASE XXXXX63560 TX,-$11.99,$1380.97,
10/22/2024,1508,Primary Checkings - 3102,KEEP THE CHANGE TRANSFER TO ACCT 9875 FOR 10/22/24,-$0.01,$1380.96,
10/23/2024,1509,Primary Checkings - 3102,VENTIMIGLIA ITALI 10/22 PURCHASE STERLING HEIG MI,-$20.12,$1360.84,
10/23/2024,1510,Primary Checkings - 3102,KEEP THE CHANGE TRANSFER TO ACCT 9875 FOR 10/23/24,-$0.88,$1359.96,
10/24/2024,1511,Primary Checkings - 3102,TikTok Shop TikTo 10/22 PURCHASE XXXXX40896 CA,-$10.66,$1349.30,
10/24/2024,1512,Primary Checkings - 3102,GRAND TAVERN 10/22 PURCHASE ROCHESTER HIL MI,-$27.79,$1321.51,
10/24/2024,1513,Primary Checkings - 3102,AMAZON MKTPL*OL53 10/23 PURCHASE XXXXX61072 WA,-$25.43,$1296.08,
10/24/2024,1514,Primary Checkings - 3102,CONSUMERS ENERGY DES:ENERGYBILL ID:XXXXX0126422 INDN:Kenneth Mead CO ID:XXXXX42310 WEB,-$25.06,$1271.02,
10/24/2024,1515,Primary Checkings - 3102,KEEP THE CHANGE TRANSFER TO ACCT 9875 FOR 10/24/24,-$1.12,$1269.90,
10/25/2024,1516,Primary Checkings - 3102,UNIVERSAL MANAGE DES:PAYROLL ID:XXXXXXXXXX3305 INDN:KENNETH MEAD CO ID:XXXXX13688 PPD,$1408.88,$2678.78,
10/25/2024,1517,Primary Checkings - 3102,Online scheduled transfer to CHK 7139 Confirmation# XXXXX35561,-$125.00,$2553.78,
10/25/2024,1518,Primary Checkings - 3102,Online scheduled transfer to CHK 7139 Confirmation# XXXXX35562,-$125.00,$2428.78,
10/25/2024,1519,Primary Checkings - 3102,Online scheduled transfer to SAV 9875 Confirmation# XXXXX35565,-$125.00,$2303.78,
10/25/2024,1520,Primary Checkings - 3102,Online scheduled transfer to SAV 7344 Confirmation# XXXXX35564,-$50.00,$2253.78,
10/25/2024,1521,Primary Checkings - 3102,Online scheduled transfer to CHK 7139 Confirmation# XXXXX35563,-$20.00,$2233.78,
10/28/2024,1522,Primary Checkings - 3102,Online Banking transfer from CHK 7139 Confirmation# XXXXX13507,$800.00,$3033.78,
10/28/2024,1523,Primary Checkings - 3102,APPLE.COM/BILL 10/25 PURCHASE XXXXX27753 CA,-$1.05,$3032.73,
10/28/2024,1524,Primary Checkings - 3102,NNT THE 8 SIDE 10/26 PURCHASE LINCOLN PARK MI,-$21.20,$3011.53,
10/28/2024,1525,Primary Checkings - 3102,DD/BR #360456 Q35 10/26 PURCHASE LINCOLN PARK MI,-$5.50,$3006.03,
10/28/2024,1526,Primary Checkings - 3102,WL *STEAM PURCHAS 10/26 PURCHASE XXXXX99642 WA,-$25.00,$2981.03,
10/28/2024,1527,Primary Checkings - 3102,Meijer Express 10/28 PURCHASE WARREN MI,-$41.27,$2939.76,
10/28/2024,1528,Primary Checkings - 3102,GM Financial DES:GMF Pymt ID:XXXXX6521024 INDN:KENNETH MEAD CO ID:IXXXXX0781 PPD,-$540.99,$2398.77,
10/28/2024,1529,Primary Checkings - 3102,DEPT EDUCATION DES:STUDENT LN ID:0000 INDN:KENNETH MEAD CO ID:XXXXX02505 PPD,-$260.38,$2138.39,
10/28/2024,1530,Primary Checkings - 3102,KEEP THE CHANGE TRANSFER TO ACCT 9875 FOR 10/28/24,-$2.98,$2135.41,
10/29/2024,1531,Primary Checkings - 3102,TIKTOK SHOP 10/29 REFUND XXXXX40896 CA,$10.78,$2146.19,
10/29/2024,1532,Primary Checkings - 3102,"ETSY, INC. DES:PAYOUT ID:etsy INDN:Kenneth Mead CO ID:XXXXX12331 PPD PMT INFO:TRN*1*etsy**4VXMTI64S3V4VGPF\RMR*IK*etsy .com\",$0.35,$2146.54,
10/29/2024,1533,Primary Checkings - 3102,AMAZON MKTPL*592F 10/28 PURCHASE XXXXX61072 WA,-$10.59,$2135.95,
10/29/2024,1534,Primary Checkings - 3102,KEEP THE CHANGE TRANSFER TO ACCT 9875 FOR 10/29/24,-$0.41,$2135.54,
10/30/2024,1535,Primary Checkings - 3102,WL *STEAM PURCHAS 10/26 PURCHASE XXXXX22985 WA,-$10.00,$2125.54,
10/30/2024,1536,Primary Checkings - 3102,WL *STEAM PURCHAS 10/26 PURCHASE XXXXX22985 WA,-$1.99,$2123.55,
10/30/2024,1537,Primary Checkings - 3102,GRAND TAVERN 10/29 PURCHASE ROCHESTER HIL MI,-$37.33,$2086.22,
10/30/2024,1538,Primary Checkings - 3102,KEEP THE CHANGE TRANSFER TO ACCT 9875 FOR 10/30/24,-$0.68,$2085.54,
10/31/2024,1539,Primary Checkings - 3102,Online Banking transfer from SAV 9875 Confirmation# XXXXX58990,$600.00,$2685.54,
11/1/2024,1540,Primary Checkings - 3102,UNIVERSAL MANAGE DES:PAYROLL ID:XXXXXXXXXX3305 INDN:KENNETH MEAD CO ID:XXXXX13688 PPD,$1408.88,$4094.42,
11/1/2024,1541,Primary Checkings - 3102,TRANSFER KENNETH MEAD:Sarah Mead Confirmation# XXXXX37848,-$47.00,$4047.42,
11/1/2024,1542,Primary Checkings - 3102,Online scheduled transfer to CHK 7139 Confirmation# XXXXX42102,-$125.00,$3922.42,
11/1/2024,1543,Primary Checkings - 3102,Online scheduled transfer to CHK 7139 Confirmation# XXXXX42103,-$125.00,$3797.42,
11/1/2024,1544,Primary Checkings - 3102,Online scheduled transfer to SAV 9875 Confirmation# XXXXX42106,-$125.00,$3672.42,
11/1/2024,1545,Primary Checkings - 3102,Online scheduled transfer to SAV 7344 Confirmation# XXXXX42105,-$50.00,$3622.42,
11/1/2024,1546,Primary Checkings - 3102,Online scheduled transfer to CHK 7139 Confirmation# XXXXX42104,-$20.00,$3602.42,
11/4/2024,1547,Primary Checkings - 3102,PETS BEST INSURAN 11/02 PURCHASE XXXXX87237 NC,-$26.19,$3576.23,
11/4/2024,1548,Primary Checkings - 3102,NSM DBAMR.COOPER DES:NSM DBAMR ID:3838335 INDN:KENNETH *MEAD CO ID:XXXXX52701 WEB,-$1965.70,$1610.53,
11/4/2024,1549,Primary Checkings - 3102,MULVEY GARDENS C DES:Assn Dues ID:49893244 INDN:Kenneth Mead CO ID:HOAPAYMENT WEB,-$200.00,$1410.53,
11/4/2024,1550,Primary Checkings - 3102,KEEP THE CHANGE TRANSFER TO ACCT 9875 FOR 11/04/24,-$0.81,$1409.72,
11/5/2024,1551,Primary Checkings - 3102,"ETSY, INC. DES:PAYOUT ID:etsy INDN:Kenneth Mead CO ID:XXXXX12331 PPD PMT INFO:TRN*1*etsy**4VXOEL64UWCN5ZCF\RMR*IK*etsy .com\",$8.15,$1417.87,
11/5/2024,1552,Primary Checkings - 3102,PP*FREE PLAY PINB 11/02 PURCHASE ROSEVILLE MI,-$20.00,$1397.87,
11/5/2024,1553,Primary Checkings - 3102,PP*FREE PLAY PINB 11/02 PURCHASE ROSEVILLE MI,-$10.00,$1387.87,
11/6/2024,1554,Primary Checkings - 3102,KY-IN RIVERLINK T 11/05 PURCHASE XXXXX85465 TX,-$5.22,$1382.65,
11/6/2024,1555,Primary Checkings - 3102,AMAZON MKTPL*JW78 11/05 PURCHASE XXXXX61072 WA,-$94.99,$1287.66,
11/6/2024,1556,Primary Checkings - 3102,KEEP THE CHANGE TRANSFER TO ACCT 9875 FOR 11/06/24,-$0.79,$1286.87,
11/8/2024,1557,Primary Checkings - 3102,UNIVERSAL MANAGE DES:PAYROLL ID:XXXXXXXXXX3305 INDN:KENNETH MEAD CO ID:XXXXX13688 PPD,$1408.88,$2695.75,
11/8/2024,1558,Primary Checkings - 3102,Online scheduled transfer to CHK 7139 Confirmation# XXXXX47686,-$125.00,$2570.75,
11/8/2024,1559,Primary Checkings - 3102,Online scheduled transfer to CHK 7139 Confirmation# XXXXX47687,-$125.00,$2445.75,
11/8/2024,1560,Primary Checkings - 3102,Online scheduled transfer to SAV 9875 Confirmation# XXXXX47690,-$125.00,$2320.75,
11/8/2024,1561,Primary Checkings - 3102,Online scheduled transfer to SAV 7344 Confirmation# XXXXX47689,-$50.00,$2270.75,
11/8/2024,1562,Primary Checkings - 3102,Online scheduled transfer to CHK 7139 Confirmation# XXXXX47688,-$20.00,$2250.75,
11/12/2024,1563,Primary Checkings - 3102,DISCORD* NITROMON 11/09 PURCHASE XXXXX40085 CA,-$10.59,$2240.16,
11/12/2024,1564,Primary Checkings - 3102,Nintendo CA129914 11/12 PURCHASE XXXXX53700 WA,-$16.95,$2223.21,
11/12/2024,1565,Primary Checkings - 3102,KEEP THE CHANGE TRANSFER TO ACCT 9875 FOR 11/12/24,-$0.46,$2222.75,
11/13/2024,1566,Primary Checkings - 3102,"ETSY, INC. DES:PAYOUT ID:etsy INDN:Kenneth Mead CO ID:XXXXX12331 PPD PMT INFO:TRN*1*etsy**4VXM2M64Y2G2EAX3\RMR*IK*etsy .com\",$8.16,$2230.91,
11/14/2024,1567,Primary Checkings - 3102,THE EDGE FIT ABC DES:CLUB FEES ID:XXXXX00102289 INDN:KENNETH MEAD CO ID:XXXXX02737 PPD PMT INFO: - THE EDGE FITNESS 888-827-9262,-$44.99,$2185.92,
11/15/2024,1568,Primary Checkings - 3102,UNIVERSAL MANAGE DES:PAYROLL ID:XXXXXXXXXX3305 INDN:KENNETH MEAD CO ID:XXXXX13688 PPD,$1408.88,$3594.80,
11/15/2024,1569,Primary Checkings - 3102,Online scheduled transfer to CHK 7139 Confirmation# XXXXX07404,-$125.00,$3469.80,
11/15/2024,1570,Primary Checkings - 3102,Online scheduled transfer to CHK 7139 Confirmation# XXXXX07405,-$125.00,$3344.80,
11/15/2024,1571,Primary Checkings - 3102,Online scheduled transfer to SAV 9875 Confirmation# XXXXX07408,-$125.00,$3219.80,
11/15/2024,1572,Primary Checkings - 3102,Online scheduled transfer to SAV 7344 Confirmation# XXXXX07407,-$50.00,$3169.80,
11/15/2024,1573,Primary Checkings - 3102,Online scheduled transfer to CHK 7139 Confirmation# XXXXX07406,-$20.00,$3149.80,
11/18/2024,1574,Primary Checkings - 3102,"GITHUB, INC. 11/15 PURCHASE XXXXX84820 CA",-$10.00,$3139.80,
11/18/2024,1575,Primary Checkings - 3102,APPLE.COM/BILL 11/17 PURCHASE XXXXX27753 CA,-$2.99,$3136.81,
11/18/2024,1576,Primary Checkings - 3102,Online Banking payment to CRD 5496 Confirmation# XXXXX95273,-$635.02,$2501.79,
11/18/2024,1577,Primary Checkings - 3102,DTE Energy DES:XXXXX7474 ID: INDN:neth Mead Kenneth Mead CO ID:XXXXX20792 PPD,-$69.24,$2432.55,
11/18/2024,1578,Primary Checkings - 3102,KEEP THE CHANGE TRANSFER TO ACCT 9875 FOR 11/18/24,-$0.01,$2432.54,
11/19/2024,1579,Primary Checkings - 3102,"ETSY, INC. DES:PAYOUT ID:etsy INDN:Kenneth Mead CO ID:XXXXX12331 PPD PMT INFO:TRN*1*etsy**4VXM1M650HLDNCJ9\RMR*IK*etsy .com\",$8.16,$2440.70,
11/19/2024,1580,Primary Checkings - 3102,WL *STEAM PURCHAS 11/14 PURCHASE XXXXX22985 WA,-$10.59,$2430.11,
11/19/2024,1581,Primary Checkings - 3102,KEEP THE CHANGE TRANSFER TO ACCT 9875 FOR 11/19/24,-$0.41,$2429.70,
9/5/2023,1582,Spending - 7139,Online Banking transfer from CHK 3102 Confirmation# XXXXX61224,$300.00,$300.00,
9/5/2023,1583,Spending - 7139,Online Banking transfer to SAV 9875 Confirmation# XXXXX67795,-$200.00,$100.00,
9/8/2023,1584,Spending - 7139,Online scheduled transfer from CHK 3102 Confirmation# XXXXX74156,$125.00,$225.00,
9/8/2023,1585,Spending - 7139,Online scheduled transfer from CHK 3102 Confirmation# XXXXX74157,$125.00,$350.00,
9/8/2023,1586,Spending - 7139,Online scheduled transfer from CHK 3102 Confirmation# XXXXX74158,$20.00,$370.00,
9/15/2023,1587,Spending - 7139,Online scheduled transfer from CHK 3102 Confirmation# XXXXX33667,$125.00,$495.00,
9/15/2023,1588,Spending - 7139,Online scheduled transfer from CHK 3102 Confirmation# XXXXX33668,$125.00,$620.00,
9/15/2023,1589,Spending - 7139,Online scheduled transfer from CHK 3102 Confirmation# XXXXX33669,$20.00,$640.00,
9/22/2023,1590,Spending - 7139,Online scheduled transfer from CHK 3102 Confirmation# XXXXX41425,$125.00,$765.00,
9/22/2023,1591,Spending - 7139,Online scheduled transfer from CHK 3102 Confirmation# XXXXX41426,$125.00,$890.00,
9/22/2023,1592,Spending - 7139,Online scheduled transfer from CHK 3102 Confirmation# XXXXX41427,$20.00,$910.00,
9/29/2023,1593,Spending - 7139,Online scheduled transfer from CHK 3102 Confirmation# XXXXX36856,$125.00,$1035.00,
9/29/2023,1594,Spending - 7139,Online scheduled transfer from CHK 3102 Confirmation# XXXXX36857,$125.00,$1160.00,
9/29/2023,1595,Spending - 7139,Online scheduled transfer from CHK 3102 Confirmation# XXXXX36858,$20.00,$1180.00,
10/6/2023,1596,Spending - 7139,Online scheduled transfer from CHK 3102 Confirmation# XXXXX10249,$125.00,$1305.00,
10/6/2023,1597,Spending - 7139,Online scheduled transfer from CHK 3102 Confirmation# XXXXX10250,$125.00,$1430.00,
10/6/2023,1598,Spending - 7139,Online scheduled transfer from CHK 3102 Confirmation# XXXXX10251,$20.00,$1450.00,
10/12/2023,1599,Spending - 7139,Monthly Maintenance Fee,-$4.95,$1445.05,
10/13/2023,1600,Spending - 7139,Online scheduled transfer from CHK 3102 Confirmation# XXXXX72167,$125.00,$1570.05,
10/13/2023,1601,Spending - 7139,Online scheduled transfer from CHK 3102 Confirmation# XXXXX72168,$125.00,$1695.05,
10/13/2023,1602,Spending - 7139,Online scheduled transfer from CHK 3102 Confirmation# XXXXX72169,$20.00,$1715.05,
10/20/2023,1603,Spending - 7139,Online scheduled transfer from CHK 3102 Confirmation# XXXXX85916,$125.00,$1840.05,
10/20/2023,1604,Spending - 7139,Online scheduled transfer from CHK 3102 Confirmation# XXXXX85917,$125.00,$1965.05,
10/20/2023,1605,Spending - 7139,Online scheduled transfer from CHK 3102 Confirmation# XXXXX85918,$20.00,$1985.05,
10/23/2023,1606,Spending - 7139,NNT ETERNAL GA 10/23 PURCHASE WARREN MI,-$9.52,$1975.53,
10/24/2023,1607,Spending - 7139,BIGGBY COFFEE #67 10/23 PURCHASE STERLING HEIG MI,-$4.57,$1970.96,
10/24/2023,1608,Spending - 7139,NST BEST BUY # 10/24 PURCHASE ROSEVILLE MI,-$370.99,$1599.97,
10/24/2023,1609,Spending - 7139,Online Banking transfer to CHK 3102 Confirmation# XXXXX16148,-$389.00,$1210.97,
10/25/2023,1610,Spending - 7139,Online Banking transfer from CHK 3102 Confirmation# XXXXX61886,$300.00,$1510.97,
10/25/2023,1611,Spending - 7139,KIT CHEN THAI BY 10/23 PURCHASE WARREN MI,-$12.76,$1498.21,
10/25/2023,1612,Spending - 7139,MEIJER # 145 10/24 PURCHASE FRASER MI,-$34.31,$1463.90,
10/25/2023,1613,Spending - 7139,VETERINARY EMERGE 10/24 PURCHASE MADISON HEIGH MI,-$825.00,$638.90,
10/25/2023,1614,Spending - 7139,Online Banking transfer to CHK 3102 Confirmation# XXXXX25634,-$300.00,$338.90,
10/26/2023,1615,Spending - 7139,KIT CHEN THAI BY 10/24 PURCHASE WARREN MI,-$12.76,$326.14,
10/26/2023,1616,Spending - 7139,TACO BELL #037169 10/24 PURCHASE FRASER MI,-$26.04,$300.10,
10/27/2023,1617,Spending - 7139,Online scheduled transfer from CHK 3102 Confirmation# XXXXX33030,$125.00,$425.10,
10/27/2023,1618,Spending - 7139,Online scheduled transfer from CHK 3102 Confirmation# XXXXX33031,$125.00,$550.10,
10/27/2023,1619,Spending - 7139,Online scheduled transfer from CHK 3102 Confirmation# XXXXX33032,$20.00,$570.10,
11/3/2023,1620,Spending - 7139,Online scheduled transfer from CHK 3102 Confirmation# XXXXX38584,$125.00,$695.10,
11/3/2023,1621,Spending - 7139,Online scheduled transfer from CHK 3102 Confirmation# XXXXX38585,$125.00,$820.10,
11/3/2023,1622,Spending - 7139,Online scheduled transfer from CHK 3102 Confirmation# XXXXX38586,$20.00,$840.10,
11/10/2023,1623,Spending - 7139,Online scheduled transfer from CHK 3102 Confirmation# XXXXX79003,$125.00,$965.10,
11/10/2023,1624,Spending - 7139,Online scheduled transfer from CHK 3102 Confirmation# XXXXX79004,$125.00,$1090.10,
11/10/2023,1625,Spending - 7139,Online scheduled transfer from CHK 3102 Confirmation# XXXXX79005,$20.00,$1110.10,
11/17/2023,1626,Spending - 7139,Online scheduled transfer from CHK 3102 Confirmation# XXXXX95792,$125.00,$1235.10,
11/17/2023,1627,Spending - 7139,Online scheduled transfer from CHK 3102 Confirmation# XXXXX95793,$125.00,$1360.10,
11/17/2023,1628,Spending - 7139,Online scheduled transfer from CHK 3102 Confirmation# XXXXX95794,$20.00,$1380.10,
11/21/2023,1629,Spending - 7139,Online Banking payment to CRD 5496 Confirmation# XXXXX26588,-$46.82,$1333.28,
11/22/2023,1630,Spending - 7139,BIGGBY COFFEE #67 11/21 PURCHASE STERLING HEIG MI,-$2.85,$1330.43,
11/22/2023,1631,Spending - 7139,LITTLE JOE'S CONE 11/21 PURCHASE WARREN MI,-$13.70,$1316.73,
11/24/2023,1632,Spending - 7139,Online scheduled transfer from CHK 3102 Confirmation# XXXXX41369,$125.00,$1441.73,
11/24/2023,1633,Spending - 7139,Online scheduled transfer from CHK 3102 Confirmation# XXXXX41370,$125.00,$1566.73,
11/24/2023,1634,Spending - 7139,Online scheduled transfer from CHK 3102 Confirmation# XXXXX41371,$20.00,$1586.73,
11/24/2023,1635,Spending - 7139,CONTINENTAL SERVI 11/22 PURCHASE WARREN MI,-$1.65,$1585.08,
11/24/2023,1636,Spending - 7139,TST* DRAGONMEAD B 11/22 PURCHASE WARREN MI,-$24.00,$1561.08,
11/24/2023,1637,Spending - 7139,Online Banking payment to CRD 5496 Confirmation# XXXXX21904,-$1207.32,$353.76,
11/24/2023,1638,Spending - 7139,Speedway 11/24 PURCHASE Fraser MI,-$36.91,$316.85,
11/27/2023,1639,Spending - 7139,BIGGBY COFFEE #67 11/24 PURCHASE STERLING HEIG MI,-$4.57,$312.28,
12/1/2023,1640,Spending - 7139,Online scheduled transfer from CHK 3102 Confirmation# XXXXX69952,$125.00,$437.28,
12/1/2023,1641,Spending - 7139,Online scheduled transfer from CHK 3102 Confirmation# XXXXX69953,$125.00,$562.28,
12/1/2023,1642,Spending - 7139,Online scheduled transfer from CHK 3102 Confirmation# XXXXX69954,$20.00,$582.28,
12/8/2023,1643,Spending - 7139,Online scheduled transfer from CHK 3102 Confirmation# XXXXX64342,$125.00,$707.28,
12/8/2023,1644,Spending - 7139,Online scheduled transfer from CHK 3102 Confirmation# XXXXX64343,$125.00,$832.28,
12/8/2023,1645,Spending - 7139,Online scheduled transfer from CHK 3102 Confirmation# XXXXX64344,$20.00,$852.28,
12/15/2023,1646,Spending - 7139,Online scheduled transfer from CHK 3102 Confirmation# XXXXX25793,$125.00,$977.28,
12/15/2023,1647,Spending - 7139,Online scheduled transfer from CHK 3102 Confirmation# XXXXX25794,$125.00,$1102.28,
12/15/2023,1648,Spending - 7139,Online scheduled transfer from CHK 3102 Confirmation# XXXXX25795,$20.00,$1122.28,
12/18/2023,1649,Spending - 7139,MEIJER 145 12/16 PURCHASE FRASER MI,-$70.00,$1052.28,
12/22/2023,1650,Spending - 7139,Online scheduled transfer from CHK 3102 Confirmation# XXXXX54229,$125.00,$1177.28,
12/22/2023,1651,Spending - 7139,Online scheduled transfer from CHK 3102 Confirmation# XXXXX54230,$125.00,$1302.28,
12/22/2023,1652,Spending - 7139,Online scheduled transfer from CHK 3102 Confirmation# XXXXX54231,$20.00,$1322.28,
12/29/2023,1653,Spending - 7139,Online scheduled transfer from CHK 3102 Confirmation# XXXXX31005,$125.00,$1447.28,
12/29/2023,1654,Spending - 7139,Online scheduled transfer from CHK 3102 Confirmation# XXXXX31006,$125.00,$1572.28,
12/29/2023,1655,Spending - 7139,Online scheduled transfer from CHK 3102 Confirmation# XXXXX31007,$20.00,$1592.28,
1/5/2024,1656,Spending - 7139,Online scheduled transfer from CHK 3102 Confirmation# XXXXX63539,$125.00,$1717.28,
1/5/2024,1657,Spending - 7139,Online scheduled transfer from CHK 3102 Confirmation# XXXXX63540,$125.00,$1842.28,
1/5/2024,1658,Spending - 7139,Online scheduled transfer from CHK 3102 Confirmation# XXXXX63541,$20.00,$1862.28,
1/12/2024,1659,Spending - 7139,Online scheduled transfer from CHK 3102 Confirmation# XXXXX27081,$125.00,$1987.28,
1/12/2024,1660,Spending - 7139,Online scheduled transfer from CHK 3102 Confirmation# XXXXX27082,$125.00,$2112.28,
1/12/2024,1661,Spending - 7139,Online scheduled transfer from CHK 3102 Confirmation# XXXXX27083,$20.00,$2132.28,
1/16/2024,1662,Spending - 7139,BKOFAMERICA MOBILE 01/13 XXXXX39291 DEPOSIT *MOBILE MI,$543.72,$2676.00,
1/17/2024,1663,Spending - 7139,Online Banking payment to CRD 5496 Confirmation# XXXXX94927,-$2591.36,$84.64,
1/19/2024,1664,Spending - 7139,Online scheduled transfer from CHK 3102 Confirmation# XXXXX57974,$125.00,$209.64,
1/19/2024,1665,Spending - 7139,Online scheduled transfer from CHK 3102 Confirmation# XXXXX57975,$125.00,$334.64,
1/19/2024,1666,Spending - 7139,Online scheduled transfer from CHK 3102 Confirmation# XXXXX57976,$20.00,$354.64,
1/22/2024,1667,Spending - 7139,NST THE HOME D 01/21 PURCHASE ROSEVILLE MI,-$48.55,$306.09,
1/24/2024,1668,Spending - 7139,BIGGBY COFFEE #67 01/23 PURCHASE STERLING HEIG MI,-$4.57,$301.52,
1/24/2024,1669,Spending - 7139,GRAND TAVERN 01/23 PURCHASE ROCHESTER HIL MI,-$25.97,$275.55,
1/25/2024,1670,Spending - 7139,JIMMY JOHNS 2184 01/24 PURCHASE WARREN MI,-$10.17,$265.38,
1/25/2024,1671,Spending - 7139,CONTINENTAL SERVI 01/24 PURCHASE WARREN MI,-$2.65,$262.73,
1/25/2024,1672,Spending - 7139,CONTINENTAL SERVI 01/24 PURCHASE WARREN MI,-$2.65,$260.08,
1/26/2024,1673,Spending - 7139,Online scheduled transfer from CHK 3102 Confirmation# XXXXX40543,$125.00,$385.08,
1/26/2024,1674,Spending - 7139,Online scheduled transfer from CHK 3102 Confirmation# XXXXX40544,$125.00,$510.08,
1/26/2024,1675,Spending - 7139,Online scheduled transfer from CHK 3102 Confirmation# XXXXX40545,$20.00,$530.08,
1/26/2024,1676,Spending - 7139,BIGGBY COFFEE #67 01/25 PURCHASE STERLING HEIG MI,-$2.85,$527.23,
1/26/2024,1677,Spending - 7139,BIGGBY COFFEE #67 01/25 PURCHASE STERLING HEIG MI,-$12.71,$514.52,
1/26/2024,1678,Spending - 7139,CONTINENTAL SERVI 01/25 PURCHASE WARREN MI,-$1.65,$512.87,
1/26/2024,1679,Spending - 7139,Lil Thai Express 01/25 PURCHASE Clinton Twp MI,-$47.50,$465.37,
1/29/2024,1680,Spending - 7139,AMARIN THAI CUISI 01/25 PURCHASE WARREN MI,-$13.66,$451.71,
1/29/2024,1681,Spending - 7139,NST THE HOME D 01/27 PURCHASE ROSEVILLE MI,-$102.18,$349.53,
1/29/2024,1682,Spending - 7139,Big Boy Restauran 01/28 PURCHASE Fraser MI,-$27.30,$322.23,
2/2/2024,1683,Spending - 7139,Online scheduled transfer from CHK 3102 Confirmation# XXXXX58277,$125.00,$447.23,
2/2/2024,1684,Spending - 7139,Online scheduled transfer from CHK 3102 Confirmation# XXXXX58278,$125.00,$572.23,
2/2/2024,1685,Spending - 7139,Online scheduled transfer from CHK 3102 Confirmation# XXXXX58279,$20.00,$592.23,
2/9/2024,1686,Spending - 7139,Online scheduled transfer from CHK 3102 Confirmation# XXXXX63250,$125.00,$717.23,
2/9/2024,1687,Spending - 7139,Online scheduled transfer from CHK 3102 Confirmation# XXXXX63251,$125.00,$842.23,
2/9/2024,1688,Spending - 7139,Online scheduled transfer from CHK 3102 Confirmation# XXXXX63252,$20.00,$862.23,
2/9/2024,1689,Spending - 7139,Monthly Maintenance Fee,-$4.95,$857.28,
2/16/2024,1690,Spending - 7139,Online scheduled transfer from CHK 3102 Confirmation# XXXXX60493,$125.00,$982.28,
2/16/2024,1691,Spending - 7139,Online scheduled transfer from CHK 3102 Confirmation# XXXXX60494,$125.00,$1107.28,
2/16/2024,1692,Spending - 7139,Online scheduled transfer from CHK 3102 Confirmation# XXXXX60495,$20.00,$1127.28,
2/20/2024,1693,Spending - 7139,Online Banking transfer to CHK 3102 Confirmation# XXXXX51040,-$661.86,$465.42,
2/23/2024,1694,Spending - 7139,Online scheduled transfer from CHK 3102 Confirmation# XXXXX43947,$125.00,$590.42,
2/23/2024,1695,Spending - 7139,Online scheduled transfer from CHK 3102 Confirmation# XXXXX43948,$125.00,$715.42,
2/23/2024,1696,Spending - 7139,Online scheduled transfer from CHK 3102 Confirmation# XXXXX43949,$20.00,$735.42,
3/1/2024,1697,Spending - 7139,Online scheduled transfer from CHK 3102 Confirmation# XXXXX42560,$125.00,$860.42,
3/1/2024,1698,Spending - 7139,Online scheduled transfer from CHK 3102 Confirmation# XXXXX42561,$125.00,$985.42,
3/1/2024,1699,Spending - 7139,Online scheduled transfer from CHK 3102 Confirmation# XXXXX42562,$20.00,$1005.42,
3/4/2024,1700,Spending - 7139,NNT HARU FRESH 03/03 PURCHASE STERLING HEIG MI,-$3.71,$1001.71,
3/5/2024,1701,Spending - 7139,BKOFAMERICA ATM 03/05 #XXXXX2659 WITHDRWL SCHOENHERR ROAD WARREN MI,-$60.00,$941.71,
3/8/2024,1702,Spending - 7139,Online scheduled transfer from CHK 3102 Confirmation# XXXXX28274,$125.00,$1066.71,
3/8/2024,1703,Spending - 7139,Online scheduled transfer from CHK 3102 Confirmation# XXXXX28275,$125.00,$1191.71,
3/8/2024,1704,Spending - 7139,Online scheduled transfer from CHK 3102 Confirmation# XXXXX28276,$20.00,$1211.71,
3/12/2024,1705,Spending - 7139,Monthly Maintenance Fee,-$4.95,$1206.76,
3/15/2024,1706,Spending - 7139,Online scheduled transfer from CHK 3102 Confirmation# XXXXX98464,$125.00,$1331.76,
3/15/2024,1707,Spending - 7139,Online scheduled transfer from CHK 3102 Confirmation# XXXXX98465,$125.00,$1456.76,
3/15/2024,1708,Spending - 7139,Online scheduled transfer from CHK 3102 Confirmation# XXXXX98466,$20.00,$1476.76,
3/18/2024,1709,Spending - 7139,Online Banking transfer to CHK 3102 Confirmation# XXXXX57881,-$1143.00,$333.76,
3/22/2024,1710,Spending - 7139,Online scheduled transfer from CHK 3102 Confirmation# XXXXX32392,$125.00,$458.76,
3/22/2024,1711,Spending - 7139,Online scheduled transfer from CHK 3102 Confirmation# XXXXX32393,$125.00,$583.76,
3/22/2024,1712,Spending - 7139,Online scheduled transfer from CHK 3102 Confirmation# XXXXX32394,$20.00,$603.76,
3/29/2024,1713,Spending - 7139,Online scheduled transfer from CHK 3102 Confirmation# XXXXX91857,$125.00,$728.76,
3/29/2024,1714,Spending - 7139,Online scheduled transfer from CHK 3102 Confirmation# XXXXX91858,$125.00,$853.76,
3/29/2024,1715,Spending - 7139,Online scheduled transfer from CHK 3102 Confirmation# XXXXX91859,$20.00,$873.76,
4/5/2024,1716,Spending - 7139,Online scheduled transfer from CHK 3102 Confirmation# XXXXX25987,$125.00,$998.76,
4/5/2024,1717,Spending - 7139,Online scheduled transfer from CHK 3102 Confirmation# XXXXX25988,$125.00,$1123.76,
4/5/2024,1718,Spending - 7139,Online scheduled transfer from CHK 3102 Confirmation# XXXXX25989,$20.00,$1143.76,
4/11/2024,1719,Spending - 7139,Online Banking payment to CRD 5496 Confirmation# XXXXX17810,-$569.16,$574.60,
4/11/2024,1720,Spending - 7139,Monthly Maintenance Fee,-$4.95,$569.65,
4/12/2024,1721,Spending - 7139,Online scheduled transfer from CHK 3102 Confirmation# XXXXX47467,$125.00,$694.65,
4/12/2024,1722,Spending - 7139,Online scheduled transfer from CHK 3102 Confirmation# XXXXX47468,$125.00,$819.65,
4/12/2024,1723,Spending - 7139,Online scheduled transfer from CHK 3102 Confirmation# XXXXX47469,$20.00,$839.65,
4/15/2024,1724,Spending - 7139,BIGGBY COFFEE #67 04/12 PURCHASE STERLING HEIG MI,-$2.85,$836.80,
4/15/2024,1725,Spending - 7139,231 AMF XXXXX2526 04/13 PURCHASE ROSEVILLE MI,-$14.39,$822.41,
4/17/2024,1726,Spending - 7139,KIT CHEN THAI BY 04/15 PURCHASE WARREN MI,-$11.66,$810.75,
4/17/2024,1727,Spending - 7139,CONTINENTAL SERVI 04/16 PURCHASE WARREN MI,-$2.15,$808.60,
4/17/2024,1728,Spending - 7139,MEIJER # 306 04/16 PURCHASE WARREN MI,-$12.18,$796.42,
4/17/2024,1729,Spending - 7139,THE PET BEASTRO ( 04/16 PURCHASE WARREN MI,-$49.81,$746.61,
4/18/2024,1730,Spending - 7139,GRAND TAVERN 04/16 PURCHASE ROCHESTER HIL MI,-$23.02,$723.59,
4/18/2024,1731,Spending - 7139,HANEYS FAMILY RES 04/17 PURCHASE CENTER LINE MI,-$18.30,$705.29,
4/19/2024,1732,Spending - 7139,Online scheduled transfer from CHK 3102 Confirmation# XXXXX36434,$125.00,$830.29,
4/19/2024,1733,Spending - 7139,Online scheduled transfer from CHK 3102 Confirmation# XXXXX36435,$125.00,$955.29,
4/19/2024,1734,Spending - 7139,Online scheduled transfer from CHK 3102 Confirmation# XXXXX36436,$20.00,$975.29,
4/19/2024,1735,Spending - 7139,BIGGBY COFFEE #67 04/18 PURCHASE STERLING HEIG MI,-$2.85,$972.44,
4/19/2024,1736,Spending - 7139,MEIJER # 306 04/18 PURCHASE WARREN MI,-$13.77,$958.67,
4/22/2024,1737,Spending - 7139,BIGGBY COFFEE #67 04/19 PURCHASE STERLING HEIG MI,-$2.85,$955.82,
4/22/2024,1738,Spending - 7139,CONTINENTAL SERVI 04/19 PURCHASE WARREN MI,-$2.65,$953.17,
4/22/2024,1739,Spending - 7139,HAMLIN PUB TIENKE 04/20 PURCHASE ROCHESTER MI,-$24.62,$928.55,
4/22/2024,1740,Spending - 7139,HARU FRESH JUI 04/21 PURCHASE STERLING HEIG MI,-$3.71,$924.84,
4/22/2024,1741,Spending - 7139,NNT ETERNAL GA 04/22 PURCHASE WARREN MI,-$9.52,$915.32,
4/24/2024,1742,Spending - 7139,KIT CHEN THAI BY 04/22 PURCHASE WARREN MI,-$11.66,$903.66,
4/24/2024,1743,Spending - 7139,BIGGBY COFFEE #67 04/23 PURCHASE STERLING HEIG MI,-$2.85,$900.81,
4/24/2024,1744,Spending - 7139,BIGGBY COFFEE #67 04/23 PURCHASE STERLING HEIG MI,-$2.53,$898.28,
4/24/2024,1745,Spending - 7139,LOUIES HAM & CORN 04/23 PURCHASE WARREN MI,-$14.72,$883.56,
4/24/2024,1746,Spending - 7139,GRAND TAVERN 04/23 PURCHASE ROCHESTER HIL MI,-$18.31,$865.25,
4/26/2024,1747,Spending - 7139,Online scheduled transfer from CHK 3102 Confirmation# XXXXX26255,$125.00,$990.25,
4/26/2024,1748,Spending - 7139,Online scheduled transfer from CHK 3102 Confirmation# XXXXX26256,$125.00,$1115.25,
4/26/2024,1749,Spending - 7139,Online scheduled transfer from CHK 3102 Confirmation# XXXXX26257,$20.00,$1135.25,
4/26/2024,1750,Spending - 7139,BIGGBY COFFEE #67 04/25 PURCHASE STERLING HEIG MI,-$2.85,$1132.40,
4/29/2024,1751,Spending - 7139,FI *RESTAURANT 04/25 PURCHASE WARREN MI,-$27.67,$1104.73,
4/29/2024,1752,Spending - 7139,BIGGBY COFFEE #67 04/26 PURCHASE STERLING HEIG MI,-$2.85,$1101.88,
4/29/2024,1753,Spending - 7139,TACO BELL 35098 04/26 PURCHASE WARREN MI,-$4.65,$1097.23,
4/29/2024,1754,Spending - 7139,CONTINENTAL SERVI 04/26 PURCHASE WARREN MI,-$2.15,$1095.08,
4/29/2024,1755,Spending - 7139,MEIJER # 145 FUEL 04/27 PURCHASE FRASER MI,-$43.64,$1051.44,
4/29/2024,1756,Spending - 7139,SOHO 04/27 PURCHASE ROCHESTER HIL MI,-$12.18,$1039.26,
4/29/2024,1757,Spending - 7139,CHICK-FIL-A #0435 04/27 PURCHASE SHELBY TOWNSH MI,-$29.01,$1010.25,
5/1/2024,1758,Spending - 7139,BIGGBY COFFEE #67 04/30 PURCHASE STERLING HEIG MI,-$1.72,$1008.53,
5/2/2024,1759,Spending - 7139,GRAND TAVERN 04/30 PURCHASE ROCHESTER HIL MI,-$28.38,$980.15,
5/2/2024,1760,Spending - 7139,BIGGBY COFFEE #67 05/01 PURCHASE STERLING HEIG MI,-$2.85,$977.30,
5/2/2024,1761,Spending - 7139,MEIJER # 145 05/01 PURCHASE FRASER MI,-$22.35,$954.95,
5/3/2024,1762,Spending - 7139,Online scheduled transfer from CHK 3102 Confirmation# XXXXX45007,$125.00,$1079.95,
5/3/2024,1763,Spending - 7139,Online scheduled transfer from CHK 3102 Confirmation# XXXXX45008,$125.00,$1204.95,
5/3/2024,1764,Spending - 7139,Online scheduled transfer from CHK 3102 Confirmation# XXXXX45009,$20.00,$1224.95,
5/3/2024,1765,Spending - 7139,BIGGBY COFFEE #67 05/02 PURCHASE STERLING HEIG MI,-$2.85,$1222.10,
5/3/2024,1766,Spending - 7139,CULVER'S OF FORT 05/02 PURCHASE FORT WAYNE IN,-$12.61,$1209.49,
5/3/2024,1767,Spending - 7139,FLYING J # 108 05/03 PURCHASE MARION IN,-$47.37,$1162.12,
5/6/2024,1768,Spending - 7139,SQ *NO LIMIT GAMI 05/03 REFUND Kettering OH,$21.49,$1183.61,
5/6/2024,1769,Spending - 7139,WENDYS 1086 05/03 PURCHASE MARION IN,-$10.58,$1173.03,
5/6/2024,1770,Spending - 7139,SQ *PRODIGY GAMES 05/03 PURCHASE Indianapolis IN,-$50.29,$1122.74,
5/6/2024,1771,Spending - 7139,SQ *NO LIMIT GAMI 05/03 PURCHASE Kettering OH,-$52.49,$1070.25,
5/6/2024,1772,Spending - 7139,"Zelle payment to ANTHONY CUETO for Deposit for Gojo eyes tattoo""; Conf# indxxpx8q""",-$100.00,$970.25,
5/6/2024,1773,Spending - 7139,"Zelle payment to ANTHONY CUETO for Tip from Brayden""; Conf# fj71fvk4k""",-$100.00,$870.25,
5/10/2024,1774,Spending - 7139,Online scheduled transfer from CHK 3102 Confirmation# XXXXX02113,$125.00,$995.25,
5/10/2024,1775,Spending - 7139,Online scheduled transfer from CHK 3102 Confirmation# XXXXX02114,$125.00,$1120.25,
5/10/2024,1776,Spending - 7139,Online scheduled transfer from CHK 3102 Confirmation# XXXXX02115,$20.00,$1140.25,
5/13/2024,1777,Spending - 7139,LS FRASER BICYCLE 05/11 PURCHASE FRASER MI,-$38.00,$1102.25,
5/13/2024,1778,Spending - 7139,LS FRASER BICYCLE 05/11 PURCHASE FRASER MI,-$55.63,$1046.62,
5/13/2024,1779,Spending - 7139,HARU FRESH JUI 05/12 PURCHASE STERLING HEIG MI,-$22.31,$1024.31,
5/13/2024,1780,Spending - 7139,CULVERS STERLING 05/12 PURCHASE STERLING HEIG MI,-$8.03,$1016.28,
5/14/2024,1781,Spending - 7139,MEIJER # 145 FUEL 05/12 PURCHASE FRASER MI,-$48.30,$967.98,
5/14/2024,1782,Spending - 7139,BIGGBY COFFEE #67 05/13 PURCHASE STERLING HEIG MI,-$2.85,$965.13,
5/14/2024,1783,Spending - 7139,FI *RESTAURANT 05/13 PURCHASE WARREN MI,-$13.01,$952.12,
5/14/2024,1784,Spending - 7139,CULVERS STERLING 05/13 PURCHASE STERLING HEIG MI,-$8.25,$943.87,
5/16/2024,1785,Spending - 7139,GRAND TAVERN 05/14 PURCHASE ROCHESTER HIL MI,-$10.36,$933.51,
5/16/2024,1786,Spending - 7139,BIGGBY COFFEE #67 05/15 PURCHASE STERLING HEIG MI,-$2.85,$930.66,
5/17/2024,1787,Spending - 7139,Online scheduled transfer from CHK 3102 Confirmation# XXXXX18127,$125.00,$1055.66,
5/17/2024,1788,Spending - 7139,Online scheduled transfer from CHK 3102 Confirmation# XXXXX18128,$125.00,$1180.66,
5/17/2024,1789,Spending - 7139,Online scheduled transfer from CHK 3102 Confirmation# XXXXX18129,$20.00,$1200.66,
5/17/2024,1790,Spending - 7139,BIGGBY COFFEE #67 05/16 PURCHASE STERLING HEIG MI,-$2.85,$1197.81,
5/17/2024,1791,Spending - 7139,MEIJER # 145 05/16 PURCHASE FRASER MI,-$7.68,$1190.13,
5/20/2024,1792,Spending - 7139,Online Banking transfer from CHK 3102 Confirmation# XXXXX64487,$180.00,$1370.13,
5/20/2024,1793,Spending - 7139,TACO BELL 35098 05/16 PURCHASE WARREN MI,-$4.65,$1365.48,
5/20/2024,1794,Spending - 7139,ETERNAL GAMES 05/16 PURCHASE NEW BALTIMORE MI,-$5.00,$1360.48,
5/20/2024,1795,Spending - 7139,ETERNAL GAMES 05/16 PURCHASE NEW BALTIMORE MI,-$31.79,$1328.69,
5/20/2024,1796,Spending - 7139,ETERNAL GAMES 05/18 PURCHASE NEW BALTIMORE MI,-$25.00,$1303.69,
5/20/2024,1797,Spending - 7139,ETERNAL GAMES 05/18 PURCHASE NEW BALTIMORE MI,-$30.00,$1273.69,
5/20/2024,1798,Spending - 7139,NNT BORDINE RO 05/19 PURCHASE ROCHESTER HIL MI,-$101.70,$1171.99,
5/20/2024,1799,Spending - 7139,COSTCO WHSE #0 05/20 PURCHASE ROSEVILLE MI,-$4.96,$1167.03,
5/20/2024,1800,Spending - 7139,COSTCO WHSE #0 05/20 PURCHASE ROSEVILLE MI,-$128.85,$1038.18,
5/20/2024,1801,Spending - 7139,COSTCO GAS #03 05/20 PURCHASE ROSEVILLE MI,-$39.68,$998.50,
5/20/2024,1802,Spending - 7139,Online Banking transfer to CHK 3102 Confirmation# XXXXX76864,-$360.00,$638.50,
5/21/2024,1803,Spending - 7139,LS FRASER BICYCLE 05/20 PURCHASE FRASER MI,-$16.80,$621.70,
5/21/2024,1804,Spending - 7139,BANK OF AMERICA CREDIT CARD Bill Payment,-$22.53,$599.17,
5/22/2024,1805,Spending - 7139,GRAND TAVERN 05/21 PURCHASE ROCHESTER HIL MI,-$24.14,$575.03,
5/24/2024,1806,Spending - 7139,Online scheduled transfer from CHK 3102 Confirmation# XXXXX96252,$125.00,$700.03,
5/24/2024,1807,Spending - 7139,Online scheduled transfer from CHK 3102 Confirmation# XXXXX96253,$125.00,$825.03,
5/24/2024,1808,Spending - 7139,Online scheduled transfer from CHK 3102 Confirmation# XXXXX96254,$20.00,$845.03,
5/24/2024,1809,Spending - 7139,FI *RESTAURANT 05/20 PURCHASE WARREN MI,-$14.45,$830.58,
5/24/2024,1810,Spending - 7139,KIT CHEN THAI BY 05/22 PURCHASE WARREN MI,-$11.66,$818.92,
5/24/2024,1811,Spending - 7139,BIGGBY COFFEE #67 05/23 PURCHASE STERLING HEIG MI,-$2.85,$816.07,
5/24/2024,1812,Spending - 7139,LS FRASER BICYCLE 05/23 PURCHASE FRASER MI,-$37.10,$778.97,
5/24/2024,1813,Spending - 7139,CHIPOTLE 4148 05/23 PURCHASE CLINTON TOWNS MI,-$12.51,$766.46,
5/28/2024,1814,Spending - 7139,ETERNAL GAMES 05/23 PURCHASE NEW BALTIMORE MI,-$5.00,$761.46,
5/28/2024,1815,Spending - 7139,BIGGBY COFFEE #67 05/24 PURCHASE STERLING HEIG MI,-$5.38,$756.08,
5/28/2024,1816,Spending - 7139,MR CS CAR WASH NU 05/25 PURCHASE SHELBY TOWNSH MI,-$9.00,$747.08,
5/28/2024,1817,Spending - 7139,CULVERS STERLING 05/25 PURCHASE STERLING HEIG MI,-$17.14,$729.94,
5/29/2024,1818,Spending - 7139,BIGGBY COFFEE #67 05/28 PURCHASE STERLING HEIG MI,-$4.57,$725.37,
5/29/2024,1819,Spending - 7139,LITTLE CAESARS #1 05/28 PURCHASE WARREN MI,-$4.23,$721.14,
5/29/2024,1820,Spending - 7139,GRAND TAVERN 05/28 PURCHASE ROCHESTER HIL MI,-$18.84,$702.30,
5/30/2024,1821,Spending - 7139,BIGGBY COFFEE #67 05/29 PURCHASE STERLING HEIG MI,-$2.85,$699.45,
5/30/2024,1822,Spending - 7139,13 MILE AND MO 05/30 PURCHASE WARREN MI,-$40.15,$659.30,
5/31/2024,1823,Spending - 7139,Online scheduled transfer from CHK 3102 Confirmation# XXXXX38412,$125.00,$784.30,
5/31/2024,1824,Spending - 7139,Online scheduled transfer from CHK 3102 Confirmation# XXXXX38413,$125.00,$909.30,
5/31/2024,1825,Spending - 7139,Online scheduled transfer from CHK 3102 Confirmation# XXXXX38414,$20.00,$929.30,
5/31/2024,1826,Spending - 7139,BIGGBY COFFEE #67 05/30 PURCHASE STERLING HEIG MI,-$2.85,$926.45,
5/31/2024,1827,Spending - 7139,SQ *GEEKY ENDEAVO 05/30 PURCHASE Sandusky OH,-$69.39,$857.06,
6/3/2024,1828,Spending - 7139,FI *RESTAURANT 05/29 PURCHASE WARREN MI,-$14.45,$842.61,
6/3/2024,1829,Spending - 7139,TACO BELL #20212 05/30 PURCHASE MONROE MI,-$6.14,$836.47,
6/3/2024,1830,Spending - 7139,KALAHARI RESTAURA 05/30 PURCHASE SANDUSKY OH,-$10.68,$825.79,
6/3/2024,1831,Spending - 7139,KALAHARI RESTAURA 05/31 PURCHASE SANDUSKY OH,-$58.88,$766.91,
6/3/2024,1832,Spending - 7139,KALAHARI RETAIL-O 05/31 PURCHASE SANDUSKY OH,-$26.68,$740.23,
6/3/2024,1833,Spending - 7139,SQ *ARIELLE SEKUL 05/31 PURCHASE Sandusky OH,-$69.71,$670.52,
6/3/2024,1834,Spending - 7139,SQ *DARK MOON CAR 05/31 PURCHASE Sandusky OH,-$17.05,$653.47,
6/3/2024,1835,Spending - 7139,SP SANSHEE LLC 05/31 PURCHASE BREMERTON WA,-$27.74,$625.73,
6/3/2024,1836,Spending - 7139,SQ *COEY & SHY 05/31 PURCHASE Sandusky OH,-$75.25,$550.48,
6/3/2024,1837,Spending - 7139,SQ *KICKIN' RAD! 05/31 PURCHASE Winter Park FL,-$7.00,$543.48,
6/3/2024,1838,Spending - 7139,SQ *SENPAI SQUAD 05/31 PURCHASE Sandusky OH,-$41.70,$501.78,
6/3/2024,1839,Spending - 7139,SQ *STUDIOKITSU.N 05/31 PURCHASE Norwalk CT,-$25.00,$476.78,
6/3/2024,1840,Spending - 7139,KALAHARI-BIGGAMER 06/01 PURCHASE SANDUSKY OH,-$25.00,$451.78,
6/3/2024,1841,Spending - 7139,KALAHARI RESORTS 06/01 PURCHASE SANDUSKY OH,-$20.00,$431.78,
6/3/2024,1842,Spending - 7139,BEST LOCKERS (KAL 06/01 PURCHASE SANDUSKY OH,-$25.00,$406.78,
6/3/2024,1843,Spending - 7139,SQ *NOSTALGIACONV 06/01 PURCHASE Sandusky OH,-$80.00,$326.78,
6/3/2024,1844,Spending - 7139,KALAHARI RESTAURA 06/01 PURCHASE SANDUSKY OH,-$27.11,$299.67,
6/3/2024,1845,Spending - 7139,SQ *GEEKY ENDEAVO 06/02 PURCHASE Sandusky OH,-$27.76,$271.91,
6/3/2024,1846,Spending - 7139,SQ *GOLD STAR ANI 06/02 PURCHASE Sandusky OH,-$13.06,$258.85,
6/3/2024,1847,Spending - 7139,SQ *KPOPPIN USA 06/02 PURCHASE Sandusky OH,-$47.92,$210.93,
6/3/2024,1848,Spending - 7139,PP*BOWENDRAGON1 06/02 PURCHASE BALDWIN MI,-$55.00,$155.93,
6/4/2024,1849,Spending - 7139,MEIJER # 145 06/03 PURCHASE FRASER MI,-$94.67,$61.26,
6/5/2024,1850,Spending - 7139,KIT CHEN THAI BY 06/03 PURCHASE WARREN MI,-$11.66,$49.60,
6/6/2024,1851,Spending - 7139,GRAND TAVERN 06/04 PURCHASE ROCHESTER HIL MI,-$25.20,$24.40,
6/7/2024,1852,Spending - 7139,Online scheduled transfer from CHK 3102 Confirmation# XXXXX93128,$125.00,$149.40,
6/7/2024,1853,Spending - 7139,Online scheduled transfer from CHK 3102 Confirmation# XXXXX93129,$125.00,$274.40,
6/7/2024,1854,Spending - 7139,Online scheduled transfer from CHK 3102 Confirmation# XXXXX93130,$20.00,$294.40,
6/7/2024,1855,Spending - 7139,BIGGBY COFFEE #67 06/06 PURCHASE STERLING HEIG MI,-$2.85,$291.55,
6/7/2024,1856,Spending - 7139,CHIPOTLE 4148 06/06 PURCHASE CLINTON TOWNS MI,-$11.98,$279.57,
6/10/2024,1857,Spending - 7139,ETERNAL GAMES 06/06 PURCHASE NEW BALTIMORE MI,-$5.00,$274.57,
6/10/2024,1858,Spending - 7139,BIGGBY COFFEE #67 06/07 PURCHASE STERLING HEIG MI,-$5.38,$269.19,
6/10/2024,1859,Spending - 7139,MARKET@WORK 20673 06/07 PURCHASE RENTON WA,-$2.19,$267.00,
6/10/2024,1860,Spending - 7139,LS FRASER BICYCLE 06/08 PURCHASE FRASER MI,-$57.24,$209.76,
6/10/2024,1861,Spending - 7139,Monthly Maintenance Fee,-$4.95,$204.81,
6/12/2024,1862,Spending - 7139,BIGGBY COFFEE #67 06/11 PURCHASE STERLING HEIG MI,-$5.38,$199.43,
6/12/2024,1863,Spending - 7139,MARKET@WORK 20673 06/11 PURCHASE RENTON WA,-$2.19,$197.24,
6/13/2024,1864,Spending - 7139,GRAND TAVERN 06/11 PURCHASE ROCHESTER HIL MI,-$24.02,$173.22,
6/13/2024,1865,Spending - 7139,BIGGBY COFFEE #67 06/12 PURCHASE STERLING HEIG MI,-$2.85,$170.37,
6/13/2024,1866,Spending - 7139,MARKET@WORK 20673 06/12 PURCHASE RENTON WA,-$3.88,$166.49,
6/14/2024,1867,Spending - 7139,Online scheduled transfer from CHK 3102 Confirmation# XXXXX06399,$125.00,$291.49,
6/14/2024,1868,Spending - 7139,Online scheduled transfer from CHK 3102 Confirmation# XXXXX06400,$125.00,$416.49,
6/14/2024,1869,Spending - 7139,Online scheduled transfer from CHK 3102 Confirmation# XXXXX06401,$20.00,$436.49,
6/14/2024,1870,Spending - 7139,BIGGBY COFFEE #67 06/13 PURCHASE STERLING HEIG MI,-$2.85,$433.64,
6/14/2024,1871,Spending - 7139,MEIJER EXPRESS 14 06/13 PURCHASE FRASER MI,-$1.05,$432.59,
6/14/2024,1872,Spending - 7139,GDP*Amy Kowalski 06/13 PURCHASE Sterling Heig MI,-$29.68,$402.91,
6/14/2024,1873,Spending - 7139,SQ *BBQ DADDY - F 06/13 PURCHASE Sterling Heig MI,-$15.00,$387.91,
6/14/2024,1874,Spending - 7139,NNT IKEA CANTO 06/14 PURCHASE CANTON MI,-$13.38,$374.53,
6/20/2024,1875,Spending - 7139,CONTINENTAL SERVI 06/19 PURCHASE WARREN MI,-$2.65,$371.88,
6/21/2024,1876,Spending - 7139,Online Banking transfer from CHK 3102 Confirmation# XXXXX97029,$2200.00,$2571.88,
6/21/2024,1877,Spending - 7139,Online scheduled transfer from CHK 3102 Confirmation# XXXXX87667,$125.00,$2696.88,
6/21/2024,1878,Spending - 7139,Online scheduled transfer from CHK 3102 Confirmation# XXXXX87668,$125.00,$2821.88,
6/21/2024,1879,Spending - 7139,Online scheduled transfer from CHK 3102 Confirmation# XXXXX87669,$20.00,$2841.88,
6/21/2024,1880,Spending - 7139,TST* NATIONAL CON 06/20 PURCHASE Fraser MI,-$25.75,$2816.13,
6/21/2024,1881,Spending - 7139,Bank of America Credit Card Bill Payment,-$2756.02,$60.11,
6/24/2024,1882,Spending - 7139,Online Banking transfer from SAV 9875 Confirmation# XXXXX13923,$300.00,$360.11,
6/24/2024,1883,Spending - 7139,TACO BELL 35098 06/20 PURCHASE WARREN MI,-$10.59,$349.52,
6/24/2024,1884,Spending - 7139,Speedway 06/22 PURCHASE Kalamazoo MI,-$7.36,$342.16,
6/25/2024,1885,Spending - 7139,MARKET@WORK 20673 06/24 PURCHASE RENTON WA,-$2.19,$339.97,
6/25/2024,1886,Spending - 7139,SOHO 06/24 PURCHASE ROCHESTER HIL MI,-$30.42,$309.55,
6/25/2024,1887,Spending - 7139,TARGET 000 06/24 PURCHASE ROCHESTER MI,-$75.19,$234.36,
6/27/2024,1888,Spending - 7139,GRAND TAVERN 06/25 PURCHASE ROCHESTER HIL MI,-$26.20,$208.16,
6/28/2024,1889,Spending - 7139,Online scheduled transfer from CHK 3102 Confirmation# XXXXX90407,$125.00,$333.16,
6/28/2024,1890,Spending - 7139,Online scheduled transfer from CHK 3102 Confirmation# XXXXX90408,$125.00,$458.16,
6/28/2024,1891,Spending - 7139,Online scheduled transfer from CHK 3102 Confirmation# XXXXX90409,$20.00,$478.16,
6/28/2024,1892,Spending - 7139,BIGGBY COFFEE #67 06/27 PURCHASE STERLING HEIG MI,-$4.57,$473.59,
6/28/2024,1893,Spending - 7139,MARKET@WORK 20673 06/27 PURCHASE RENTON WA,-$2.99,$470.60,
7/1/2024,1894,Spending - 7139,ETERNAL GAMES 06/27 PURCHASE NEW BALTIMORE MI,-$5.00,$465.60,
7/5/2024,1895,Spending - 7139,Online scheduled transfer from CHK 3102 Confirmation# XXXXX33073,$125.00,$590.60,
7/5/2024,1896,Spending - 7139,Online scheduled transfer from CHK 3102 Confirmation# XXXXX33074,$125.00,$715.60,
7/5/2024,1897,Spending - 7139,Online scheduled transfer from CHK 3102 Confirmation# XXXXX33075,$20.00,$735.60,
7/5/2024,1898,Spending - 7139,Online Banking transfer to CHK 3102 Confirmation# XXXXX77794,-$500.00,$235.60,
7/12/2024,1899,Spending - 7139,Online scheduled transfer from CHK 3102 Confirmation# XXXXX58693,$125.00,$360.60,
7/12/2024,1900,Spending - 7139,Online scheduled transfer from CHK 3102 Confirmation# XXXXX58694,$125.00,$485.60,
7/12/2024,1901,Spending - 7139,Online scheduled transfer from CHK 3102 Confirmation# XXXXX58695,$20.00,$505.60,
7/12/2024,1902,Spending - 7139,Monthly Maintenance Fee,-$4.95,$500.65,
7/19/2024,1903,Spending - 7139,Online scheduled transfer from CHK 3102 Confirmation# XXXXX55890,$125.00,$625.65,
7/19/2024,1904,Spending - 7139,Online scheduled transfer from CHK 3102 Confirmation# XXXXX55891,$125.00,$750.65,
7/19/2024,1905,Spending - 7139,Online scheduled transfer from CHK 3102 Confirmation# XXXXX55892,$20.00,$770.65,
7/22/2024,1906,Spending - 7139,BKOFAMERICA ATM 07/21 #XXXXX7791 WITHDRWL 15 MILE AND UTICA CLINTON TOWNS MI,-$100.00,$670.65,
7/23/2024,1907,Spending - 7139,BIGGBY COFFEE #67 07/22 PURCHASE STERLING HEIG MI,-$2.85,$667.80,
7/23/2024,1908,Spending - 7139,LOUIES HAM & CORN 07/22 PURCHASE WARREN MI,-$13.66,$654.14,
7/23/2024,1909,Spending - 7139,Online Banking transfer to CHK 3102 Confirmation# XXXXX71441,-$600.00,$54.14,
7/24/2024,1910,Spending - 7139,BIGGBY COFFEE #67 07/23 PURCHASE STERLING HEIG MI,-$2.85,$51.29,
7/25/2024,1911,Spending - 7139,KIT CHEN THAI BY 07/23 PURCHASE WARREN MI,-$11.66,$39.63,
7/26/2024,1912,Spending - 7139,Online scheduled transfer from CHK 3102 Confirmation# XXXXX43487,$125.00,$164.63,
7/26/2024,1913,Spending - 7139,Online scheduled transfer from CHK 3102 Confirmation# XXXXX43488,$125.00,$289.63,
7/26/2024,1914,Spending - 7139,Online scheduled transfer from CHK 3102 Confirmation# XXXXX43489,$20.00,$309.63,
7/26/2024,1915,Spending - 7139,Online Banking transfer to CHK 3102 Confirmation# XXXXX78428,-$250.00,$59.63,
8/1/2024,1916,Spending - 7139,Online Banking transfer to CHK 3102 Confirmation# XXXXX65819,-$40.00,$19.63,
8/13/2024,1917,Spending - 7139,Monthly Maintenance Fee,-$4.95,$14.68,
8/16/2024,1918,Spending - 7139,Online scheduled transfer from CHK 3102 Confirmation# XXXXX10972,$125.00,$139.68,
8/16/2024,1919,Spending - 7139,Online scheduled transfer from CHK 3102 Confirmation# XXXXX10973,$125.00,$264.68,
8/16/2024,1920,Spending - 7139,Online scheduled transfer from CHK 3102 Confirmation# XXXXX10974,$20.00,$284.68,
8/23/2024,1921,Spending - 7139,Online scheduled transfer from CHK 3102 Confirmation# XXXXX24992,$125.00,$409.68,
8/23/2024,1922,Spending - 7139,Online scheduled transfer from CHK 3102 Confirmation# XXXXX24993,$125.00,$534.68,
8/23/2024,1923,Spending - 7139,Online scheduled transfer from CHK 3102 Confirmation# XXXXX24994,$20.00,$554.68,
8/30/2024,1924,Spending - 7139,Online scheduled transfer from CHK 3102 Confirmation# XXXXX21531,$125.00,$679.68,
8/30/2024,1925,Spending - 7139,Online scheduled transfer from CHK 3102 Confirmation# XXXXX21532,$125.00,$804.68,
8/30/2024,1926,Spending - 7139,Online scheduled transfer from CHK 3102 Confirmation# XXXXX21533,$20.00,$824.68,
9/6/2024,1927,Spending - 7139,Online scheduled transfer from CHK 3102 Confirmation# XXXXX16137,$125.00,$949.68,
9/6/2024,1928,Spending - 7139,Online scheduled transfer from CHK 3102 Confirmation# XXXXX16138,$125.00,$1074.68,
9/6/2024,1929,Spending - 7139,Online scheduled transfer from CHK 3102 Confirmation# XXXXX16139,$20.00,$1094.68,
9/11/2024,1930,Spending - 7139,Monthly Maintenance Fee,-$4.95,$1089.73,
9/13/2024,1931,Spending - 7139,Online scheduled transfer from CHK 3102 Confirmation# XXXXX05601,$125.00,$1214.73,
9/13/2024,1932,Spending - 7139,Online scheduled transfer from CHK 3102 Confirmation# XXXXX05602,$125.00,$1339.73,
9/13/2024,1933,Spending - 7139,Online scheduled transfer from CHK 3102 Confirmation# XXXXX05603,$20.00,$1359.73,
9/17/2024,1934,Spending - 7139,Online Banking payment to CRD 5496 Confirmation# XXXXX08887,-$634.64,$725.09,
9/20/2024,1935,Spending - 7139,Online scheduled transfer from CHK 3102 Confirmation# XXXXX48445,$125.00,$850.09,
9/20/2024,1936,Spending - 7139,Online scheduled transfer from CHK 3102 Confirmation# XXXXX48446,$125.00,$975.09,
9/20/2024,1937,Spending - 7139,Online scheduled transfer from CHK 3102 Confirmation# XXXXX48447,$20.00,$995.09,
9/23/2024,1938,Spending - 7139,Online Banking payment to CRD 5496 Confirmation# XXXXX55516,-$536.78,$458.31,
9/27/2024,1939,Spending - 7139,Online scheduled transfer from CHK 3102 Confirmation# XXXXX24290,$125.00,$583.31,
9/27/2024,1940,Spending - 7139,Online scheduled transfer from CHK 3102 Confirmation# XXXXX24291,$125.00,$708.31,
9/27/2024,1941,Spending - 7139,Online scheduled transfer from CHK 3102 Confirmation# XXXXX24292,$20.00,$728.31,
10/2/2024,1942,Spending - 7139,Online Banking transfer to CHK 3102 Confirmation# XXXXX11829,-$400.00,$328.31,
10/4/2024,1943,Spending - 7139,Online scheduled transfer from CHK 3102 Confirmation# XXXXX09941,$125.00,$453.31,
10/4/2024,1944,Spending - 7139,Online scheduled transfer from CHK 3102 Confirmation# XXXXX09942,$125.00,$578.31,
10/4/2024,1945,Spending - 7139,Online scheduled transfer from CHK 3102 Confirmation# XXXXX09943,$20.00,$598.31,
10/11/2024,1946,Spending - 7139,Online scheduled transfer from CHK 3102 Confirmation# XXXXX93332,$125.00,$723.31,
10/11/2024,1947,Spending - 7139,Online scheduled transfer from CHK 3102 Confirmation# XXXXX93333,$125.00,$848.31,
10/11/2024,1948,Spending - 7139,Online scheduled transfer from CHK 3102 Confirmation# XXXXX93334,$20.00,$868.31,
10/11/2024,1949,Spending - 7139,Monthly Maintenance Fee,-$4.95,$863.36,
10/18/2024,1950,Spending - 7139,Online scheduled transfer from CHK 3102 Confirmation# XXXXX59392,$125.00,$988.36,
10/18/2024,1951,Spending - 7139,Online scheduled transfer from CHK 3102 Confirmation# XXXXX59393,$125.00,$1113.36,
10/18/2024,1952,Spending - 7139,Online scheduled transfer from CHK 3102 Confirmation# XXXXX59394,$20.00,$1133.36,
10/25/2024,1953,Spending - 7139,Online scheduled transfer from CHK 3102 Confirmation# XXXXX35561,$125.00,$1258.36,
10/25/2024,1954,Spending - 7139,Online scheduled transfer from CHK 3102 Confirmation# XXXXX35562,$125.00,$1383.36,
10/25/2024,1955,Spending - 7139,Online scheduled transfer from CHK 3102 Confirmation# XXXXX35563,$20.00,$1403.36,
10/28/2024,1956,Spending - 7139,Online Banking transfer to CHK 3102 Confirmation# XXXXX13507,-$800.00,$603.36,
11/1/2024,1957,Spending - 7139,Online scheduled transfer from CHK 3102 Confirmation# XXXXX42102,$125.00,$728.36,
11/1/2024,1958,Spending - 7139,Online scheduled transfer from CHK 3102 Confirmation# XXXXX42103,$125.00,$853.36,
11/1/2024,1959,Spending - 7139,Online scheduled transfer from CHK 3102 Confirmation# XXXXX42104,$20.00,$873.36,
11/8/2024,1960,Spending - 7139,Online scheduled transfer from CHK 3102 Confirmation# XXXXX47686,$125.00,$998.36,
11/8/2024,1961,Spending - 7139,Online scheduled transfer from CHK 3102 Confirmation# XXXXX47687,$125.00,$1123.36,
11/8/2024,1962,Spending - 7139,Online scheduled transfer from CHK 3102 Confirmation# XXXXX47688,$20.00,$1143.36,
11/15/2024,1963,Spending - 7139,Online scheduled transfer from CHK 3102 Confirmation# XXXXX07404,$125.00,$1268.36,
11/15/2024,1964,Spending - 7139,Online scheduled transfer from CHK 3102 Confirmation# XXXXX07405,$125.00,$1393.36,
11/15/2024,1965,Spending - 7139,"Zelle payment from MARIA SABERON for yum yum _""; Conf# AA0OQL94T""",$40.25,$1433.61,
11/15/2024,1966,Spending - 7139,Online scheduled transfer from CHK 3102 Confirmation# XXXXX07406,$20.00,$1453.61,
11/18/2024,1967,Spending - 7139,"Zelle payment from MARIA SABERON for micro p""; Conf# AA0OQu26n""",$15.00,$1468.61,
5/22/2023,1968,General Spending - 9875,KEEPTHECHANGE CREDIT FROM ACCT3102 EFFECTIVE 05/19,$0.57,$2059.25,
5/23/2023,1969,General Spending - 9875,KEEPTHECHANGE CREDIT FROM ACCT3102 EFFECTIVE 05/22,$6.93,$2066.18,
5/26/2023,1970,General Spending - 9875,Interest Earned,$0.02,$2066.20,
5/31/2023,1971,General Spending - 9875,KEEPTHECHANGE CREDIT FROM ACCT3102 EFFECTIVE 05/30,$0.45,$2066.65,
6/1/2023,1972,General Spending - 9875,KEEPTHECHANGE CREDIT FROM ACCT3102 EFFECTIVE 05/31,$1.03,$2067.68,
6/2/2023,1973,General Spending - 9875,KEEPTHECHANGE CREDIT FROM ACCT3102 EFFECTIVE 06/01,$1.07,$2068.75,
6/6/2023,1974,General Spending - 9875,KEEPTHECHANGE CREDIT FROM ACCT3102 EFFECTIVE 06/05,$0.83,$2069.58,
6/7/2023,1975,General Spending - 9875,KEEPTHECHANGE CREDIT FROM ACCT3102 EFFECTIVE 06/06,$0.50,$2070.08,
6/8/2023,1976,General Spending - 9875,KEEPTHECHANGE CREDIT FROM ACCT3102 EFFECTIVE 06/07,$0.65,$2070.73,
6/9/2023,1977,General Spending - 9875,KEEPTHECHANGE CREDIT FROM ACCT3102 EFFECTIVE 06/08,$1.22,$2071.95,
6/12/2023,1978,General Spending - 9875,KEEPTHECHANGE CREDIT FROM ACCT3102 EFFECTIVE 06/09,$0.02,$2071.97,
6/13/2023,1979,General Spending - 9875,KEEPTHECHANGE CREDIT FROM ACCT3102 EFFECTIVE 06/12,$1.28,$2073.25,
6/14/2023,1980,General Spending - 9875,KEEPTHECHANGE CREDIT FROM ACCT3102 EFFECTIVE 06/13,$0.82,$2074.07,
6/15/2023,1981,General Spending - 9875,KEEPTHECHANGE CREDIT FROM ACCT3102 EFFECTIVE 06/14,$0.60,$2074.67,
6/16/2023,1982,General Spending - 9875,KEEPTHECHANGE CREDIT FROM ACCT3102 EFFECTIVE 06/15,$1.56,$2076.23,
6/20/2023,1983,General Spending - 9875,KEEPTHECHANGE CREDIT FROM ACCT3102 EFFECTIVE 06/16,$0.02,$2076.25,
6/21/2023,1984,General Spending - 9875,KEEPTHECHANGE CREDIT FROM ACCT3102 EFFECTIVE 06/20,$4.37,$2080.62,
6/22/2023,1985,General Spending - 9875,KEEPTHECHANGE CREDIT FROM ACCT3102 EFFECTIVE 06/21,$0.57,$2081.19,
6/23/2023,1986,General Spending - 9875,KEEPTHECHANGE CREDIT FROM ACCT3102 EFFECTIVE 06/22,$2.56,$2083.75,
6/26/2023,1987,General Spending - 9875,KEEPTHECHANGE CREDIT FROM ACCT3102 EFFECTIVE 06/23,$1.02,$2084.77,
6/26/2023,1988,General Spending - 9875,Online Banking transfer to SAV 4571 Confirmation# XXXXX20418,-$1700.00,$384.77,
6/27/2023,1989,General Spending - 9875,KEEPTHECHANGE CREDIT FROM ACCT3102 EFFECTIVE 06/26,$1.71,$386.48,
6/27/2023,1990,General Spending - 9875,Online Banking transfer to CHK 3102 Confirmation# XXXXX42567,-$200.00,$186.48,
6/28/2023,1991,General Spending - 9875,Online Banking transfer to CHK 3102 Confirmation# XXXXX39229,-$100.00,$86.48,
6/28/2023,1992,General Spending - 9875,Interest Earned,$0.02,$86.50,
6/28/2023,1993,General Spending - 9875,Monthly Maintenance Fee,-$5.00,$81.50,
6/29/2023,1994,General Spending - 9875,KEEPTHECHANGE CREDIT FROM ACCT3102 EFFECTIVE 06/28,$0.05,$81.55,
6/30/2023,1995,General Spending - 9875,KEEPTHECHANGE CREDIT FROM ACCT3102 EFFECTIVE 06/29,$0.20,$81.75,
7/3/2023,1996,General Spending - 9875,KEEPTHECHANGE CREDIT FROM ACCT3102 EFFECTIVE 06/30,$0.81,$82.56,
7/5/2023,1997,General Spending - 9875,KEEPTHECHANGE CREDIT FROM ACCT3102 EFFECTIVE 07/03,$0.79,$83.35,
7/11/2023,1998,General Spending - 9875,KEEPTHECHANGE CREDIT FROM ACCT3102 EFFECTIVE 07/10,$0.01,$83.36,
7/13/2023,1999,General Spending - 9875,KEEPTHECHANGE CREDIT FROM ACCT3102 EFFECTIVE 07/12,$0.25,$83.61,
7/18/2023,2000,General Spending - 9875,KEEPTHECHANGE CREDIT FROM ACCT3102 EFFECTIVE 07/17,$0.01,$83.62,
7/20/2023,2001,General Spending - 9875,KEEPTHECHANGE CREDIT FROM ACCT3102 EFFECTIVE 07/19,$1.70,$85.32,
7/21/2023,2002,General Spending - 9875,KEEPTHECHANGE CREDIT FROM ACCT3102 EFFECTIVE 07/20,$1.91,$87.23,
7/24/2023,2003,General Spending - 9875,KEEPTHECHANGE CREDIT FROM ACCT3102 EFFECTIVE 07/21,$0.70,$87.93,
7/25/2023,2004,General Spending - 9875,KEEPTHECHANGE CREDIT FROM ACCT3102 EFFECTIVE 07/24,$3.80,$91.73,
7/26/2023,2005,General Spending - 9875,KEEPTHECHANGE CREDIT FROM ACCT3102 EFFECTIVE 07/25,$0.51,$92.24,
7/27/2023,2006,General Spending - 9875,KEEPTHECHANGE CREDIT FROM ACCT3102 EFFECTIVE 07/26,$1.12,$93.36,
7/27/2023,2007,General Spending - 9875,Monthly Maintenance Fee,-$5.00,$88.36,
7/28/2023,2008,General Spending - 9875,KEEPTHECHANGE CREDIT FROM ACCT3102 EFFECTIVE 07/27,$1.39,$89.75,
7/31/2023,2009,General Spending - 9875,KEEPTHECHANGE CREDIT FROM ACCT3102 EFFECTIVE 07/28,$0.28,$90.03,
8/1/2023,2010,General Spending - 9875,KEEPTHECHANGE CREDIT FROM ACCT3102 EFFECTIVE 07/31,$5.55,$95.58,
8/2/2023,2011,General Spending - 9875,KEEPTHECHANGE CREDIT FROM ACCT3102 EFFECTIVE 08/01,$1.34,$96.92,
8/3/2023,2012,General Spending - 9875,KEEPTHECHANGE CREDIT FROM ACCT3102 EFFECTIVE 08/02,$2.26,$99.18,
8/7/2023,2013,General Spending - 9875,KEEPTHECHANGE CREDIT FROM ACCT3102 EFFECTIVE 08/04,$2.60,$101.78,
8/8/2023,2014,General Spending - 9875,KEEPTHECHANGE CREDIT FROM ACCT3102 EFFECTIVE 08/07,$3.79,$105.57,
8/9/2023,2015,General Spending - 9875,KEEPTHECHANGE CREDIT FROM ACCT3102 EFFECTIVE 08/08,$0.81,$106.38,
8/10/2023,2016,General Spending - 9875,KEEPTHECHANGE CREDIT FROM ACCT3102 EFFECTIVE 08/09,$0.95,$107.33,
8/11/2023,2017,General Spending - 9875,KEEPTHECHANGE CREDIT FROM ACCT3102 EFFECTIVE 08/10,$2.95,$110.28,
8/14/2023,2018,General Spending - 9875,KEEPTHECHANGE CREDIT FROM ACCT3102 EFFECTIVE 08/11,$0.97,$111.25,
8/15/2023,2019,General Spending - 9875,KEEPTHECHANGE CREDIT FROM ACCT3102 EFFECTIVE 08/14,$7.31,$118.56,
8/16/2023,2020,General Spending - 9875,KEEPTHECHANGE CREDIT FROM ACCT3102 EFFECTIVE 08/15,$1.36,$119.92,
8/17/2023,2021,General Spending - 9875,KEEPTHECHANGE CREDIT FROM ACCT3102 EFFECTIVE 08/16,$0.36,$120.28,
8/18/2023,2022,General Spending - 9875,KEEPTHECHANGE CREDIT FROM ACCT3102 EFFECTIVE 08/17,$1.18,$121.46,
8/21/2023,2023,General Spending - 9875,KEEPTHECHANGE CREDIT FROM ACCT3102 EFFECTIVE 08/18,$0.47,$121.93,
8/21/2023,2024,General Spending - 9875,Online Banking transfer from CHK 3102 Confirmation# XXXXX89012,$200.00,$321.93,
8/22/2023,2025,General Spending - 9875,KEEPTHECHANGE CREDIT FROM ACCT3102 EFFECTIVE 08/21,$5.19,$327.12,
8/23/2023,2026,General Spending - 9875,KEEPTHECHANGE CREDIT FROM ACCT3102 EFFECTIVE 08/22,$0.98,$328.10,
8/24/2023,2027,General Spending - 9875,KEEPTHECHANGE CREDIT FROM ACCT3102 EFFECTIVE 08/23,$1.40,$329.50,
8/25/2023,2028,General Spending - 9875,KEEPTHECHANGE CREDIT FROM ACCT3102 EFFECTIVE 08/24,$1.32,$330.82,
8/28/2023,2029,General Spending - 9875,KEEPTHECHANGE CREDIT FROM ACCT3102 EFFECTIVE 08/25,$1.11,$331.93,
8/29/2023,2030,General Spending - 9875,KEEPTHECHANGE CREDIT FROM ACCT3102 EFFECTIVE 08/28,$2.90,$334.83,
8/29/2023,2031,General Spending - 9875,Monthly Maintenance Fee,-$5.00,$329.83,
8/30/2023,2032,General Spending - 9875,KEEPTHECHANGE CREDIT FROM ACCT3102 EFFECTIVE 08/29,$1.40,$331.23,
8/31/2023,2033,General Spending - 9875,KEEPTHECHANGE CREDIT FROM ACCT3102 EFFECTIVE 08/30,$2.41,$333.64,
9/1/2023,2034,General Spending - 9875,KEEPTHECHANGE CREDIT FROM ACCT3102 EFFECTIVE 08/31,$3.35,$336.99,
9/5/2023,2035,General Spending - 9875,KEEPTHECHANGE CREDIT FROM ACCT3102 EFFECTIVE 09/01,$1.19,$338.18,
9/5/2023,2036,General Spending - 9875,Online Banking transfer from SAV 4571 Confirmation# XXXXX72935,$709.74,$1047.92,
9/5/2023,2037,General Spending - 9875,Online Banking transfer from CHK 7139 Confirmation# XXXXX67795,$200.00,$1247.92,
9/6/2023,2038,General Spending - 9875,KEEPTHECHANGE CREDIT FROM ACCT3102 EFFECTIVE 09/05,$0.80,$1248.72,
9/8/2023,2039,General Spending - 9875,Online scheduled transfer from CHK 3102 Confirmation# XXXXX74160,$125.00,$1373.72,
9/11/2023,2040,General Spending - 9875,KEEPTHECHANGE CREDIT FROM ACCT3102 EFFECTIVE 09/08,$2.57,$1376.29,
9/12/2023,2041,General Spending - 9875,KEEPTHECHANGE CREDIT FROM ACCT3102 EFFECTIVE 09/11,$0.01,$1376.30,
9/14/2023,2042,General Spending - 9875,KEEPTHECHANGE CREDIT FROM ACCT3102 EFFECTIVE 09/13,$0.19,$1376.49,
9/15/2023,2043,General Spending - 9875,KEEPTHECHANGE CREDIT FROM ACCT3102 EFFECTIVE 09/14,$0.37,$1376.86,
9/15/2023,2044,General Spending - 9875,Online scheduled transfer from CHK 3102 Confirmation# XXXXX33671,$125.00,$1501.86,
9/18/2023,2045,General Spending - 9875,KEEPTHECHANGE CREDIT FROM ACCT3102 EFFECTIVE 09/15,$0.66,$1502.52,
9/19/2023,2046,General Spending - 9875,KEEPTHECHANGE CREDIT FROM ACCT3102 EFFECTIVE 09/18,$0.94,$1503.46,
9/20/2023,2047,General Spending - 9875,KEEPTHECHANGE CREDIT FROM ACCT3102 EFFECTIVE 09/19,$0.87,$1504.33,
9/21/2023,2048,General Spending - 9875,KEEPTHECHANGE CREDIT FROM ACCT3102 EFFECTIVE 09/20,$3.13,$1507.46,
9/22/2023,2049,General Spending - 9875,KEEPTHECHANGE CREDIT FROM ACCT3102 EFFECTIVE 09/21,$0.81,$1508.27,
9/22/2023,2050,General Spending - 9875,Online scheduled transfer from CHK 3102 Confirmation# XXXXX41429,$125.00,$1633.27,
9/25/2023,2051,General Spending - 9875,KEEPTHECHANGE CREDIT FROM ACCT3102 EFFECTIVE 09/22,$2.62,$1635.89,
9/26/2023,2052,General Spending - 9875,KEEPTHECHANGE CREDIT FROM ACCT3102 EFFECTIVE 09/25,$6.41,$1642.30,
9/27/2023,2053,General Spending - 9875,KEEPTHECHANGE CREDIT FROM ACCT3102 EFFECTIVE 09/26,$0.25,$1642.55,
9/27/2023,2054,General Spending - 9875,Interest Earned,$0.01,$1642.56,
9/28/2023,2055,General Spending - 9875,KEEPTHECHANGE CREDIT FROM ACCT3102 EFFECTIVE 09/27,$2.10,$1644.66,
9/28/2023,2056,General Spending - 9875,Online Banking transfer to CHK 3102 Confirmation# XXXXX98757,-$600.00,$1044.66,
9/29/2023,2057,General Spending - 9875,KEEPTHECHANGE CREDIT FROM ACCT3102 EFFECTIVE 09/28,$0.75,$1045.41,
9/29/2023,2058,General Spending - 9875,Online scheduled transfer from CHK 3102 Confirmation# XXXXX36860,$125.00,$1170.41,
10/2/2023,2059,General Spending - 9875,KEEPTHECHANGE CREDIT FROM ACCT3102 EFFECTIVE 09/29,$0.35,$1170.76,
10/3/2023,2060,General Spending - 9875,KEEPTHECHANGE CREDIT FROM ACCT3102 EFFECTIVE 10/02,$2.42,$1173.18,
10/5/2023,2061,General Spending - 9875,KEEPTHECHANGE CREDIT FROM ACCT3102 EFFECTIVE 10/04,$0.90,$1174.08,
10/6/2023,2062,General Spending - 9875,KEEPTHECHANGE CREDIT FROM ACCT3102 EFFECTIVE 10/05,$0.95,$1175.03,
10/6/2023,2063,General Spending - 9875,Online scheduled transfer from CHK 3102 Confirmation# XXXXX10253,$125.00,$1300.03,
10/10/2023,2064,General Spending - 9875,KEEPTHECHANGE CREDIT FROM ACCT3102 EFFECTIVE 10/06,$0.81,$1300.84,
10/11/2023,2065,General Spending - 9875,KEEPTHECHANGE CREDIT FROM ACCT3102 EFFECTIVE 10/10,$0.72,$1301.56,
10/13/2023,2066,General Spending - 9875,KEEPTHECHANGE CREDIT FROM ACCT3102 EFFECTIVE 10/12,$0.54,$1302.10,
10/13/2023,2067,General Spending - 9875,Online scheduled transfer from CHK 3102 Confirmation# XXXXX72171,$125.00,$1427.10,
10/16/2023,2068,General Spending - 9875,KEEPTHECHANGE CREDIT FROM ACCT3102 EFFECTIVE 10/13,$0.99,$1428.09,
10/17/2023,2069,General Spending - 9875,KEEPTHECHANGE CREDIT FROM ACCT3102 EFFECTIVE 10/16,$0.81,$1428.90,
10/18/2023,2070,General Spending - 9875,KEEPTHECHANGE CREDIT FROM ACCT3102 EFFECTIVE 10/17,$1.22,$1430.12,
10/20/2023,2071,General Spending - 9875,Online scheduled transfer from CHK 3102 Confirmation# XXXXX85920,$125.00,$1555.12,
10/23/2023,2072,General Spending - 9875,KEEPTHECHANGE CREDIT FROM ACCT3102 EFFECTIVE 10/20,$0.90,$1556.02,
10/24/2023,2073,General Spending - 9875,KEEPTHECHANGE CREDIT FROM ACCT3102 EFFECTIVE 10/23,$2.21,$1558.23,
10/24/2023,2074,General Spending - 9875,Online Banking transfer to CHK 3102 Confirmation# XXXXX09439,-$1200.00,$358.23,
10/25/2023,2075,General Spending - 9875,KEEPTHECHANGE CREDIT FROM ACCT3102 EFFECTIVE 10/24,$0.29,$358.52,
10/25/2023,2076,General Spending - 9875,Online Banking transfer from CHK 3102 Confirmation# XXXXX56124,$300.00,$658.52,
10/25/2023,2077,General Spending - 9875,Online Banking transfer to CHK 3102 Confirmation# XXXXX31536,-$358.00,$300.52,
10/26/2023,2078,General Spending - 9875,KEEPTHECHANGE CREDIT FROM ACCT3102 EFFECTIVE 10/25,$1.21,$301.73,
10/27/2023,2079,General Spending - 9875,KEEPTHECHANGE CREDIT FROM ACCT3102 EFFECTIVE 10/26,$0.60,$302.33,
10/27/2023,2080,General Spending - 9875,Online scheduled transfer from CHK 3102 Confirmation# XXXXX33034,$125.00,$427.33,
10/27/2023,2081,General Spending - 9875,Interest Earned,$0.01,$427.34,
10/30/2023,2082,General Spending - 9875,KEEPTHECHANGE CREDIT FROM ACCT3102 EFFECTIVE 10/27,$2.42,$429.76,
10/31/2023,2083,General Spending - 9875,KEEPTHECHANGE CREDIT FROM ACCT3102 EFFECTIVE 10/30,$1.90,$431.66,
11/1/2023,2084,General Spending - 9875,KEEPTHECHANGE CREDIT FROM ACCT3102 EFFECTIVE 10/31,$0.94,$432.60,
11/2/2023,2085,General Spending - 9875,KEEPTHECHANGE CREDIT FROM ACCT3102 EFFECTIVE 11/01,$2.12,$434.72,
11/3/2023,2086,General Spending - 9875,Online scheduled transfer from CHK 3102 Confirmation# XXXXX38588,$125.00,$559.72,
11/6/2023,2087,General Spending - 9875,KEEPTHECHANGE CREDIT FROM ACCT3102 EFFECTIVE 11/03,$0.82,$560.54,
11/9/2023,2088,General Spending - 9875,KEEPTHECHANGE CREDIT FROM ACCT3102 EFFECTIVE 11/08,$0.05,$560.59,
11/10/2023,2089,General Spending - 9875,Online scheduled transfer from CHK 3102 Confirmation# XXXXX79007,$125.00,$685.59,
11/13/2023,2090,General Spending - 9875,KEEPTHECHANGE CREDIT FROM ACCT3102 EFFECTIVE 11/10,$0.85,$686.44,
11/14/2023,2091,General Spending - 9875,KEEPTHECHANGE CREDIT FROM ACCT3102 EFFECTIVE 11/13,$0.83,$687.27,
11/17/2023,2092,General Spending - 9875,Online scheduled transfer from CHK 3102 Confirmation# XXXXX95796,$125.00,$812.27,
11/21/2023,2093,General Spending - 9875,KEEPTHECHANGE CREDIT FROM ACCT3102 EFFECTIVE 11/20,$0.79,$813.06,
11/22/2023,2094,General Spending - 9875,KEEPTHECHANGE CREDIT FROM ACCT3102 EFFECTIVE 11/21,$0.18,$813.24,
11/24/2023,2095,General Spending - 9875,KEEPTHECHANGE CREDIT FROM ACCT3102 EFFECTIVE 11/22,$0.01,$813.25,
11/24/2023,2096,General Spending - 9875,Online scheduled transfer from CHK 3102 Confirmation# XXXXX41373,$125.00,$938.25,
11/27/2023,2097,General Spending - 9875,KEEPTHECHANGE CREDIT FROM ACCT3102 EFFECTIVE 11/24,$1.90,$940.15,
11/28/2023,2098,General Spending - 9875,KEEPTHECHANGE CREDIT FROM ACCT3102 EFFECTIVE 11/27,$3.76,$943.91,
11/28/2023,2099,General Spending - 9875,Interest Earned,$0.01,$943.92,
11/29/2023,2100,General Spending - 9875,KEEPTHECHANGE CREDIT FROM ACCT3102 EFFECTIVE 11/28,$1.29,$945.21,
11/30/2023,2101,General Spending - 9875,KEEPTHECHANGE CREDIT FROM ACCT3102 EFFECTIVE 11/29,$0.99,$946.20,
12/1/2023,2102,General Spending - 9875,Online scheduled transfer from CHK 3102 Confirmation# XXXXX69956,$125.00,$1071.20,
12/4/2023,2103,General Spending - 9875,KEEPTHECHANGE CREDIT FROM ACCT3102 EFFECTIVE 12/01,$1.44,$1072.64,
12/5/2023,2104,General Spending - 9875,KEEPTHECHANGE CREDIT FROM ACCT3102 EFFECTIVE 12/04,$0.24,$1072.88,
12/6/2023,2105,General Spending - 9875,KEEPTHECHANGE CREDIT FROM ACCT3102 EFFECTIVE 12/05,$0.33,$1073.21,
12/8/2023,2106,General Spending - 9875,Online scheduled transfer from CHK 3102 Confirmation# XXXXX64346,$125.00,$1198.21,
12/12/2023,2107,General Spending - 9875,KEEPTHECHANGE CREDIT FROM ACCT3102 EFFECTIVE 12/11,$2.78,$1200.99,
12/13/2023,2108,General Spending - 9875,KEEPTHECHANGE CREDIT FROM ACCT3102 EFFECTIVE 12/12,$0.01,$1201.00,
12/15/2023,2109,General Spending - 9875,Online scheduled transfer from CHK 3102 Confirmation# XXXXX25797,$125.00,$1326.00,
12/19/2023,2110,General Spending - 9875,KEEPTHECHANGE CREDIT FROM ACCT3102 EFFECTIVE 12/18,$0.75,$1326.75,
12/20/2023,2111,General Spending - 9875,KEEPTHECHANGE CREDIT FROM ACCT3102 EFFECTIVE 12/19,$2.35,$1329.10,
12/22/2023,2112,General Spending - 9875,Online scheduled transfer from CHK 3102 Confirmation# XXXXX54233,$125.00,$1454.10,
12/26/2023,2113,General Spending - 9875,KEEPTHECHANGE CREDIT FROM ACCT3102 EFFECTIVE 12/22,$0.01,$1454.11,
12/27/2023,2114,General Spending - 9875,KEEPTHECHANGE CREDIT FROM ACCT3102 EFFECTIVE 12/26,$1.05,$1455.16,
12/27/2023,2115,General Spending - 9875,Interest Earned,$0.01,$1455.17,
12/28/2023,2116,General Spending - 9875,KEEPTHECHANGE CREDIT FROM ACCT3102 EFFECTIVE 12/27,$0.74,$1455.91,
12/29/2023,2117,General Spending - 9875,KEEPTHECHANGE CREDIT FROM ACCT3102 EFFECTIVE 12/28,$0.11,$1456.02,
12/29/2023,2118,General Spending - 9875,Online scheduled transfer from CHK 3102 Confirmation# XXXXX31009,$125.00,$1581.02,
1/2/2024,2119,General Spending - 9875,KEEPTHECHANGE CREDIT FROM ACCT3102 EFFECTIVE 12/29,$0.78,$1581.80,
1/3/2024,2120,General Spending - 9875,KEEPTHECHANGE CREDIT FROM ACCT3102 EFFECTIVE 01/02,$0.60,$1582.40,
1/5/2024,2121,General Spending - 9875,Online scheduled transfer from CHK 3102 Confirmation# XXXXX63543,$125.00,$1707.40,
1/8/2024,2122,General Spending - 9875,KEEPTHECHANGE CREDIT FROM ACCT3102 EFFECTIVE 01/05,$0.01,$1707.41,
1/11/2024,2123,General Spending - 9875,KEEPTHECHANGE CREDIT FROM ACCT3102 EFFECTIVE 01/10,$0.01,$1707.42,
1/12/2024,2124,General Spending - 9875,Online scheduled transfer from CHK 3102 Confirmation# XXXXX27085,$125.00,$1832.42,
1/17/2024,2125,General Spending - 9875,KEEPTHECHANGE CREDIT FROM ACCT3102 EFFECTIVE 01/16,$0.01,$1832.43,
1/19/2024,2126,General Spending - 9875,KEEPTHECHANGE CREDIT FROM ACCT3102 EFFECTIVE 01/18,$0.62,$1833.05,
1/19/2024,2127,General Spending - 9875,Online scheduled transfer from CHK 3102 Confirmation# XXXXX57978,$125.00,$1958.05,
1/23/2024,2128,General Spending - 9875,KEEPTHECHANGE CREDIT FROM ACCT3102 EFFECTIVE 01/22,$2.26,$1960.31,
1/25/2024,2129,General Spending - 9875,KEEPTHECHANGE CREDIT FROM ACCT3102 EFFECTIVE 01/24,$0.22,$1960.53,
1/26/2024,2130,General Spending - 9875,KEEPTHECHANGE CREDIT FROM ACCT3102 EFFECTIVE 01/25,$0.08,$1960.61,
1/26/2024,2131,General Spending - 9875,Online scheduled transfer from CHK 3102 Confirmation# XXXXX40547,$125.00,$2085.61,
1/29/2024,2132,General Spending - 9875,Interest Earned,$0.02,$2085.63,
1/30/2024,2133,General Spending - 9875,KEEPTHECHANGE CREDIT FROM ACCT3102 EFFECTIVE 01/29,$0.67,$2086.30,
2/2/2024,2134,General Spending - 9875,KEEPTHECHANGE CREDIT FROM ACCT3102 EFFECTIVE 02/01,$0.64,$2086.94,
2/2/2024,2135,General Spending - 9875,Online scheduled transfer from CHK 3102 Confirmation# XXXXX58281,$125.00,$2211.94,
2/5/2024,2136,General Spending - 9875,KEEPTHECHANGE CREDIT FROM ACCT3102 EFFECTIVE 02/02,$1.40,$2213.34,
2/9/2024,2137,General Spending - 9875,Online scheduled transfer from CHK 3102 Confirmation# XXXXX63254,$125.00,$2338.34,
2/13/2024,2138,General Spending - 9875,KEEPTHECHANGE CREDIT FROM ACCT3102 EFFECTIVE 02/12,$0.98,$2339.32,
2/16/2024,2139,General Spending - 9875,Online scheduled transfer from CHK 3102 Confirmation# XXXXX60497,$125.00,$2464.32,
2/21/2024,2140,General Spending - 9875,KEEPTHECHANGE CREDIT FROM ACCT3102 EFFECTIVE 02/20,$0.26,$2464.58,
2/22/2024,2141,General Spending - 9875,KEEPTHECHANGE CREDIT FROM ACCT3102 EFFECTIVE 02/21,$0.01,$2464.59,
2/23/2024,2142,General Spending - 9875,Online scheduled transfer from CHK 3102 Confirmation# XXXXX43951,$125.00,$2589.59,
2/27/2024,2143,General Spending - 9875,Interest Earned,$0.02,$2589.61,
2/28/2024,2144,General Spending - 9875,KEEPTHECHANGE CREDIT FROM ACCT3102 EFFECTIVE 02/27,$0.53,$2590.14,
3/1/2024,2145,General Spending - 9875,KEEPTHECHANGE CREDIT FROM ACCT3102 EFFECTIVE 02/29,$0.64,$2590.78,
3/1/2024,2146,General Spending - 9875,Online scheduled transfer from CHK 3102 Confirmation# XXXXX42564,$125.00,$2715.78,
3/5/2024,2147,General Spending - 9875,KEEPTHECHANGE CREDIT FROM ACCT3102 EFFECTIVE 03/04,$0.32,$2716.10,
3/7/2024,2148,General Spending - 9875,KEEPTHECHANGE CREDIT FROM ACCT3102 EFFECTIVE 03/06,$0.45,$2716.55,
3/8/2024,2149,General Spending - 9875,KEEPTHECHANGE CREDIT FROM ACCT3102 EFFECTIVE 03/07,$0.45,$2717.00,
3/8/2024,2150,General Spending - 9875,Online scheduled transfer from CHK 3102 Confirmation# XXXXX28278,$125.00,$2842.00,
3/12/2024,2151,General Spending - 9875,KEEPTHECHANGE CREDIT FROM ACCT3102 EFFECTIVE 03/11,$0.52,$2842.52,
3/13/2024,2152,General Spending - 9875,KEEPTHECHANGE CREDIT FROM ACCT3102 EFFECTIVE 03/12,$0.21,$2842.73,
3/14/2024,2153,General Spending - 9875,KEEPTHECHANGE CREDIT FROM ACCT3102 EFFECTIVE 03/13,$1.46,$2844.19,
3/15/2024,2154,General Spending - 9875,Online scheduled transfer from CHK 3102 Confirmation# XXXXX98468,$125.00,$2969.19,
3/18/2024,2155,General Spending - 9875,KEEPTHECHANGE CREDIT FROM ACCT3102 EFFECTIVE 03/15,$0.41,$2969.60,
3/19/2024,2156,General Spending - 9875,KEEPTHECHANGE CREDIT FROM ACCT3102 EFFECTIVE 03/18,$0.53,$2970.13,
3/20/2024,2157,General Spending - 9875,KEEPTHECHANGE CREDIT FROM ACCT3102 EFFECTIVE 03/19,$0.01,$2970.14,
3/21/2024,2158,General Spending - 9875,KEEPTHECHANGE CREDIT FROM ACCT3102 EFFECTIVE 03/20,$0.60,$2970.74,
3/22/2024,2159,General Spending - 9875,KEEPTHECHANGE CREDIT FROM ACCT3102 EFFECTIVE 03/21,$0.01,$2970.75,
3/22/2024,2160,General Spending - 9875,Online scheduled transfer from CHK 3102 Confirmation# XXXXX32396,$125.00,$3095.75,
3/26/2024,2161,General Spending - 9875,KEEPTHECHANGE CREDIT FROM ACCT3102 EFFECTIVE 03/25,$0.20,$3095.95,
3/27/2024,2162,General Spending - 9875,KEEPTHECHANGE CREDIT FROM ACCT3102 EFFECTIVE 03/26,$0.61,$3096.56,
3/27/2024,2163,General Spending - 9875,Interest Earned,$0.02,$3096.58,
3/28/2024,2164,General Spending - 9875,KEEPTHECHANGE CREDIT FROM ACCT3102 EFFECTIVE 03/27,$0.53,$3097.11,
3/29/2024,2165,General Spending - 9875,Online scheduled transfer from CHK 3102 Confirmation# XXXXX91861,$125.00,$3222.11,
4/3/2024,2166,General Spending - 9875,KEEPTHECHANGE CREDIT FROM ACCT3102 EFFECTIVE 04/02,$0.50,$3222.61,
4/5/2024,2167,General Spending - 9875,Online scheduled transfer from CHK 3102 Confirmation# XXXXX25991,$125.00,$3347.61,
4/9/2024,2168,General Spending - 9875,Online Banking transfer from CHK 3102 Confirmation# XXXXX89179,$300.00,$3647.61,
4/9/2024,2169,General Spending - 9875,Online Banking transfer to CHK 3102 Confirmation# XXXXX83924,-$3290.00,$357.61,
4/11/2024,2170,General Spending - 9875,KEEPTHECHANGE CREDIT FROM ACCT3102 EFFECTIVE 04/10,$0.54,$358.15,
4/12/2024,2171,General Spending - 9875,KEEPTHECHANGE CREDIT FROM ACCT3102 EFFECTIVE 04/11,$0.01,$358.16,
4/12/2024,2172,General Spending - 9875,Online scheduled transfer from CHK 3102 Confirmation# XXXXX47471,$125.00,$483.16,
4/18/2024,2173,General Spending - 9875,KEEPTHECHANGE CREDIT FROM ACCT3102 EFFECTIVE 04/17,$0.52,$483.68,
4/19/2024,2174,General Spending - 9875,Online scheduled transfer from CHK 3102 Confirmation# XXXXX36438,$125.00,$608.68,
4/23/2024,2175,General Spending - 9875,KEEPTHECHANGE CREDIT FROM ACCT3102 EFFECTIVE 04/22,$0.48,$609.16,
4/25/2024,2176,General Spending - 9875,KEEPTHECHANGE CREDIT FROM ACCT3102 EFFECTIVE 04/24,$0.16,$609.32,
4/26/2024,2177,General Spending - 9875,KEEPTHECHANGE CREDIT FROM ACCT3102 EFFECTIVE 04/25,$0.58,$609.90,
4/26/2024,2178,General Spending - 9875,Online scheduled transfer from CHK 3102 Confirmation# XXXXX26259,$125.00,$734.90,
4/26/2024,2179,General Spending - 9875,Interest Earned,$0.01,$734.91,
4/30/2024,2180,General Spending - 9875,KEEPTHECHANGE CREDIT FROM ACCT3102 EFFECTIVE 04/29,$0.53,$735.44,
5/3/2024,2181,General Spending - 9875,Online scheduled transfer from CHK 3102 Confirmation# XXXXX45011,$125.00,$860.44,
5/7/2024,2182,General Spending - 9875,KEEPTHECHANGE CREDIT FROM ACCT3102 EFFECTIVE 05/06,$0.85,$861.29,
5/10/2024,2183,General Spending - 9875,KEEPTHECHANGE CREDIT FROM ACCT3102 EFFECTIVE 05/09,$0.51,$861.80,
5/10/2024,2184,General Spending - 9875,Online scheduled transfer from CHK 3102 Confirmation# XXXXX02117,$125.00,$986.80,
5/13/2024,2185,General Spending - 9875,KEEPTHECHANGE CREDIT FROM ACCT3102 EFFECTIVE 05/10,$0.01,$986.81,
5/14/2024,2186,General Spending - 9875,KEEPTHECHANGE CREDIT FROM ACCT3102 EFFECTIVE 05/13,$0.53,$987.34,
5/16/2024,2187,General Spending - 9875,KEEPTHECHANGE CREDIT FROM ACCT3102 EFFECTIVE 05/15,$0.12,$987.46,
5/17/2024,2188,General Spending - 9875,Online scheduled transfer from CHK 3102 Confirmation# XXXXX18131,$125.00,$1112.46,
5/21/2024,2189,General Spending - 9875,KEEPTHECHANGE CREDIT FROM ACCT3102 EFFECTIVE 05/20,$1.27,$1113.73,
5/22/2024,2190,General Spending - 9875,KEEPTHECHANGE CREDIT FROM ACCT3102 EFFECTIVE 05/21,$1.12,$1114.85,
5/23/2024,2191,General Spending - 9875,KEEPTHECHANGE CREDIT FROM ACCT3102 EFFECTIVE 05/22,$0.01,$1114.86,
5/24/2024,2192,General Spending - 9875,Online scheduled transfer from CHK 3102 Confirmation# XXXXX96256,$125.00,$1239.86,
5/29/2024,2193,General Spending - 9875,KEEPTHECHANGE CREDIT FROM ACCT3102 EFFECTIVE 05/28,$2.63,$1242.49,
5/29/2024,2194,General Spending - 9875,Interest Earned,$0.01,$1242.50,
5/30/2024,2195,General Spending - 9875,KEEPTHECHANGE CREDIT FROM ACCT3102 EFFECTIVE 05/29,$0.21,$1242.71,
5/31/2024,2196,General Spending - 9875,Online scheduled transfer from CHK 3102 Confirmation# XXXXX38416,$125.00,$1367.71,
6/4/2024,2197,General Spending - 9875,KEEPTHECHANGE CREDIT FROM ACCT3102 EFFECTIVE 06/03,$0.01,$1367.72,
6/7/2024,2198,General Spending - 9875,Online scheduled transfer from CHK 3102 Confirmation# XXXXX93132,$125.00,$1492.72,
6/11/2024,2199,General Spending - 9875,KEEPTHECHANGE CREDIT FROM ACCT3102 EFFECTIVE 06/10,$0.01,$1492.73,
6/13/2024,2200,General Spending - 9875,KEEPTHECHANGE CREDIT FROM ACCT3102 EFFECTIVE 06/12,$0.64,$1493.37,
6/14/2024,2201,General Spending - 9875,Online scheduled transfer from CHK 3102 Confirmation# XXXXX06403,$125.00,$1618.37,
6/21/2024,2202,General Spending - 9875,KEEPTHECHANGE CREDIT FROM ACCT3102 EFFECTIVE 06/20,$0.01,$1618.38,
6/21/2024,2203,General Spending - 9875,Online scheduled transfer from CHK 3102 Confirmation# XXXXX87671,$125.00,$1743.38,
6/24/2024,2204,General Spending - 9875,KEEPTHECHANGE CREDIT FROM ACCT3102 EFFECTIVE 06/21,$1.48,$1744.86,
6/24/2024,2205,General Spending - 9875,Online Banking transfer to CHK 7139 Confirmation# XXXXX13923,-$300.00,$1444.86,
6/25/2024,2206,General Spending - 9875,KEEPTHECHANGE CREDIT FROM ACCT3102 EFFECTIVE 06/24,$0.09,$1444.95,
6/26/2024,2207,General Spending - 9875,Interest Earned,$0.01,$1444.96,
6/27/2024,2208,General Spending - 9875,KEEPTHECHANGE CREDIT FROM ACCT3102 EFFECTIVE 06/26,$0.65,$1445.61,
6/28/2024,2209,General Spending - 9875,KEEPTHECHANGE CREDIT FROM ACCT3102 EFFECTIVE 06/27,$0.54,$1446.15,
6/28/2024,2210,General Spending - 9875,Online scheduled transfer from CHK 3102 Confirmation# XXXXX90411,$125.00,$1571.15,
7/3/2024,2211,General Spending - 9875,KEEPTHECHANGE CREDIT FROM ACCT3102 EFFECTIVE 07/02,$0.08,$1571.23,
7/5/2024,2212,General Spending - 9875,KEEPTHECHANGE CREDIT FROM ACCT3102 EFFECTIVE 07/03,$0.41,$1571.64,
7/5/2024,2213,General Spending - 9875,Online scheduled transfer from CHK 3102 Confirmation# XXXXX33077,$125.00,$1696.64,
7/9/2024,2214,General Spending - 9875,KEEPTHECHANGE CREDIT FROM ACCT3102 EFFECTIVE 07/08,$0.27,$1696.91,
7/11/2024,2215,General Spending - 9875,KEEPTHECHANGE CREDIT FROM ACCT3102 EFFECTIVE 07/10,$0.41,$1697.32,
7/12/2024,2216,General Spending - 9875,Online scheduled transfer from CHK 3102 Confirmation# XXXXX58697,$125.00,$1822.32,
7/19/2024,2217,General Spending - 9875,Online scheduled transfer from CHK 3102 Confirmation# XXXXX55894,$125.00,$1947.32,
7/22/2024,2218,General Spending - 9875,KEEPTHECHANGE CREDIT FROM ACCT3102 EFFECTIVE 07/19,$0.40,$1947.72,
7/23/2024,2219,General Spending - 9875,KEEPTHECHANGE CREDIT FROM ACCT3102 EFFECTIVE 07/22,$0.86,$1948.58,
7/23/2024,2220,General Spending - 9875,Online Banking transfer to CHK 3102 Confirmation# XXXXX61178,-$1600.00,$348.58,
7/26/2024,2221,General Spending - 9875,KEEPTHECHANGE CREDIT FROM ACCT3102 EFFECTIVE 07/25,$1.25,$349.83,
7/26/2024,2222,General Spending - 9875,Online scheduled transfer from CHK 3102 Confirmation# XXXXX43491,$125.00,$474.83,
7/26/2024,2223,General Spending - 9875,Online Banking transfer to CHK 3102 Confirmation# XXXXX81276,-$420.00,$54.83,
7/29/2024,2224,General Spending - 9875,KEEPTHECHANGE CREDIT FROM ACCT3102 EFFECTIVE 07/26,$1.54,$56.37,
7/29/2024,2225,General Spending - 9875,Interest Earned,$0.01,$56.38,
7/29/2024,2226,General Spending - 9875,Monthly Maintenance Fee,-$5.00,$51.38,
7/30/2024,2227,General Spending - 9875,KEEPTHECHANGE CREDIT FROM ACCT3102 EFFECTIVE 07/29,$2.89,$54.27,
8/1/2024,2228,General Spending - 9875,Online Banking transfer to CHK 3102 Confirmation# XXXXX61720,-$40.00,$14.27,
8/2/2024,2229,General Spending - 9875,KEEPTHECHANGE CREDIT FROM ACCT3102 EFFECTIVE 08/01,$0.50,$14.77,
8/5/2024,2230,General Spending - 9875,KEEPTHECHANGE CREDIT FROM ACCT3102 EFFECTIVE 08/02,$0.05,$14.82,
8/6/2024,2231,General Spending - 9875,KEEPTHECHANGE CREDIT FROM ACCT3102 EFFECTIVE 08/05,$0.85,$15.67,
8/7/2024,2232,General Spending - 9875,KEEPTHECHANGE CREDIT FROM ACCT3102 EFFECTIVE 08/06,$0.53,$16.20,
8/9/2024,2233,General Spending - 9875,KEEPTHECHANGE CREDIT FROM ACCT3102 EFFECTIVE 08/08,$0.45,$16.65,
8/13/2024,2234,General Spending - 9875,KEEPTHECHANGE CREDIT FROM ACCT3102 EFFECTIVE 08/12,$0.41,$17.06,
8/16/2024,2235,General Spending - 9875,Online scheduled transfer from CHK 3102 Confirmation# XXXXX10976,$125.00,$142.06,
8/19/2024,2236,General Spending - 9875,KEEPTHECHANGE CREDIT FROM ACCT3102 EFFECTIVE 08/16,$0.81,$142.87,
8/20/2024,2237,General Spending - 9875,KEEPTHECHANGE CREDIT FROM ACCT3102 EFFECTIVE 08/19,$0.95,$143.82,
8/22/2024,2238,General Spending - 9875,KEEPTHECHANGE CREDIT FROM ACCT3102 EFFECTIVE 08/21,$0.73,$144.55,
8/23/2024,2239,General Spending - 9875,KEEPTHECHANGE CREDIT FROM ACCT3102 EFFECTIVE 08/22,$0.10,$144.65,
8/23/2024,2240,General Spending - 9875,Online scheduled transfer from CHK 3102 Confirmation# XXXXX24996,$125.00,$269.65,
8/26/2024,2241,General Spending - 9875,KEEPTHECHANGE CREDIT FROM ACCT3102 EFFECTIVE 08/23,$0.83,$270.48,
8/27/2024,2242,General Spending - 9875,KEEPTHECHANGE CREDIT FROM ACCT3102 EFFECTIVE 08/26,$3.34,$273.82,
8/28/2024,2243,General Spending - 9875,KEEPTHECHANGE CREDIT FROM ACCT3102 EFFECTIVE 08/27,$1.03,$274.85,
8/28/2024,2244,General Spending - 9875,Monthly Maintenance Fee,-$5.00,$269.85,
8/29/2024,2245,General Spending - 9875,KEEPTHECHANGE CREDIT FROM ACCT3102 EFFECTIVE 08/28,$1.17,$271.02,
8/30/2024,2246,General Spending - 9875,KEEPTHECHANGE CREDIT FROM ACCT3102 EFFECTIVE 08/29,$1.01,$272.03,
8/30/2024,2247,General Spending - 9875,Online scheduled transfer from CHK 3102 Confirmation# XXXXX21535,$125.00,$397.03,
9/3/2024,2248,General Spending - 9875,KEEPTHECHANGE CREDIT FROM ACCT3102 EFFECTIVE 08/30,$2.61,$399.64,
9/4/2024,2249,General Spending - 9875,KEEPTHECHANGE CREDIT FROM ACCT3102 EFFECTIVE 09/03,$2.94,$402.58,
9/5/2024,2250,General Spending - 9875,KEEPTHECHANGE CREDIT FROM ACCT3102 EFFECTIVE 09/04,$0.43,$403.01,
9/6/2024,2251,General Spending - 9875,KEEPTHECHANGE CREDIT FROM ACCT3102 EFFECTIVE 09/05,$0.12,$403.13,
9/6/2024,2252,General Spending - 9875,Online scheduled transfer from CHK 3102 Confirmation# XXXXX16141,$125.00,$528.13,
9/10/2024,2253,General Spending - 9875,KEEPTHECHANGE CREDIT FROM ACCT3102 EFFECTIVE 09/09,$1.19,$529.32,
9/11/2024,2254,General Spending - 9875,KEEPTHECHANGE CREDIT FROM ACCT3102 EFFECTIVE 09/10,$0.41,$529.73,
9/12/2024,2255,General Spending - 9875,KEEPTHECHANGE CREDIT FROM ACCT3102 EFFECTIVE 09/11,$1.48,$531.21,
9/13/2024,2256,General Spending - 9875,Online scheduled transfer from CHK 3102 Confirmation# XXXXX05605,$125.00,$656.21,
9/19/2024,2257,General Spending - 9875,KEEPTHECHANGE CREDIT FROM ACCT3102 EFFECTIVE 09/18,$0.82,$657.03,
9/20/2024,2258,General Spending - 9875,Online scheduled transfer from CHK 3102 Confirmation# XXXXX48449,$125.00,$782.03,
9/24/2024,2259,General Spending - 9875,KEEPTHECHANGE CREDIT FROM ACCT3102 EFFECTIVE 09/23,$1.05,$783.08,
9/25/2024,2260,General Spending - 9875,KEEPTHECHANGE CREDIT FROM ACCT3102 EFFECTIVE 09/24,$0.81,$783.89,
9/26/2024,2261,General Spending - 9875,KEEPTHECHANGE CREDIT FROM ACCT3102 EFFECTIVE 09/25,$2.01,$785.90,
9/26/2024,2262,General Spending - 9875,Monthly Maintenance Fee,-$5.00,$780.90,
9/27/2024,2263,General Spending - 9875,KEEPTHECHANGE CREDIT FROM ACCT3102 EFFECTIVE 09/26,$3.48,$784.38,
9/27/2024,2264,General Spending - 9875,Online scheduled transfer from CHK 3102 Confirmation# XXXXX24294,$125.00,$909.38,
9/30/2024,2265,General Spending - 9875,KEEPTHECHANGE CREDIT FROM ACCT3102 EFFECTIVE 09/27,$0.95,$910.33,
10/1/2024,2266,General Spending - 9875,KEEPTHECHANGE CREDIT FROM ACCT3102 EFFECTIVE 09/30,$2.32,$912.65,
10/2/2024,2267,General Spending - 9875,KEEPTHECHANGE CREDIT FROM ACCT3102 EFFECTIVE 10/01,$3.14,$915.79,
10/3/2024,2268,General Spending - 9875,KEEPTHECHANGE CREDIT FROM ACCT3102 EFFECTIVE 10/02,$0.04,$915.83,
10/4/2024,2269,General Spending - 9875,KEEPTHECHANGE CREDIT FROM ACCT3102 EFFECTIVE 10/03,$1.83,$917.66,
10/4/2024,2270,General Spending - 9875,Online scheduled transfer from CHK 3102 Confirmation# XXXXX09945,$125.00,$1042.66,
10/7/2024,2271,General Spending - 9875,KEEPTHECHANGE CREDIT FROM ACCT3102 EFFECTIVE 10/04,$0.30,$1042.96,
10/8/2024,2272,General Spending - 9875,KEEPTHECHANGE CREDIT FROM ACCT3102 EFFECTIVE 10/07,$3.12,$1046.08,
10/11/2024,2273,General Spending - 9875,KEEPTHECHANGE CREDIT FROM ACCT3102 EFFECTIVE 10/10,$0.41,$1046.49,
10/11/2024,2274,General Spending - 9875,Online scheduled transfer from CHK 3102 Confirmation# XXXXX93336,$125.00,$1171.49,
10/17/2024,2275,General Spending - 9875,KEEPTHECHANGE CREDIT FROM ACCT3102 EFFECTIVE 10/16,$0.01,$1171.50,
10/18/2024,2276,General Spending - 9875,KEEPTHECHANGE CREDIT FROM ACCT3102 EFFECTIVE 10/17,$3.04,$1174.54,
10/18/2024,2277,General Spending - 9875,Online scheduled transfer from CHK 3102 Confirmation# XXXXX59396,$125.00,$1299.54,
10/21/2024,2278,General Spending - 9875,KEEPTHECHANGE CREDIT FROM ACCT3102 EFFECTIVE 10/18,$0.64,$1300.18,
10/22/2024,2279,General Spending - 9875,KEEPTHECHANGE CREDIT FROM ACCT3102 EFFECTIVE 10/21,$0.99,$1301.17,
10/23/2024,2280,General Spending - 9875,KEEPTHECHANGE CREDIT FROM ACCT3102 EFFECTIVE 10/22,$0.01,$1301.18,
10/24/2024,2281,General Spending - 9875,KEEPTHECHANGE CREDIT FROM ACCT3102 EFFECTIVE 10/23,$0.88,$1302.06,
10/25/2024,2282,General Spending - 9875,KEEPTHECHANGE CREDIT FROM ACCT3102 EFFECTIVE 10/24,$1.12,$1303.18,
10/25/2024,2283,General Spending - 9875,Online scheduled transfer from CHK 3102 Confirmation# XXXXX35565,$125.00,$1428.18,
10/29/2024,2284,General Spending - 9875,KEEPTHECHANGE CREDIT FROM ACCT3102 EFFECTIVE 10/28,$2.98,$1431.16,
10/29/2024,2285,General Spending - 9875,Interest Earned,$0.01,$1431.17,
10/30/2024,2286,General Spending - 9875,KEEPTHECHANGE CREDIT FROM ACCT3102 EFFECTIVE 10/29,$0.41,$1431.58,
10/31/2024,2287,General Spending - 9875,KEEPTHECHANGE CREDIT FROM ACCT3102 EFFECTIVE 10/30,$0.68,$1432.26,
10/31/2024,2288,General Spending - 9875,Online Banking transfer to CHK 3102 Confirmation# XXXXX58990,-$600.00,$832.26,
11/1/2024,2289,General Spending - 9875,Online scheduled transfer from CHK 3102 Confirmation# XXXXX42106,$125.00,$957.26,
11/5/2024,2290,General Spending - 9875,KEEPTHECHANGE CREDIT FROM ACCT3102 EFFECTIVE 11/04,$0.81,$958.07,
11/7/2024,2291,General Spending - 9875,KEEPTHECHANGE CREDIT FROM ACCT3102 EFFECTIVE 11/06,$0.79,$958.86,
11/8/2024,2292,General Spending - 9875,Online scheduled transfer from CHK 3102 Confirmation# XXXXX47690,$125.00,$1083.86,
11/13/2024,2293,General Spending - 9875,KEEPTHECHANGE CREDIT FROM ACCT3102 EFFECTIVE 11/12,$0.46,$1084.32,
11/15/2024,2294,General Spending - 9875,Online scheduled transfer from CHK 3102 Confirmation# XXXXX07408,$125.00,$1209.32,
11/19/2024,2295,General Spending - 9875,KEEPTHECHANGE CREDIT FROM ACCT3102 EFFECTIVE 11/18,$0.01,$1209.33,
5/30/2023,2296,Vacation Savings - 7344,Online Banking transfer to CHK 3102 Confirmation# XXXXX05225,-$700.00,$300.02,
6/1/2023,2297,Vacation Savings - 7344,Online scheduled transfer from CHK 3102 Confirmation# XXXXX59845,$100.00,$400.02,
6/13/2023,2298,Vacation Savings - 7344,Interest Earned,$0.01,$400.03,
6/16/2023,2299,Vacation Savings - 7344,Online scheduled transfer from CHK 3102 Confirmation# XXXXX17259,$100.00,$500.03,
6/26/2023,2300,Vacation Savings - 7344,Online Banking transfer to CHK 3102 Confirmation# XXXXX49452,-$200.00,$300.03,
6/30/2023,2301,Vacation Savings - 7344,Online scheduled transfer from CHK 3102 Confirmation# XXXXX89611,$100.00,$400.03,
7/12/2023,2302,Vacation Savings - 7344,Online Banking transfer to CHK 3102 Confirmation# XXXXX45257,-$300.00,$100.03,
7/14/2023,2303,Vacation Savings - 7344,Online scheduled transfer from CHK 3102 Confirmation# XXXXX22254,$100.00,$200.03,
8/1/2023,2304,Vacation Savings - 7344,Online scheduled transfer from CHK 3102 Confirmation# XXXXX58472,$100.00,$300.03,
8/7/2023,2305,Vacation Savings - 7344,Online Banking transfer to CHK 3102 Confirmation# XXXXX66117,-$250.00,$50.03,
8/16/2023,2306,Vacation Savings - 7344,Online scheduled transfer from CHK 3102 Confirmation# XXXXX73573,$100.00,$150.03,
8/21/2023,2307,Vacation Savings - 7344,Online Banking transfer from CHK 3102 Confirmation# XXXXX93148,$200.00,$350.03,
9/1/2023,2308,Vacation Savings - 7344,Online scheduled transfer from CHK 3102 Confirmation# XXXXX76315,$100.00,$450.03,
9/8/2023,2309,Vacation Savings - 7344,Online scheduled transfer from CHK 3102 Confirmation# XXXXX74159,$50.00,$500.03,
9/15/2023,2310,Vacation Savings - 7344,Online scheduled transfer from CHK 3102 Confirmation# XXXXX33670,$50.00,$550.03,
9/22/2023,2311,Vacation Savings - 7344,Online scheduled transfer from CHK 3102 Confirmation# XXXXX41428,$50.00,$600.03,
9/29/2023,2312,Vacation Savings - 7344,Online scheduled transfer from CHK 3102 Confirmation# XXXXX36859,$50.00,$650.03,
10/6/2023,2313,Vacation Savings - 7344,Online scheduled transfer from CHK 3102 Confirmation# XXXXX10252,$50.00,$700.03,
10/12/2023,2314,Vacation Savings - 7344,Online Banking transfer to CHK 3102 Confirmation# XXXXX58654,-$650.00,$50.03,
10/13/2023,2315,Vacation Savings - 7344,Online scheduled transfer from CHK 3102 Confirmation# XXXXX72170,$50.00,$100.03,
10/20/2023,2316,Vacation Savings - 7344,Online scheduled transfer from CHK 3102 Confirmation# XXXXX85919,$50.00,$150.03,
10/25/2023,2317,Vacation Savings - 7344,Online Banking transfer from CHK 3102 Confirmation# XXXXX58819,$150.00,$300.03,
10/25/2023,2318,Vacation Savings - 7344,Online Banking transfer to CHK 3102 Confirmation# XXXXX20856,-$150.00,$150.03,
10/27/2023,2319,Vacation Savings - 7344,Online scheduled transfer from CHK 3102 Confirmation# XXXXX33033,$50.00,$200.03,
11/3/2023,2320,Vacation Savings - 7344,Online scheduled transfer from CHK 3102 Confirmation# XXXXX38587,$50.00,$250.03,
11/10/2023,2321,Vacation Savings - 7344,Online scheduled transfer from CHK 3102 Confirmation# XXXXX79006,$50.00,$300.03,
11/17/2023,2322,Vacation Savings - 7344,Online scheduled transfer from CHK 3102 Confirmation# XXXXX95795,$50.00,$350.03,
11/24/2023,2323,Vacation Savings - 7344,Online scheduled transfer from CHK 3102 Confirmation# XXXXX41372,$50.00,$400.03,
12/1/2023,2324,Vacation Savings - 7344,Online scheduled transfer from CHK 3102 Confirmation# XXXXX69955,$50.00,$450.03,
12/8/2023,2325,Vacation Savings - 7344,Online scheduled transfer from CHK 3102 Confirmation# XXXXX64345,$50.00,$500.03,
12/15/2023,2326,Vacation Savings - 7344,Online scheduled transfer from CHK 3102 Confirmation# XXXXX25796,$50.00,$550.03,
12/22/2023,2327,Vacation Savings - 7344,Online scheduled transfer from CHK 3102 Confirmation# XXXXX54232,$50.00,$600.03,
12/29/2023,2328,Vacation Savings - 7344,Online scheduled transfer from CHK 3102 Confirmation# XXXXX31008,$50.00,$650.03,
1/5/2024,2329,Vacation Savings - 7344,Online scheduled transfer from CHK 3102 Confirmation# XXXXX63542,$50.00,$700.03,
1/12/2024,2330,Vacation Savings - 7344,Online scheduled transfer from CHK 3102 Confirmation# XXXXX27084,$50.00,$750.03,
1/12/2024,2331,Vacation Savings - 7344,Interest Earned,$0.01,$750.04,
1/19/2024,2332,Vacation Savings - 7344,Online scheduled transfer from CHK 3102 Confirmation# XXXXX57977,$50.00,$800.04,
1/26/2024,2333,Vacation Savings - 7344,Online scheduled transfer from CHK 3102 Confirmation# XXXXX40546,$50.00,$850.04,
2/2/2024,2334,Vacation Savings - 7344,Online scheduled transfer from CHK 3102 Confirmation# XXXXX58280,$50.00,$900.04,
2/9/2024,2335,Vacation Savings - 7344,Online scheduled transfer from CHK 3102 Confirmation# XXXXX63253,$50.00,$950.04,
2/12/2024,2336,Vacation Savings - 7344,Interest Earned,$0.01,$950.05,
2/16/2024,2337,Vacation Savings - 7344,Online scheduled transfer from CHK 3102 Confirmation# XXXXX60496,$50.00,$1000.05,
2/23/2024,2338,Vacation Savings - 7344,Online scheduled transfer from CHK 3102 Confirmation# XXXXX43950,$50.00,$1050.05,
3/1/2024,2339,Vacation Savings - 7344,Online scheduled transfer from CHK 3102 Confirmation# XXXXX42563,$50.00,$1100.05,
3/8/2024,2340,Vacation Savings - 7344,Online scheduled transfer from CHK 3102 Confirmation# XXXXX28277,$50.00,$1150.05,
3/13/2024,2341,Vacation Savings - 7344,Interest Earned,$0.01,$1150.06,
3/15/2024,2342,Vacation Savings - 7344,Online scheduled transfer from CHK 3102 Confirmation# XXXXX98467,$50.00,$1200.06,
3/22/2024,2343,Vacation Savings - 7344,Online scheduled transfer from CHK 3102 Confirmation# XXXXX32395,$50.00,$1250.06,
3/29/2024,2344,Vacation Savings - 7344,Online scheduled transfer from CHK 3102 Confirmation# XXXXX91860,$50.00,$1300.06,
4/5/2024,2345,Vacation Savings - 7344,Online scheduled transfer from CHK 3102 Confirmation# XXXXX25990,$50.00,$1350.06,
4/9/2024,2346,Vacation Savings - 7344,Online Banking transfer to CHK 3102 Confirmation# XXXXX80491,-$1050.00,$300.06,
4/12/2024,2347,Vacation Savings - 7344,Online scheduled transfer from CHK 3102 Confirmation# XXXXX47470,$50.00,$350.06,
4/12/2024,2348,Vacation Savings - 7344,Interest Earned,$0.01,$350.07,
4/15/2024,2349,Vacation Savings - 7344,Monthly Maintenance Fee,-$8.00,$342.07,
4/19/2024,2350,Vacation Savings - 7344,Online scheduled transfer from CHK 3102 Confirmation# XXXXX36437,$50.00,$392.07,
4/26/2024,2351,Vacation Savings - 7344,Online scheduled transfer from CHK 3102 Confirmation# XXXXX26258,$50.00,$442.07,
5/3/2024,2352,Vacation Savings - 7344,Online scheduled transfer from CHK 3102 Confirmation# XXXXX45010,$50.00,$492.07,
5/10/2024,2353,Vacation Savings - 7344,Online scheduled transfer from CHK 3102 Confirmation# XXXXX02116,$50.00,$542.07,
5/10/2024,2354,Vacation Savings - 7344,Bank of America Credit Card Bill Payment,-$466.26,$75.81,
5/15/2024,2355,Vacation Savings - 7344,Monthly Maintenance Fee,-$8.00,$67.81,
5/17/2024,2356,Vacation Savings - 7344,Online scheduled transfer from CHK 3102 Confirmation# XXXXX18130,$50.00,$117.81,
5/21/2024,2357,Vacation Savings - 7344,Bank of America DES:CASHREWARD ID:MEAD INDN:XXXXX0061XXXXX98XXXXX0 CO ID:XXXXX90310 PPD,$119.44,$237.25,
5/24/2024,2358,Vacation Savings - 7344,Online scheduled transfer from CHK 3102 Confirmation# XXXXX96255,$50.00,$287.25,
5/31/2024,2359,Vacation Savings - 7344,Online scheduled transfer from CHK 3102 Confirmation# XXXXX38415,$50.00,$337.25,
6/7/2024,2360,Vacation Savings - 7344,Online scheduled transfer from CHK 3102 Confirmation# XXXXX93131,$50.00,$387.25,
6/12/2024,2361,Vacation Savings - 7344,Monthly Maintenance Fee,-$8.00,$379.25,
6/14/2024,2362,Vacation Savings - 7344,Online scheduled transfer from CHK 3102 Confirmation# XXXXX06402,$50.00,$429.25,
6/21/2024,2363,Vacation Savings - 7344,Online scheduled transfer from CHK 3102 Confirmation# XXXXX87670,$50.00,$479.25,
6/28/2024,2364,Vacation Savings - 7344,Online scheduled transfer from CHK 3102 Confirmation# XXXXX90410,$50.00,$529.25,
7/5/2024,2365,Vacation Savings - 7344,Online scheduled transfer from CHK 3102 Confirmation# XXXXX33076,$50.00,$579.25,
7/12/2024,2366,Vacation Savings - 7344,Online scheduled transfer from CHK 3102 Confirmation# XXXXX58696,$50.00,$629.25,
7/16/2024,2367,Vacation Savings - 7344,Monthly Maintenance Fee,-$8.00,$621.25,
7/19/2024,2368,Vacation Savings - 7344,Online scheduled transfer from CHK 3102 Confirmation# XXXXX55893,$50.00,$671.25,
7/23/2024,2369,Vacation Savings - 7344,Online Banking transfer to CHK 3102 Confirmation# XXXXX82618,-$600.00,$71.25,
7/26/2024,2370,Vacation Savings - 7344,Online scheduled transfer from CHK 3102 Confirmation# XXXXX43490,$50.00,$121.25,
8/1/2024,2371,Vacation Savings - 7344,Online Banking transfer to CHK 3102 Confirmation# XXXXX55834,-$110.00,$11.25,
8/2/2024,2372,Vacation Savings - 7344,Online scheduled transfer from CHK 3102 Confirmation# XXXXX13202,$50.00,$61.25,
8/9/2024,2373,Vacation Savings - 7344,Online scheduled transfer from CHK 3102 Confirmation# XXXXX22951,$50.00,$111.25,
8/15/2024,2374,Vacation Savings - 7344,Monthly Maintenance Fee,-$8.00,$103.25,
8/16/2024,2375,Vacation Savings - 7344,Online scheduled transfer from CHK 3102 Confirmation# XXXXX10975,$50.00,$153.25,
8/23/2024,2376,Vacation Savings - 7344,Online scheduled transfer from CHK 3102 Confirmation# XXXXX24995,$50.00,$203.25,
8/30/2024,2377,Vacation Savings - 7344,Online scheduled transfer from CHK 3102 Confirmation# XXXXX21534,$50.00,$253.25,
9/6/2024,2378,Vacation Savings - 7344,Online scheduled transfer from CHK 3102 Confirmation# XXXXX16140,$50.00,$303.25,
9/13/2024,2379,Vacation Savings - 7344,Online scheduled transfer from CHK 3102 Confirmation# XXXXX05604,$50.00,$353.25,
9/13/2024,2380,Vacation Savings - 7344,Monthly Maintenance Fee,-$8.00,$345.25,
9/20/2024,2381,Vacation Savings - 7344,Online scheduled transfer from CHK 3102 Confirmation# XXXXX48448,$50.00,$395.25,
9/27/2024,2382,Vacation Savings - 7344,Online scheduled transfer from CHK 3102 Confirmation# XXXXX24293,$50.00,$445.25,
10/4/2024,2383,Vacation Savings - 7344,Online scheduled transfer from CHK 3102 Confirmation# XXXXX09944,$50.00,$495.25,
10/11/2024,2384,Vacation Savings - 7344,Online scheduled transfer from CHK 3102 Confirmation# XXXXX93335,$50.00,$545.25,
10/16/2024,2385,Vacation Savings - 7344,Monthly Maintenance Fee,-$8.00,$537.25,
10/18/2024,2386,Vacation Savings - 7344,Online scheduled transfer from CHK 3102 Confirmation# XXXXX59395,$50.00,$587.25,
10/25/2024,2387,Vacation Savings - 7344,Online scheduled transfer from CHK 3102 Confirmation# XXXXX35564,$50.00,$637.25,
11/1/2024,2388,Vacation Savings - 7344,Online scheduled transfer from CHK 3102 Confirmation# XXXXX42105,$50.00,$687.25,
11/8/2024,2389,Vacation Savings - 7344,Online scheduled transfer from CHK 3102 Confirmation# XXXXX47689,$50.00,$737.25,
11/15/2024,2390,Vacation Savings - 7344,Online scheduled transfer from CHK 3102 Confirmation# XXXXX07407,$50.00,$787.25,
11/25/2023,2921,Primary Credit - 5496,Online payment from CHK 3102,-$137.67,-$1344.99,
11/24/2023,2920,Primary Credit - 5496,Online payment from CHK 7139,-$1207.32,-$1207.32,
11/22/2023,2919,Primary Credit - 5496,THE HOME DEPOT #2707 ROSEVILLE MI,$37.22,$0.00,
11/21/2023,2918,Primary Credit - 5496,Online payment from CHK 7139,-$46.82,-$37.22,
11/21/2023,2917,Primary Credit - 5496,CONTINENTAL SERVICE WARREN MI,$2.40,$9.60,
11/21/2023,2916,Primary Credit - 5496,BIGGBY COFFEE #676 586-3829002 MI,$4.57,$7.20,
11/21/2023,2915,Primary Credit - 5496,HOLLYWOOD SUPERMARKET #6 ROCHESTER HLSMI,$18.77,$2.63,
11/21/2023,2914,Primary Credit - 5496,Subway 52751 Warren MI,$7.20,-$16.14,
11/20/2023,2913,Primary Credit - 5496,Online payment from CHK 3102,-$1017.96,-$23.34,
11/20/2023,2912,Primary Credit - 5496,MEIJER # 145 FRASER MI,$31.98,$994.62,
11/20/2023,2911,Primary Credit - 5496,TST* THE MELTING POT - TRTROY MI,$71.55,$962.64,
11/20/2023,2910,Primary Credit - 5496,TST* LUCKY BRUNCH Sterling HeigMI,$28.88,$891.09,
11/20/2023,2909,Primary Credit - 5496,MARKET@WORK 2067379149 RENTON WA,$2.09,$862.21,
11/18/2023,2908,Primary Credit - 5496,JIMMY JOHNS 2184 WARREN MI,$9.95,$860.12,
11/18/2023,2907,Primary Credit - 5496,MARKET@WORK 2067379149 RENTON WA,$1.09,$850.17,
11/17/2023,2906,Primary Credit - 5496,LITTLE JOE'S CONEY ISL WARREN MI,$24.43,$849.08,
11/16/2023,2905,Primary Credit - 5496,BIGGBY COFFEE #676 586-3829002 MI,$4.57,$824.65,
11/16/2023,2904,Primary Credit - 5496,KIT CHEN THAI BY TOEY WARREN MI,$12.76,$820.08,
11/15/2023,2903,Primary Credit - 5496,GRAND TAVERN ROCHESTER HILMI,$27.03,$807.32,
11/15/2023,2902,Primary Credit - 5496,BIGGBY COFFEE #676 586-3829002 MI,$4.57,$780.29,
11/15/2023,2901,Primary Credit - 5496,MARKET@WORK 2067379149 RENTON WA,$2.09,$775.72,
11/15/2023,2900,Primary Credit - 5496,MARKET@WORK 2067379149 RENTON WA,$2.49,$773.63,
11/14/2023,2899,Primary Credit - 5496,BIGGBY COFFEE #676 586-3829002 MI,$4.57,$771.14,
11/13/2023,2898,Primary Credit - 5496,OFFICEMAX/DEPOT 6097 CLINTON TOWNSMI,$17.96,$766.57,
11/13/2023,2897,Primary Credit - 5496,THE UPS STORE 7776 571-2656352 MI,$14.99,$748.61,
11/13/2023,2896,Primary Credit - 5496,MR CS CAR WASH NUMBER 8 SHELBY TOWNSHMI,$9.00,$733.62,
11/13/2023,2895,Primary Credit - 5496,SPEEDWAY 02322 26 MILE WAWASHINGTON MI,$46.30,$724.62,
11/11/2023,2894,Primary Credit - 5496,SAGANO BISTRO III CLARKSTON MI,$8.00,$678.32,
11/11/2023,2893,Primary Credit - 5496,SQ *BEHAVIORAL MEDICAL CETroy MI,$94.40,$670.32,
11/10/2023,2892,Primary Credit - 5496,HIBACHI BUFFET STERLING HSTERLING HEIGMI,$20.03,$575.92,
11/10/2023,2891,Primary Credit - 5496,BIGGBY COFFEE #676 586-3829002 MI,$4.57,$555.89,
11/9/2023,2890,Primary Credit - 5496,Subway 52751 Warren MI,$7.20,$551.32,
11/9/2023,2889,Primary Credit - 5496,MARKET@WORK 2067379149 RENTON WA,$2.49,$544.12,
11/8/2023,2888,Primary Credit - 5496,KIT CHEN THAI BY TOEY WARREN MI,$11.66,$541.63,
11/7/2023,2887,Primary Credit - 5496,BIGGBY COFFEE #676 586-3829002 MI,$4.57,$529.97,
11/6/2023,2886,Primary Credit - 5496,CLASSIC FAMILY GRILL FRASER MI,$26.66,$525.40,
11/6/2023,2885,Primary Credit - 5496,HUNTINGTON PLACE CONC DETROIT MI,$18.00,$498.74,
11/6/2023,2884,Primary Credit - 5496,HUNTINGTON PLACE CONC DETROIT MI,$7.00,$480.74,
11/6/2023,2883,Primary Credit - 5496,SQ *APOCALYSS Detroit MI,$106.00,$473.74,
11/6/2023,2882,Primary Credit - 5496,SQ *OTOTOBO Detroit MI,$26.50,$367.74,
11/6/2023,2881,Primary Credit - 5496,PP*KAWAII CATCHERS CANTON OH,$10.00,$341.24,
11/6/2023,2880,Primary Credit - 5496,SQ *TRIFORGE LASER DESIGNSAINT CLAIR SMI,$20.00,$331.24,
11/6/2023,2879,Primary Credit - 5496,SQ *PURPLE PLUM INC Detroit MI,$10.60,$311.24,
11/6/2023,2878,Primary Credit - 5496,MARATHON PETRO112276N ST FRASER MI,$45.76,$300.64,
11/6/2023,2877,Primary Credit - 5496,MARKET@WORK 2067379149 RENTON WA,$4.68,$254.88,
11/4/2023,2876,Primary Credit - 5496,SQ *GAMES4LIFE LAKE ORION MI,$10.60,$250.20,
11/4/2023,2875,Primary Credit - 5496,CONTINENTAL SERVICE WARREN MI,$1.65,$239.60,
11/4/2023,2874,Primary Credit - 5496,BUFFALO WILD WINGS 3362 WATERFORD MI,$38.75,$237.95,
11/3/2023,2873,Primary Credit - 5496,CONTINENTAL SERVICE WARREN MI,$1.65,$199.20,
11/3/2023,2872,Primary Credit - 5496,JIMMY JOHNS 2184 WARREN MI,$12.06,$197.55,
11/2/2023,2871,Primary Credit - 5496,GRAND TAVERN ROCHESTER HILMI,$12.72,$185.49,
11/1/2023,2870,Primary Credit - 5496,LOUIES HAM & CORNED BEEF WARREN MI,$16.84,$172.77,
11/1/2023,2869,Primary Credit - 5496,MARKET@WORK 2067379149 RENTON WA,$2.49,$155.93,
10/31/2023,2868,Primary Credit - 5496,CONTINENTAL SERVICE WARREN MI,$1.65,$153.44,
10/31/2023,2867,Primary Credit - 5496,BIGGBY COFFEE #676 586-3829002 MI,$4.57,$151.79,
10/31/2023,2866,Primary Credit - 5496,FOREIGN TRANSACTION FEE,$1.49,$147.22,
10/31/2023,2865,Primary Credit - 5496,POOP CAFE TORONTO ON,$49.88,$145.73,
10/30/2023,2864,Primary Credit - 5496,FOREIGN TRANSACTION FEE,$0.43,$95.85,
10/30/2023,2863,Primary Credit - 5496,PETRO CANADA34105 INGERSOLL ON,$14.50,$95.42,
10/30/2023,2862,Primary Credit - 5496,FOREIGN TRANSACTION FEE,$0.97,$80.92,
10/30/2023,2861,Primary Credit - 5496,CN TOWER FOOD BEVERAG TORONTO ON,$32.62,$79.95,
10/30/2023,2860,Primary Credit - 5496,SP OVERLOAD 185-56473476 TX,$10.00,$47.33,
10/30/2023,2859,Primary Credit - 5496,FOREIGN TRANSACTION FEE,$1.08,$37.33,
10/30/2023,2858,Primary Credit - 5496,DIGITAL ATTRACTIONS IN TORONTO ON,$36.25,$36.25,
12/23/2023,2857,Primary Credit - 5496,BIGGBY COFFEE #676 586-3829002 MI,$5.05,$916.38,
12/23/2023,2856,Primary Credit - 5496,TACO BELL 001500159194 WARREN MI,$10.00,$911.33,
12/23/2023,2855,Primary Credit - 5496,MICRO CENTER #055-RETAIL MADISON HEIGHMI,$63.56,$901.33,
12/23/2023,2854,Primary Credit - 5496,LITTLE CAESARS #0005 BERKLEY MI,$8.46,$837.77,
12/22/2023,2853,Primary Credit - 5496,BIGGBY COFFEE #676 586-3829002 MI,$1.72,$829.31,
12/21/2023,2852,Primary Credit - 5496,CONTINENTAL SERVICE WARREN MI,$1.65,$827.59,
12/21/2023,2851,Primary Credit - 5496,JIMMY JOHNS 2184 WARREN MI,$9.95,$825.94,
12/21/2023,2850,Primary Credit - 5496,VENTIMIGLIA ITALIAN FOODSSTERLING HEIGMI,$29.67,$815.99,
12/20/2023,2849,Primary Credit - 5496,CONTINENTAL SERVICE WARREN MI,$2.65,$786.32,
12/20/2023,2848,Primary Credit - 5496,CONTINENTAL SERVICE WARREN MI,$2.65,$783.67,
12/20/2023,2847,Primary Credit - 5496,GRAND TAVERN ROCHESTER HILMI,$29.44,$781.02,
12/20/2023,2846,Primary Credit - 5496,BIGGBY COFFEE #676 586-3829002 MI,$3.51,$751.58,
12/19/2023,2845,Primary Credit - 5496,BIGGBY COFFEE #676 586-3829002 MI,$3.51,$748.07,
12/18/2023,2844,Primary Credit - 5496,MEIJER # 145 FRASER MI,$40.00,$744.56,
12/18/2023,2843,Primary Credit - 5496,THE PANTRY STERLING HTS MI,$34.09,$704.56,
12/16/2023,2842,Primary Credit - 5496,ETERNAL GAMES WARREN MI,$9.52,$670.47,
12/16/2023,2841,Primary Credit - 5496,ETERNAL GAMES WARREN MI,$10.00,$660.95,
12/15/2023,2840,Primary Credit - 5496,BIGGBY COFFEE #676 586-3829002 MI,$1.63,$650.95,
12/14/2023,2839,Primary Credit - 5496,GRAND TAVERN ROCHESTER HILMI,$45.22,$649.32,
12/13/2023,2838,Primary Credit - 5496,BIGGBY COFFEE #676 586-3829002 MI,$4.57,$604.10,
12/13/2023,2837,Primary Credit - 5496,VENTIMIGLIA ITALIAN FOODSSTERLING HEIGMI,$63.56,$599.53,
12/13/2023,2836,Primary Credit - 5496,VENTIMIGLIA ITALIAN FOODSSTERLING HEIGMI,$20.14,$535.97,
12/12/2023,2835,Primary Credit - 5496,BIGGBY COFFEE #676 586-3829002 MI,$2.85,$515.83,
12/12/2023,2834,Primary Credit - 5496,VENTIMIGLIA ITALIAN FOODSSTERLING HEIGMI,$13.57,$512.98,
12/11/2023,2833,Primary Credit - 5496,THE UPS STORE 7776 571-2656352 MI,$3.70,$499.41,
12/11/2023,2832,Primary Credit - 5496,S0008023 UNCLE EDS OIL SH800-9355961 MI,$107.30,$495.71,
12/11/2023,2831,Primary Credit - 5496,BATTERIES+BULBS #0987 ROSEVILLE MI,$5.29,$388.41,
12/9/2023,2830,Primary Credit - 5496,BIGGBY COFFEE #676 586-3829002 MI,$4.57,$383.12,
12/9/2023,2829,Primary Credit - 5496,LITTLE JOE'S CONEY ISL WARREN MI,$11.53,$378.55,
12/8/2023,2828,Primary Credit - 5496,MEIJER # 145 FRASER MI,$40.21,$367.02,
12/8/2023,2827,Primary Credit - 5496,CONTINENTAL SERVICE WARREN MI,$1.65,$326.81,
12/8/2023,2826,Primary Credit - 5496,BIGGBY COFFEE #676 586-3829002 MI,$2.53,$325.16,
12/7/2023,2825,Primary Credit - 5496,CONTINENTAL SERVICE WARREN MI,$1.90,$322.63,
12/7/2023,2824,Primary Credit - 5496,MARKET@WORK 2067379149 RENTON WA,$4.49,$320.73,
12/6/2023,2823,Primary Credit - 5496,MARATHON PETRO112276 FRASER MI,$39.58,$316.24,
12/6/2023,2822,Primary Credit - 5496,GRAND TAVERN ROCHESTER HILMI,$32.86,$276.66,
12/6/2023,2821,Primary Credit - 5496,BIGGBY COFFEE #676 586-3829002 MI,$4.73,$243.80,
12/6/2023,2820,Primary Credit - 5496,VENTIMIGLIA ITALIAN FOODSSTERLING HEIGMI,$25.75,$239.07,
12/6/2023,2819,Primary Credit - 5496,FIVE GUYS 1308 QSR EASTPOINTE MI,$11.12,$213.32,
12/5/2023,2818,Primary Credit - 5496,BIGGBY COFFEE #676 586-3829002 MI,$2.85,$202.20,
12/4/2023,2817,Primary Credit - 5496,TST* BREAD & ROSES Shelby TownshMI,$20.21,$199.35,
12/4/2023,2816,Primary Credit - 5496,MARKET@WORK 2067379149 RENTON WA,$4.58,$179.14,
12/4/2023,2815,Primary Credit - 5496,Big Boy Restaurant Gro Fraser MI,$34.64,$174.56,
12/2/2023,2814,Primary Credit - 5496,BIGGBY COFFEE #676 586-3829002 MI,$4.57,$139.92,
12/2/2023,2813,Primary Credit - 5496,KIT CHEN THAI BY TOEY WARREN MI,$12.76,$135.35,
12/2/2023,2812,Primary Credit - 5496,ETERNAL GAMES WARREN MI,$5.00,$122.59,
12/1/2023,2811,Primary Credit - 5496,BIGGBY COFFEE #676 586-3829002 MI,$4.57,$117.59,
11/29/2023,2810,Primary Credit - 5496,GRAND TAVERN ROCHESTER HILMI,$21.02,$113.02,
11/29/2023,2809,Primary Credit - 5496,BIGGBY COFFEE #676 586-3829002 MI,$4.57,$92.00,
11/28/2023,2808,Primary Credit - 5496,RITE AID 04339 STERLING HEIGMI,$42.95,$87.43,
11/28/2023,2807,Primary Credit - 5496,NARUTO SUSHI STERLING HEIGMI,$47.29,$44.48,
11/27/2023,2806,Primary Credit - 5496,THE HOME DEPOT #2707 ROSEVILLE MI,-$2.81,-$2.81,
11/27/2023,2805,Primary Credit - 5496,MICRO CENTER #055-RETAIL MADISON HEIGHMI,$137.67,$0.00,
11/27/2023,2804,Primary Credit - 5496,MICRO CENTER #055-RETAIL MADISON HEIGHMI,$1207.32,-$137.67,
1/22/2024,2803,Primary Credit - 5496,JUAN BLANCOS - EAST FRASER MI,$65.72,$217.32,
1/20/2024,2802,Primary Credit - 5496,SPEEDWAY 01016 STERLING HSTERLING HEIGMI,$39.77,$151.60,
1/20/2024,2801,Primary Credit - 5496,TARGET 00003517 ROCHESTER MI,$20.95,$111.83,
1/20/2024,2800,Primary Credit - 5496,SOHO ROCHESTER HILMI,$44.49,$90.88,
1/20/2024,2799,Primary Credit - 5496,BIGGBY COFFEE #676 586-3829002 MI,$2.85,$46.39,
1/20/2024,2798,Primary Credit - 5496,LOUIES HAM & CORNED BEEF WARREN MI,$13.66,$43.54,
1/19/2024,2797,Primary Credit - 5496,BIGGBY COFFEE #676 586-3829002 MI,$4.57,$29.88,
1/18/2024,2796,Primary Credit - 5496,MEIJER # 306 WARREN MI,$4.49,$25.31,
1/18/2024,2795,Primary Credit - 5496,MEIJER STORE #306 WARREN MI,$20.82,$20.82,
1/17/2024,2794,Primary Credit - 5496,Online payment from CHK 7139,-$2591.36,$0.00,
1/17/2024,2793,Primary Credit - 5496,CONTINENTAL SERVICE WARREN MI,$1.90,$2591.36,
1/17/2024,2792,Primary Credit - 5496,GRAND TAVERN ROCHESTER HILMI,$12.19,$2589.46,
1/17/2024,2791,Primary Credit - 5496,BIGGBY COFFEE #676 586-3829002 MI,$2.85,$2577.27,
1/17/2024,2790,Primary Credit - 5496,KIT CHEN THAI BY TOEY WARREN MI,$11.66,$2574.42,
1/16/2024,2789,Primary Credit - 5496,Big Boy Restaurant Gro Fraser MI,$33.64,$2562.76,
1/13/2024,2788,Primary Credit - 5496,TACO BELL #037169 FRASER MI,$16.70,$2529.12,
1/12/2024,2787,Primary Credit - 5496,CONTINENTAL SERVICE WARREN MI,$1.90,$2512.42,
1/12/2024,2786,Primary Credit - 5496,BIGGBY COFFEE #676 586-3829002 MI,$5.71,$2510.52,
1/11/2024,2785,Primary Credit - 5496,CONTINENTAL SERVICE WARREN MI,$2.15,$2504.81,
1/10/2024,2784,Primary Credit - 5496,BIGGBY COFFEE #676 586-3829002 MI,$2.85,$2502.66,
1/10/2024,2783,Primary Credit - 5496,GRAND TAVERN ROCHESTER HILMI,$15.51,$2499.81,
1/10/2024,2782,Primary Credit - 5496,VENTIMIGLIA ITALIAN FOODSSTERLING HEIGMI,$20.83,$2484.30,
1/10/2024,2781,Primary Credit - 5496,MICRO CENTER #055-RETAIL MADISON HEIGHMI,$581.86,$2463.47,
1/10/2024,2780,Primary Credit - 5496,U-HAUL MOVING & STORAGE OROCHESTER H MI,$34.93,$1881.61,
1/9/2024,2779,Primary Credit - 5496,BP#9729468JULIAN PETROLE WARREN MI,$38.83,$1846.68,
1/9/2024,2778,Primary Credit - 5496,BIGGBY COFFEE #676 586-3829002 MI,$2.85,$1807.85,
1/9/2024,2777,Primary Credit - 5496,LITTLE JOE'S CONEY ISL WARREN MI,$19.94,$1805.00,
1/8/2024,2776,Primary Credit - 5496,AUTOZONE 6599 FRASER MI,$14.83,$1785.06,
1/8/2024,2775,Primary Credit - 5496,THE HOME DEPOT #2758 SHELBY TOWNSHMI,$5.24,$1770.23,
1/8/2024,2774,Primary Credit - 5496,U-HAUL MOVING & STORAGE OROCHESTER H MI,$15.85,$1764.99,
1/8/2024,2773,Primary Credit - 5496,TST* KYOTO JAPANESE STEAKSHELBY TOWNSHMI,$47.08,$1749.14,
1/8/2024,2772,Primary Credit - 5496,MARKET@WORK 2067379149 RENTON WA,$2.99,$1702.06,
1/6/2024,2771,Primary Credit - 5496,CONTINENTAL SERVICE WARREN MI,$1.90,$1699.07,
1/6/2024,2770,Primary Credit - 5496,BIGGBY COFFEE #676 586-3829002 MI,$2.85,$1697.17,
1/5/2024,2769,Primary Credit - 5496,PETSMART # 0685 ROSEVILLE MI,$47.68,$1694.32,
1/5/2024,2768,Primary Credit - 5496,CONTINENTAL SERVICE WARREN MI,$1.65,$1646.64,
1/5/2024,2767,Primary Credit - 5496,LOVE SUSHI FRASER MI,$28.25,$1644.99,
1/5/2024,2766,Primary Credit - 5496,SQ *ESTIA GREEK STREET FOWarren MI,$14.20,$1616.74,
1/4/2024,2765,Primary Credit - 5496,RITE AID 04339 STERLING HEIGMI,$114.55,$1602.54,
1/4/2024,2764,Primary Credit - 5496,BIGGBY COFFEE #676 586-3829002 MI,$4.57,$1487.99,
1/4/2024,2763,Primary Credit - 5496,VENTIMIGLIA ITALIAN FOODSSTERLING HEIGMI,$29.35,$1483.42,
1/3/2024,2762,Primary Credit - 5496,ROYAL BENGAL WARREN MI,$13.40,$1454.07,
1/3/2024,2761,Primary Credit - 5496,MARATHON PETRO259739 NAPOLEON OH,$35.07,$1440.67,
1/2/2024,2760,Primary Credit - 5496,Debrand Fine Chocolates Fort Wayne IN,$16.20,$1405.60,
1/2/2024,2759,Primary Credit - 5496,Debrand Fine Chocolates Fort Wayne IN,$71.80,$1389.40,
1/2/2024,2758,Primary Credit - 5496,KEKIONGA CIDER COMPANY FORT WAYNE IN,$51.84,$1317.60,
1/2/2024,2757,Primary Credit - 5496,TACO BELL #037169 FRASER MI,$20.20,$1265.76,
12/29/2023,2756,Primary Credit - 5496,THE PET BEASTRO (WARREN) WARREN MI,$16.21,$1245.56,
12/29/2023,2755,Primary Credit - 5496,Pet Supplies Plus 0043 Warren MI,$58.28,$1229.35,
12/29/2023,2754,Primary Credit - 5496,MARATHON PETRO200675S MARROSEVILLE MI,$40.25,$1171.07,
12/28/2023,2753,Primary Credit - 5496,BIGGBY COFFEE #676 586-3829002 MI,$2.85,$1130.82,
12/28/2023,2752,Primary Credit - 5496,MICRO CENTER #055-RETAIL MADISON HEIGHMI,$90.05,$1127.97,
12/27/2023,2751,Primary Credit - 5496,BIGGBY COFFEE #676 586-3829002 MI,$4.57,$1037.92,
12/26/2023,2750,Primary Credit - 5496,CVS/PHARMACY #08091 FRASER MI,$29.22,$1033.35,
12/26/2023,2749,Primary Credit - 5496,GRAND TAVERN ROCHESTER HILMI,$33.08,$1004.13,
12/26/2023,2748,Primary Credit - 5496,TACO BELL #037169 FRASER MI,$20.93,$971.05,
12/26/2023,2747,Primary Credit - 5496,MEIJER # 145 FRASER MI,$33.74,$950.12,
2/24/2024,2746,Primary Credit - 5496,JETS PIZZA - MI-007 ROCHESTER MI,$1.85,$80.94,
2/24/2024,2745,Primary Credit - 5496,CONTINENTAL SERVICE WARREN MI,$2.65,$79.09,
2/24/2024,2744,Primary Credit - 5496,BIGGBY COFFEE #676 586-3829002 MI,$2.85,$76.44,
2/23/2024,2743,Primary Credit - 5496,CONTINENTAL SERVICE WARREN MI,$1.90,$73.59,
2/23/2024,2742,Primary Credit - 5496,BIGGBY COFFEE #676 586-3829002 MI,$2.85,$71.69,
2/23/2024,2741,Primary Credit - 5496,MARKET@WORK 2067379149 RENTON WA,$2.19,$68.84,
2/22/2024,2740,Primary Credit - 5496,CONTINENTAL SERVICE WARREN MI,$1.90,$66.65,
2/21/2024,2739,Primary Credit - 5496,CONTINENTAL SERVICE WARREN MI,$1.90,$64.75,
2/21/2024,2738,Primary Credit - 5496,VENTIMIGLIA ITALIAN FOODSSTERLING HEIGMI,$22.78,$62.85,
2/20/2024,2737,Primary Credit - 5496,JIMMY JOHNS 2184 WARREN MI,$8.89,$40.07,
2/19/2024,2736,Primary Credit - 5496,HARU FRESH JUICE CARTOON STERLING HEIGMI,$16.20,$31.18,
2/19/2024,2735,Primary Credit - 5496,HARU FRESH JUICE CARTOON STERLING HEIGMI,$6.36,$14.98,
2/19/2024,2734,Primary Credit - 5496,MARKET@WORK 2067379149 RENTON WA,$5.77,$8.62,
2/17/2024,2733,Primary Credit - 5496,PAYMENT - THANK YOU,-$661.86,$2.85,
2/17/2024,2732,Primary Credit - 5496,BIGGBY COFFEE #676 586-3829002 MI,$2.85,$664.71,
2/16/2024,2731,Primary Credit - 5496,CONTINENTAL SERVICE WARREN MI,$2.65,$661.86,
2/14/2024,2730,Primary Credit - 5496,TACO BELL #037169 FRASER MI,$14.12,$659.21,
2/14/2024,2729,Primary Credit - 5496,MEIJER # 145 FRASER MI,$5.84,$645.09,
2/13/2024,2728,Primary Credit - 5496,SCHOTTS MARKET FRASER MI,$16.85,$639.25,
2/12/2024,2727,Primary Credit - 5496,JETS PIZZA - MI04 WARREN MI,$31.73,$622.40,
2/12/2024,2726,Primary Credit - 5496,PETSMART # 0685 ROSEVILLE MI,$47.67,$590.67,
2/12/2024,2725,Primary Credit - 5496,MEIJER STORE #145 FRASER MI,$17.04,$543.00,
2/5/2024,2724,Primary Credit - 5496,THE HOME DEPOT #2707 ROSEVILLE MI,$186.49,$525.96,
2/5/2024,2723,Primary Credit - 5496,BP#9792532SNA INVESTMENT ROSEVILLE MI,$40.18,$339.47,
2/5/2024,2722,Primary Credit - 5496,MARKET@WORK 2067379149 RENTON WA,$2.19,$299.29,
2/3/2024,2721,Primary Credit - 5496,ROYAL BENGAL WARREN MI,$14.83,$297.10,
2/3/2024,2720,Primary Credit - 5496,MARKET@WORK 2067379149 RENTON WA,$2.59,$282.27,
2/2/2024,2719,Primary Credit - 5496,BIGGBY COFFEE #676 586-3829002 MI,$2.85,$279.68,
2/2/2024,2718,Primary Credit - 5496,TACO BELL 350900350983 WARREN MI,$8.88,$276.83,
2/1/2024,2717,Primary Credit - 5496,CONTINENTAL SERVICE WARREN MI,$1.65,$267.95,
2/1/2024,2716,Primary Credit - 5496,MARKET@WORK 2067379149 RENTON WA,$2.59,$266.30,
1/31/2024,2715,Primary Credit - 5496,GRAND TAVERN ROCHESTER HILMI,$18.99,$263.71,
1/31/2024,2714,Primary Credit - 5496,BIGGBY COFFEE #676 586-3829002 MI,$2.85,$244.72,
1/31/2024,2713,Primary Credit - 5496,LITTLE JOE'S CONEY ISL WARREN MI,$15.68,$241.87,
1/30/2024,2712,Primary Credit - 5496,CONTINENTAL SERVICE WARREN MI,$2.65,$226.19,
1/30/2024,2711,Primary Credit - 5496,CONTINENTAL SERVICE WARREN MI,$1.65,$223.54,
1/30/2024,2710,Primary Credit - 5496,BIGGBY COFFEE #676 586-3829002 MI,$4.57,$221.89,
3/25/2024,2709,Primary Credit - 5496,COSTCO WHSE #0394 ROSEVILLE MI,$292.43,$569.16,
3/25/2024,2708,Primary Credit - 5496,COSTCO WHSE #0394 ROSEVILLE MI,$7.07,$276.73,
3/25/2024,2707,Primary Credit - 5496,HARU FRESH JUICE CARTOON STERLING HEIGMI,$9.96,$269.66,
3/23/2024,2706,Primary Credit - 5496,CONTINENTAL SERVICE WARREN MI,$2.65,$259.70,
3/23/2024,2705,Primary Credit - 5496,MARKET@WORK 2067379149 RENTON WA,$3.28,$257.05,
3/22/2024,2704,Primary Credit - 5496,BIGGBY COFFEE #676 586-3829002 MI,$4.57,$253.77,
3/21/2024,2703,Primary Credit - 5496,BIGGBY COFFEE #676 586-3829002 MI,$2.85,$249.20,
3/20/2024,2702,Primary Credit - 5496,CONTINENTAL SERVICE WARREN MI,$2.65,$246.35,
3/20/2024,2701,Primary Credit - 5496,GRAND TAVERN ROCHESTER HILMI,$18.84,$243.70,
3/20/2024,2700,Primary Credit - 5496,BIGGBY COFFEE #676 586-3829002 MI,$2.85,$224.86,
3/18/2024,2699,Primary Credit - 5496,GRAND TAVERN ROCHESTER HILMI,$34.67,$222.01,
3/18/2024,2698,Primary Credit - 5496,THE HOME DEPOT #2707 ROSEVILLE MI,$62.88,$187.34,
3/18/2024,2697,Primary Credit - 5496,THE HOME DEPOT 2707 ROSEVILLE MI,$82.60,$124.46,
3/18/2024,2696,Primary Credit - 5496,PAYMENT - THANK YOU,-$1142.79,$41.86,
3/18/2024,2695,Primary Credit - 5496,BUFFALO WILD WNGS 3179 CLINTON TWP MI,$26.65,$1184.65,
3/18/2024,2694,Primary Credit - 5496,MARKET@WORK 2067379149 RENTON WA,$2.49,$1158.00,
3/18/2024,2693,Primary Credit - 5496,TST* PHULKARI PUNJABI KITmadison heighMI,$12.72,$1155.51,
3/16/2024,2692,Primary Credit - 5496,BIGGBY COFFEE #676 586-3829002 MI,$2.85,$1142.79,
3/15/2024,2691,Primary Credit - 5496,CONTINENTAL SERVICE WARREN MI,$2.65,$1139.94,
3/15/2024,2690,Primary Credit - 5496,CONTINENTAL SERVICE WARREN MI,$2.65,$1137.29,
3/14/2024,2689,Primary Credit - 5496,BIGGBY COFFEE #676 586-3829002 MI,$2.85,$1134.64,
3/14/2024,2688,Primary Credit - 5496,MEIJER # 145 FUEL FRASER MI,$50.39,$1131.79,
3/13/2024,2687,Primary Credit - 5496,CHIPOTLE 2638 WARREN MI,$13.94,$1081.40,
3/13/2024,2686,Primary Credit - 5496,GRAND TAVERN ROCHESTER HILMI,$16.98,$1067.46,
3/12/2024,2685,Primary Credit - 5496,BIGGBY COFFEE #676 586-3829002 MI,$4.57,$1050.48,
3/12/2024,2684,Primary Credit - 5496,Subway 52751 Warren MI,$8.67,$1045.91,
3/11/2024,2683,Primary Credit - 5496,HARU FRESH JUICE CARTOON STERLING HEIGMI,$3.71,$1037.24,
3/11/2024,2682,Primary Credit - 5496,MICRO CENTER #055-RETAIL MADISON HEIGHMI,$61.81,$1033.53,
3/11/2024,2681,Primary Credit - 5496,ETERNAL GAMES NEW BALTIMOREMI,$25.00,$971.72,
3/11/2024,2680,Primary Credit - 5496,ETERNAL GAMES NEW BALTIMOREMI,$65.26,$946.72,
3/11/2024,2679,Primary Credit - 5496,FATHER & SON PIZZERIA CHESTERFIELD MI,$2.50,$881.46,
3/11/2024,2678,Primary Credit - 5496,HARBOR FREIGHT TOOLS 407 MADISON HEIGHMI,$2.08,$878.96,
3/11/2024,2677,Primary Credit - 5496,CHIPOTLE 4148 CLINTON TOWNSMI,$26.66,$876.88,
3/9/2024,2676,Primary Credit - 5496,ODE AUTO REPAIR AND TIRE WARREN MI,$33.00,$850.22,
3/9/2024,2675,Primary Credit - 5496,ETERNAL GAMES NEW BALTIMOREMI,$26.49,$817.22,
3/9/2024,2674,Primary Credit - 5496,ETERNAL GAMES NEW BALTIMOREMI,$15.87,$790.73,
3/9/2024,2673,Primary Credit - 5496,ETERNAL GAMES NEW BALTIMOREMI,$5.00,$774.86,
3/9/2024,2672,Primary Credit - 5496,TACO BELL #037169 FRASER MI,$17.31,$769.86,
3/7/2024,2671,Primary Credit - 5496,CONTINENTAL SERVICE WARREN MI,$2.65,$752.55,
3/7/2024,2670,Primary Credit - 5496,BIGGBY COFFEE #676 586-3829002 MI,$2.85,$749.90,
3/6/2024,2669,Primary Credit - 5496,GRAND TAVERN ROCHESTER HILMI,$25.97,$747.05,
3/6/2024,2668,Primary Credit - 5496,BIGGBY COFFEE #676 586-3829002 MI,$2.85,$721.08,
3/6/2024,2667,Primary Credit - 5496,KIT CHEN THAI BY TOEY WARREN MI,$11.66,$718.23,
3/6/2024,2666,Primary Credit - 5496,MARKET@WORK 2067379149 RENTON WA,$2.19,$706.57,
3/4/2024,2665,Primary Credit - 5496,COSTCO GAS #0394 ROSEVILLE MI,$34.19,$704.38,
3/4/2024,2664,Primary Credit - 5496,COSTCO WHSE #0394 ROSEVILLE MI,$245.90,$670.19,
3/4/2024,2663,Primary Credit - 5496,HARU FRESH JUICE CARTOON STERLING HEIGMI,$12.72,$424.29,
3/4/2024,2662,Primary Credit - 5496,MARKET@WORK 2067379149 RENTON WA,$3.48,$411.57,
3/2/2024,2661,Primary Credit - 5496,CONTINENTAL SERVICE WARREN MI,$2.65,$408.09,
3/1/2024,2660,Primary Credit - 5496,CONTINENTAL SERVICE WARREN MI,$1.90,$405.44,
3/1/2024,2659,Primary Credit - 5496,VENTIMIGLIA ITALIAN FOODSSTERLING HEIGMI,$18.17,$403.54,
3/1/2024,2658,Primary Credit - 5496,LITTLE JOE'S CONEY ISL WARREN MI,$12.96,$385.37,
2/29/2024,2657,Primary Credit - 5496,BIGGBY COFFEE #676 586-3829002 MI,$2.85,$372.41,
2/29/2024,2656,Primary Credit - 5496,THE HOME DEPOT #2707 ROSEVILLE MI,$113.80,$369.56,
2/28/2024,2655,Primary Credit - 5496,GRAND TAVERN ROCHESTER HILMI,$27.20,$255.76,
2/27/2024,2654,Primary Credit - 5496,CONTINENTAL SERVICE WARREN MI,$1.90,$228.56,
2/27/2024,2653,Primary Credit - 5496,BIGGBY COFFEE #676 586-3829002 MI,$2.85,$226.66,
2/27/2024,2652,Primary Credit - 5496,VENTIMIGLIA ITALIAN FOODSSTERLING HEIGMI,$36.54,$223.81,
2/27/2024,2651,Primary Credit - 5496,TACO BELL #037169 FRASER MI,$5.08,$187.27,
2/26/2024,2650,Primary Credit - 5496,KELLY CAR WASH CLINTON TOWNSMI,$9.54,$182.19,
2/26/2024,2649,Primary Credit - 5496,THE HOME DEPOT 2707 ROSEVILLE MI,$89.52,$172.65,
2/26/2024,2648,Primary Credit - 5496,MARKET@WORK 2067379149 RENTON WA,$2.19,$83.13,
4/15/2024,2647,Primary Credit - 5496,FI *RESTAURANT WARREN MI,$12.46,-$78.15,
4/12/2024,2646,Primary Credit - 5496,BIGGBY COFFEE #676 586-3829002 MI,$2.85,-$90.61,
4/12/2024,2645,Primary Credit - 5496,MARATHON PETRO200675S MARROSEVILLE MI,$54.34,-$93.46,
4/11/2024,2644,Primary Credit - 5496,Online payment from CHK 7139,-$569.16,-$147.80,
4/11/2024,2643,Primary Credit - 5496,BIGGBY COFFEE #676 586-3829002 MI,$5.38,$421.36,
4/10/2024,2642,Primary Credit - 5496,GRAND TAVERN ROCHESTER HILMI,$16.19,$415.98,
4/10/2024,2641,Primary Credit - 5496,MEIJER # 306 WARREN MI,$22.05,$399.79,
4/9/2024,2640,Primary Credit - 5496,BIGGBY COFFEE #676 586-3829002 MI,$4.57,$377.74,
4/8/2024,2639,Primary Credit - 5496,MICRO CENTER #055-RETAIL MADISON HEIGHMI,$47.55,$373.17,
4/8/2024,2638,Primary Credit - 5496,MARKET@WORK 2067379149 RENTON WA,$7.37,$325.62,
4/5/2024,2637,Primary Credit - 5496,RITE AID 04339 STERLING HEIGMI,$87.06,$318.25,
4/5/2024,2636,Primary Credit - 5496,VENTIMIGLIA ITALIAN FOODSSTERLING HEIGMI,$22.05,$231.19,
4/3/2024,2635,Primary Credit - 5496,KIT CHEN THAI BY TOEY WARREN MI,$11.66,$209.14,
4/2/2024,2634,Primary Credit - 5496,BIGGBY COFFEE #676 586-3829002 MI,$4.57,$197.48,
4/2/2024,2633,Primary Credit - 5496,STONY CREEK ROADHOUSE 586-7819108 MI,$46.42,$192.91,
4/1/2024,2632,Primary Credit - 5496,SQ *KURA REVOLVING SUSHI Troy MI,$75.97,$146.49,
4/1/2024,2631,Primary Credit - 5496,FI *RESTAURANT WARREN MI,$13.01,$70.52,
3/30/2024,2630,Primary Credit - 5496,MARKET@WORK 2067379149 RENTON WA,$6.67,$57.51,
3/29/2024,2629,Primary Credit - 5496,BIGGBY COFFEE #676 586-3829002 MI,$3.01,$50.84,
3/28/2024,2628,Primary Credit - 5496,PAYMENT - THANK YOU,-$637.98,$47.83,
3/28/2024,2627,Primary Credit - 5496,"BP#2156800FRANK FUELS, I WARREN MI",$47.83,$685.81,
3/27/2024,2626,Primary Credit - 5496,GRAND TAVERN ROCHESTER HILMI,$29.32,$637.98,
3/27/2024,2625,Primary Credit - 5496,JIMMY JOHNS 2184 WARREN MI,$13.75,$608.66,
3/26/2024,2624,Primary Credit - 5496,CHIPOTLE 2638 WARREN MI,$22.90,$594.91,
3/26/2024,2623,Primary Credit - 5496,BIGGBY COFFEE #676 586-3829002 MI,$2.85,$572.01,
5/21/2024,2622,Primary Credit - 5496,PAYMENT - THANK YOU,-$22.53,$0.00,
5/13/2024,2621,Primary Credit - 5496,KIT CHEN THAI BY TOEY WARREN MI,$11.66,$22.53,
5/11/2024,2620,Primary Credit - 5496,ETERNAL GAMES NEW BALTIMOREMI,$5.00,$10.87,
5/10/2024,2619,Primary Credit - 5496,PAYMENT - THANK YOU,-$466.26,$5.87,
5/10/2024,2618,Primary Credit - 5496,FATHER & SON PIZZERIA CHESTERFIELD MI,$7.08,$472.13,
5/10/2024,2617,Primary Credit - 5496,BIGGBY COFFEE #676 586-3829002 MI,$2.85,$465.05,
5/10/2024,2616,Primary Credit - 5496,LA QUINTA MOTOR INNS 317-2474281 IN,-$100.00,$462.20,
5/10/2024,2615,Primary Credit - 5496,THE HOME DEPOT 2707 ROSEVILLE MI,$81.49,$562.20,
5/10/2024,2614,Primary Credit - 5496,FI *RESTAURANT WARREN MI,$14.45,$480.71,
5/9/2024,2613,Primary Credit - 5496,BIGGBY COFFEE #676 586-3829002 MI,$2.85,$466.26,
5/9/2024,2612,Primary Credit - 5496,MARKET@WORK 2067379149 RENTON WA,$5.58,$463.41,
5/8/2024,2611,Primary Credit - 5496,GRAND TAVERN ROCHESTER HILMI,$13.01,$457.83,
5/7/2024,2610,Primary Credit - 5496,CULVERS STERLING HEIGHTS STERLING HEIGMI,$32.74,$444.82,
5/7/2024,2609,Primary Credit - 5496,HANEYS FAMILY RESTAURANT CENTER LINE MI,$13.23,$412.08,
5/7/2024,2608,Primary Credit - 5496,THE PET BEASTRO (WARREN) WARREN MI,$49.81,$398.85,
5/7/2024,2607,Primary Credit - 5496,CONTINENTAL SERVICE WARREN MI,$1.65,$349.04,
5/7/2024,2606,Primary Credit - 5496,MARATHON PETRO114116 FORT WAYNE IN,$35.60,$347.39,
5/6/2024,2605,Primary Credit - 5496,CULVERS FORT WAYNE-WASHI FORT WAYNE IN,$32.91,$311.79,
5/6/2024,2604,Primary Credit - 5496,"MCC RESORT INDY, LLC INDIANAPOLIS IN",$25.46,$278.88,
5/6/2024,2603,Primary Credit - 5496,INDIANAPOLIS CONVENTIO 317-2623507 IN,$6.54,$253.42,
5/6/2024,2602,Primary Credit - 5496,INDIANAPOLIS CONVENTIO 317-2623507 IN,$17.44,$246.88,
5/6/2024,2601,Primary Credit - 5496,IDOA WASHINGTON PARKING- INDIANAPOLIS IN,$35.00,$229.44,
5/6/2024,2600,Primary Credit - 5496,LA QUINTA MOTOR INNS INDIANAPOLIS IN,$100.00,$194.44,
5/6/2024,2599,Primary Credit - 5496,SQ *YETI GAMING Crestwood MO,$40.00,$94.44,
5/6/2024,2598,Primary Credit - 5496,SUGAR FACTORY INDIANAPOL INDIANAPOLIS IN,$4.28,$54.44,
5/4/2024,2597,Primary Credit - 5496,SQ *COLLECTOR STORE LLC SAINT CHARLESMO,$37.77,$50.16,
5/4/2024,2596,Primary Credit - 5496,SQ *COLOSSEUM Fairmont MN,$30.00,$12.39,
5/4/2024,2595,Primary Credit - 5496,INDIANAPOLIS CONVENTIO 317-2623507 IN,$6.54,-$17.61,
5/4/2024,2594,Primary Credit - 5496,SQ *DAY 2 EVENTS Indianapolis IN,$24.00,-$24.15,
5/4/2024,2593,Primary Credit - 5496,SQ *DAY 2 EVENTS Indianapolis IN,$30.00,-$48.15,
6/22/2024,2592,Primary Credit - 5496,MICRO CENTER #055-RETAIL MADISON HEIGHMI,$2103.54,$0.00,
6/21/2024,2591,Primary Credit - 5496,PAYMENT - THANK YOU,-$2756.02,-$2103.54,
6/21/2024,2590,Primary Credit - 5496,MARKET@WORK 2067379149 RENTON WA,$2.19,$652.48,
6/20/2024,2589,Primary Credit - 5496,GRAND TAVERN ROCHESTER HILMI,$13.42,$650.29,
6/19/2024,2588,Primary Credit - 5496,MARKET@WORK 2067379149 RENTON WA,$2.19,$636.87,
6/17/2024,2587,Primary Credit - 5496,JUAN BLANCOS - EAST FRASER MI,$51.41,$634.68,
6/17/2024,2586,Primary Credit - 5496,SPEEDWAY 02322 26 MILE WAWASHINGTON MI,$49.70,$583.27,
6/15/2024,2585,Primary Credit - 5496,IKEA CANTON CANTON MI,$428.93,$533.57,
6/10/2024,2584,Primary Credit - 5496,THE HOME DEPOT #2707 ROSEVILLE MI,$67.74,$104.64,
6/10/2024,2583,Primary Credit - 5496,TIM HORTONS #918673 FRASER MI,$5.85,$36.90,
6/10/2024,2582,Primary Credit - 5496,MEIJER EXPRESS 145 FRASER MI,$31.05,$31.05,
7/24/2024,2581,Primary Credit - 5496,Online payment from CHK 3102,-$4704.08,$0.00,
7/22/2024,2580,Primary Credit - 5496,MEIJER # 145 FRASER MI,$81.16,$4704.08,
7/22/2024,2579,Primary Credit - 5496,MEIJER # 145 FUEL FRASER MI,$40.68,$4622.92,
7/22/2024,2578,Primary Credit - 5496,MARKET@WORK 2067379149 RENTON WA,$2.19,$4582.24,
7/20/2024,2577,Primary Credit - 5496,CONTINENTAL SERVICE WARREN MI,$2.15,$4580.05,
7/20/2024,2576,Primary Credit - 5496,SQ *HEY HONEY Sterling HeigMI,$15.63,$4577.90,
7/19/2024,2575,Primary Credit - 5496,THE STREAT CORN-ER STERLING HEIGMI,$38.21,$4562.27,
7/19/2024,2574,Primary Credit - 5496,BIGGBY COFFEE #676 586-3829002 MI,$2.85,$4524.06,
7/19/2024,2573,Primary Credit - 5496,MARKET@WORK 2067379149 RENTON WA,$2.19,$4521.21,
7/18/2024,2572,Primary Credit - 5496,CVS/PHARMACY #08091 FRASER MI,$29.53,$4519.02,
7/18/2024,2571,Primary Credit - 5496,SPEEDWAY 44290 FRASER MI,$1.90,$4489.49,
7/18/2024,2570,Primary Credit - 5496,GRAND TAVERN ROCHESTER HILMI,$23.08,$4487.59,
7/18/2024,2569,Primary Credit - 5496,BIGGBY COFFEE #676 586-3829002 MI,$2.85,$4464.51,
7/16/2024,2568,Primary Credit - 5496,JETS PIZZA - MI-010 WARREN MI,$11.62,$4461.66,
7/16/2024,2567,Primary Credit - 5496,MEIJER # 145 FRASER MI,$46.11,$4450.04,
7/16/2024,2566,Primary Credit - 5496,BIGGBY COFFEE #676 586-3829002 MI,$2.85,$4403.93,
7/16/2024,2565,Primary Credit - 5496,TST* THE BRUNCH BAR ROCHESTER HILMI,$24.80,$4401.08,
7/15/2024,2564,Primary Credit - 5496,KIT CHEN THAI BY TOEY WARREN MI,$11.66,$4376.28,
7/15/2024,2563,Primary Credit - 5496,THE HOME DEPOT #2758 SHELBY TOWNSHMI,$12.64,$4364.62,
7/15/2024,2562,Primary Credit - 5496,MARKET@WORK 2067379149 RENTON WA,$4.08,$4351.98,
7/13/2024,2561,Primary Credit - 5496,CVS/PHARMACY #08091 FRASER MI,$47.26,$4347.90,
7/13/2024,2560,Primary Credit - 5496,MEIJER EXPRESS 145 FRASER MI,$9.77,$4300.64,
7/13/2024,2559,Primary Credit - 5496,BIGGBY COFFEE #676 586-3829002 MI,$2.85,$4290.87,
7/13/2024,2558,Primary Credit - 5496,BUFFALO WILD WNGS 3179 CLINTON TWP MI,$24.88,$4288.02,
7/13/2024,2557,Primary Credit - 5496,TACO BELL 35098 WARREN MI,$7.42,$4263.14,
7/12/2024,2556,Primary Credit - 5496,BIGGBY COFFEE #676 586-3829002 MI,$2.85,$4255.72,
7/11/2024,2555,Primary Credit - 5496,BIGGBY COFFEE #676 586-3829002 MI,$3.28,$4252.87,
7/11/2024,2554,Primary Credit - 5496,MEIJER # 260 FUEL ROCHESTER HILMI,$54.32,$4249.59,
7/11/2024,2553,Primary Credit - 5496,MARKET@WORK 2067379149 RENTON WA,$2.19,$4195.27,
7/10/2024,2552,Primary Credit - 5496,GRAND TAVERN ROCHESTER HILMI,$25.14,$4193.08,
7/10/2024,2551,Primary Credit - 5496,KIT CHEN THAI BY TOEY WARREN MI,$11.66,$4167.94,
7/9/2024,2550,Primary Credit - 5496,BIGGBY COFFEE #676 586-3829002 MI,$2.85,$4156.28,
7/8/2024,2549,Primary Credit - 5496,JETS PIZZA - MI04 WARREN MI,$23.27,$4153.43,
7/5/2024,2548,Primary Credit - 5496,THE HOME DEPOT #2707 ROSEVILLE MI,$31.78,$4130.16,
7/4/2024,2547,Primary Credit - 5496,GRAND TAVERN ROCHESTER HILMI,$24.14,$4098.38,
7/4/2024,2546,Primary Credit - 5496,FAMILY PAWS VETERINARY SHELBY TOWNSHMI,$645.00,$4074.24,
7/4/2024,2545,Primary Credit - 5496,MEIJER # 145 FRASER MI,$4.39,$3429.24,
7/3/2024,2544,Primary Credit - 5496,KIT CHEN THAI BY TOEY WARREN MI,$11.66,$3424.85,
7/3/2024,2543,Primary Credit - 5496,ANIMAL EMERGENCY CENTER-RROCHESTER MI,$1543.00,$3413.19,
7/2/2024,2542,Primary Credit - 5496,BIGGBY COFFEE #676 586-3829002 MI,$2.85,$1870.19,
7/2/2024,2541,Primary Credit - 5496,WOODCRAFT 321 STERLING HEIGMI,$52.99,$1867.34,
7/1/2024,2540,Primary Credit - 5496,CULVERS STERLING HEIGHTS STERLING HEIGMI,$8.25,$1814.35,
7/1/2024,2539,Primary Credit - 5496,ANIMAL EMERGENCY CENTER-RROCHESTER MI,$1700.00,$1806.10,
7/1/2024,2538,Primary Credit - 5496,MEIJER # 145 FRASER MI,$25.70,$106.10,
6/29/2024,2537,Primary Credit - 5496,MEIJER # 243 FUEL CLINTON TWP MI,$50.40,$80.40,
6/28/2024,2536,Primary Credit - 5496,CHIPOTLE 4148 CLINTON TOWNSMI,$30.00,$30.00,
8/24/2024,2535,Primary Credit - 5496,MARKET@WORK 2067379149 RENTON WA,$3.28,$4.37,
8/22/2024,2534,Primary Credit - 5496,Online payment from CHK 3102,-$1121.42,$1.09,
8/22/2024,2533,Primary Credit - 5496,MARKET@WORK 2067379149 RENTON WA,$1.09,$1122.51,
8/21/2024,2532,Primary Credit - 5496,GRAND TAVERN ROCHESTER HILMI,$15.66,$1121.42,
8/21/2024,2531,Primary Credit - 5496,KIT CHEN THAI BY TOEY WARREN MI,$11.66,$1105.76,
8/20/2024,2530,Primary Credit - 5496,CULVERS STERLING HEIGHTS STERLING HEIGMI,$25.37,$1094.10,
8/19/2024,2529,Primary Credit - 5496,HARU FRESH JUICE CARTOON STERLING HEIGMI,$2.01,$1068.73,
8/19/2024,2528,Primary Credit - 5496,THE HOME DEPOT 2707 ROSEVILLE MI,$213.52,$1066.72,
8/17/2024,2527,Primary Credit - 5496,BIGGBY COFFEE #676 586-3829002 MI,$3.17,$853.20,
8/16/2024,2526,Primary Credit - 5496,NARUTO SUSHI STERLING HEIGMI,$16.17,$850.03,
8/16/2024,2525,Primary Credit - 5496,WARREN FAMILY CONEY IS WARREN MI,$13.01,$833.86,
8/15/2024,2524,Primary Credit - 5496,COLDSTONE #1829 MADISON HEIGHMI,$11.74,$820.85,
8/15/2024,2523,Primary Credit - 5496,BIGGBY COFFEE #676 586-3829002 MI,$3.17,$809.11,
8/15/2024,2522,Primary Credit - 5496,MEIJER # 145 FUEL FRASER MI,$46.83,$805.94,
8/15/2024,2521,Primary Credit - 5496,MARKET@WORK 2067379149 RENTON WA,$1.79,$759.11,
8/14/2024,2520,Primary Credit - 5496,KIT CHEN THAI BY TOEY WARREN MI,$11.66,$757.32,
8/12/2024,2519,Primary Credit - 5496,HARU FRESH JUICE CARTOON STERLING HEIGMI,$20.46,$745.66,
8/10/2024,2518,Primary Credit - 5496,KIT CHEN THAI BY TOEY WARREN MI,$11.66,$725.20,
8/9/2024,2517,Primary Credit - 5496,MARKET@WORK 2067379149 RENTON WA,$3.28,$713.54,
8/8/2024,2516,Primary Credit - 5496,TST*THE MASONIC TEMPLE D Detroit MI,$15.00,$710.26,
8/7/2024,2515,Primary Credit - 5496,BIGGBY COFFEE #676 586-3829002 MI,$2.85,$695.26,
8/7/2024,2514,Primary Credit - 5496,LOUIES HAM & CORNED BEEF WARREN MI,$19.25,$692.41,
8/7/2024,2513,Primary Credit - 5496,MARKET@WORK 2067379149 RENTON WA,$2.49,$673.16,
8/6/2024,2512,Primary Credit - 5496,BIGGBY COFFEE #676 586-3829002 MI,$2.85,$670.67,
8/5/2024,2511,Primary Credit - 5496,HARU FRESH JUICE CARTOON STERLING HEIGMI,$25.12,$667.82,
8/5/2024,2510,Primary Credit - 5496,AMC 2911 GREAT LAKES 2 AUBURN HILLS MI,$13.93,$642.70,
8/5/2024,2509,Primary Credit - 5496,SQ *GET ROASTED CORN Orion TownshiMI,$5.30,$628.77,
8/5/2024,2508,Primary Credit - 5496,SQ *VILLAGE SMOKEHOUSE & Lake Orion MI,$15.26,$623.47,
8/5/2024,2507,Primary Credit - 5496,SQ *CANTERBURY CASTLE Orion TownshiMI,$7.42,$608.21,
8/3/2024,2506,Primary Credit - 5496,CVS/PHARMACY #08091 FRASER MI,$61.80,$600.79,
8/3/2024,2505,Primary Credit - 5496,BIGGBY COFFEE #676 586-3829002 MI,$2.85,$538.99,
8/3/2024,2504,Primary Credit - 5496,KIT CHEN THAI BY TOEY WARREN MI,$11.66,$536.14,
8/2/2024,2503,Primary Credit - 5496,MEIJER # 145 FUEL FRASER MI,$48.35,$524.48,
8/1/2024,2502,Primary Credit - 5496,SANDERS CANDY LLC ROCHESTER MI,$9.73,$476.13,
8/1/2024,2501,Primary Credit - 5496,SERRA BUICK-GMC ROCHESTE ROCHESTER HILMI,$74.26,$466.40,
8/1/2024,2500,Primary Credit - 5496,USCONNECT CRPDN VEND L GREENSBORO NC,$1.65,$392.14,
7/31/2024,2499,Primary Credit - 5496,GRAND TAVERN ROCHESTER HILMI,$21.49,$390.49,
7/31/2024,2498,Primary Credit - 5496,ANIMAL EMERGENCY CENTER-RROCHESTER MI,$369.00,$369.00,
9/25/2024,2497,Primary Credit - 5496,MARKET@WORK 2067379149 RENTON WA,$1.19,$4.43,
9/24/2024,2496,Primary Credit - 5496,THE HOME DEPOT #2740 STERLING HGTSMI,$314.28,$3.24,
9/23/2024,2495,Primary Credit - 5496,Online payment from CHK 7139,-$536.78,-$311.04,
9/23/2024,2494,Primary Credit - 5496,231 AMF 8003425263 ROSEVILLE MI,$21.24,$225.74,
9/23/2024,2493,Primary Credit - 5496,VENTIMIGLIA ITALIAN FOODSSTERLING HEIGMI,$45.24,$204.50,
9/21/2024,2492,Primary Credit - 5496,Restaurant Warren MI,$15.55,$159.26,
9/21/2024,2491,Primary Credit - 5496,MCDONALD'S F19405 CLINTON TWP MI,$4.88,$143.71,
9/21/2024,2490,Primary Credit - 5496,BIGGBY COFFEE #676 586-3829002 MI,$2.85,$138.83,
9/20/2024,2489,Primary Credit - 5496,BIGGBY COFFEE #1236 586-3829002 MI,$3.17,$135.98,
9/20/2024,2488,Primary Credit - 5496,MARKET@WORK 2067379149 RENTON WA,$4.78,$132.81,
9/19/2024,2487,Primary Credit - 5496,BIGGBY COFFEE #1236 586-3829002 MI,$3.17,$128.03,
9/19/2024,2486,Primary Credit - 5496,GRAND TAVERN ROCHESTER HILMI,$26.14,$124.86,
9/19/2024,2485,Primary Credit - 5496,KIT CHEN THAI BY TOEY WARREN MI,$11.66,$98.72,
9/19/2024,2484,Primary Credit - 5496,EXXON 10 MILE FUEL WARREN MI,$46.15,$87.06,
9/18/2024,2483,Primary Credit - 5496,BIGGBY COFFEE #1236 586-3829002 MI,$2.85,$40.91,
9/17/2024,2482,Primary Credit - 5496,Online payment from CHK 7139,-$634.64,$38.06,
9/17/2024,2481,Primary Credit - 5496,MCDONALD'S F10987 ROMULUS MI,$12.06,$672.70,
9/17/2024,2480,Primary Credit - 5496,HERTZ #0184011 HANOVER KY,$26.00,$660.64,
9/16/2024,2479,Primary Credit - 5496,SQ *MUHAMMAD IRFAN ALEXANDRIA VA,$13.20,$634.64,
9/16/2024,2478,Primary Credit - 5496,DC137 - LOMBARD GARAGE BALTIMORE MD,$35.00,$621.44,
9/16/2024,2477,Primary Credit - 5496,2BALTIMORE CONVENTION BALTIMORE MD,$5.30,$586.44,
9/16/2024,2476,Primary Credit - 5496,2BALTIMORE CONVENTION BALTIMORE MD,$17.49,$581.14,
9/16/2024,2475,Primary Credit - 5496,TOP CUT COMICS LP 181-56330330 IL,$13.78,$563.65,
9/16/2024,2474,Primary Credit - 5496,TST* MARKET HOUSE - ANNAPANNAPOLIS MD,$12.72,$549.87,
9/16/2024,2473,Primary Credit - 5496,SQ *KAYFABE CARDS Riverton UT,$12.87,$537.15,
9/16/2024,2472,Primary Credit - 5496,DC137 - LOMBARD GARAGE BALTIMORE MD,$36.00,$524.28,
9/16/2024,2471,Primary Credit - 5496,SQ *KAYFABE CARDS Riverton UT,$21.45,$488.28,
9/14/2024,2470,Primary Credit - 5496,CHIPOTLE 2332 BALTIMORE MD,$4.98,$466.83,
9/14/2024,2469,Primary Credit - 5496,TOP CUT COMICS LP 181-56330330 IL,$23.32,$461.85,
9/14/2024,2468,Primary Credit - 5496,TOP CUT COMICS LP 181-56330330 IL,$10.60,$438.53,
9/14/2024,2467,Primary Credit - 5496,SQ *CRADILICIOUS Baltimore MD,$12.00,$427.93,
9/14/2024,2466,Primary Credit - 5496,SQ *THE SIDE DECK Baltimore MD,$13.00,$415.93,
9/14/2024,2465,Primary Credit - 5496,SQ *CRADILICIOUS Phoenix AZ,$8.00,$402.93,
9/14/2024,2464,Primary Credit - 5496,SQ *KAYFABE CARDS Riverton UT,$53.61,$394.93,
9/14/2024,2463,Primary Credit - 5496,SQ *THE SIDE DECK Baltimore MD,$49.00,$341.32,
9/14/2024,2462,Primary Credit - 5496,SQ *KAYFABE CARDS Riverton UT,$13.94,$292.32,
9/13/2024,2461,Primary Credit - 5496,BIGGBY COFFEE #676 586-3829002 MI,$3.28,$278.38,
9/12/2024,2460,Primary Credit - 5496,BIGGBY COFFEE #1236 586-3829002 MI,$3.28,$275.10,
9/12/2024,2459,Primary Credit - 5496,LOVE SUSHI FRASER MI,$38.45,$271.82,
9/11/2024,2458,Primary Credit - 5496,Restaurant Warren MI,$13.55,$233.37,
9/11/2024,2457,Primary Credit - 5496,GRAND TAVERN ROCHESTER HILMI,$18.54,$219.82,
9/10/2024,2456,Primary Credit - 5496,BIGGBY COFFEE #1236 586-3829002 MI,$3.17,$201.28,
9/10/2024,2455,Primary Credit - 5496,MARATHON PETRO114116 FORT WAYNE IN,$42.52,$198.11,
9/9/2024,2454,Primary Credit - 5496,MCDONALD'S F5845 ROSSFORD OH,$14.28,$155.59,
9/9/2024,2453,Primary Credit - 5496,CHINA HOUSE HUA INC FORT WAYNE IN,$8.48,$141.31,
9/9/2024,2452,Primary Credit - 5496,UEP*ICHIDDO RAMEN FORT WAYNE IN,$62.47,$132.83,
9/9/2024,2451,Primary Credit - 5496,SQ *TRUE KIMCHI Fort Wayne IN,$19.95,$70.36,
9/9/2024,2450,Primary Credit - 5496,TACO BELL 35098 WARREN MI,$10.00,$50.41,
9/6/2024,2449,Primary Credit - 5496,Restaurant Warren MI,$9.70,$40.41,
9/6/2024,2448,Primary Credit - 5496,BIGGBY COFFEE #1236 586-3829002 MI,$3.17,$30.71,
9/5/2024,2447,Primary Credit - 5496,BIGGBY COFFEE #1236 586-3829002 MI,$3.33,$27.54,
9/4/2024,2446,Primary Credit - 5496,GRAND TAVERN ROCHESTER HILMI,$19.84,$24.21,
10/23/2024,2445,Primary Credit - 5496,04412 THE EDGE FITNESS MIWARREN MI,$8.47,$8.47,
10/19/2024,2444,Primary Credit - 5496,CVS/PHARMACY #08091 FRASER MI,$17.80,$0.00,
10/19/2024,2443,Primary Credit - 5496,ETERNAL GAMES NEW BALTIMOREMI,$10.00,-$17.80,
10/18/2024,2442,Primary Credit - 5496,Online payment from CHK 3102,-$112.80,-$27.80,
10/18/2024,2441,Primary Credit - 5496,CHIPOTLE 4148 CLINTON TOWNSMI,$5.72,$85.00,
10/18/2024,2440,Primary Credit - 5496,BIGGBY COFFEE #676 586-3829002 MI,$3.17,$79.28,
10/18/2024,2439,Primary Credit - 5496,ETERNAL GAMES WARREN MI,$9.52,$76.11,
10/17/2024,2438,Primary Credit - 5496,Online payment from CHK 3102,-$458.27,$66.59,
10/17/2024,2437,Primary Credit - 5496,CULVERS STERLING HEIGHTS STERLING HEIGMI,$25.63,$524.86,
10/17/2024,2436,Primary Credit - 5496,GRAND TAVERN ROCHESTER HILMI,$24.02,$499.23,
10/17/2024,2435,Primary Credit - 5496,04412 THE EDGE FITNESS MIWARREN MI,$8.47,$475.21,
10/17/2024,2434,Primary Credit - 5496,04412 THE EDGE FITNESS MIWARREN MI,$8.47,$466.74,
10/16/2024,2433,Primary Credit - 5496,BIGGBY COFFEE #1236 586-3829002 MI,$3.17,$458.27,
10/16/2024,2432,Primary Credit - 5496,ETERNAL GAMES WARREN MI,$14.28,$455.10,
10/15/2024,2431,Primary Credit - 5496,BIGGBY COFFEE #1236 586-3829002 MI,$3.17,$440.82,
10/14/2024,2430,Primary Credit - 5496,NINJA OF JAPAN MUNCIE IN,$11.88,$437.65,
10/14/2024,2429,Primary Credit - 5496,LG&E GARAGE 21 LOUISVILLE KY,$13.00,$425.77,
10/14/2024,2428,Primary Credit - 5496,2766PEPSIVEN9147678600 LOUISVILLE KY,$6.15,$412.77,
10/14/2024,2427,Primary Credit - 5496,2766PEPSIVEN9147678600 LOUISVILLE KY,$5.15,$406.62,
10/14/2024,2426,Primary Credit - 5496,FOURTH-GUYS SMOKEHOUSE LOUISVILLE KY,$36.56,$401.47,
10/14/2024,2425,Primary Credit - 5496,2LEVY@KICC LOUISVILLE KY,$11.66,$364.91,
10/14/2024,2424,Primary Credit - 5496,SQ *THE SIDE DECK Louisville KY,$29.00,$353.25,
10/12/2024,2423,Primary Credit - 5496,SQ *FULL GRIP GAMES.COM Louisville KY,$55.00,$324.25,
10/12/2024,2422,Primary Credit - 5496,PP*DUSTIN GRAND PRARIE TX,$7.00,$269.25,
10/12/2024,2421,Primary Credit - 5496,PP*DUSTIN GRAND PRARIE TX,$7.00,$262.25,
10/12/2024,2420,Primary Credit - 5496,LOVE'S #0355 OUTSIDE MEMPHIS IN,$38.92,$255.25,
10/12/2024,2419,Primary Credit - 5496,LOVE'S #0355 INSIDE MEMPHIS IN,$13.38,$216.33,
10/12/2024,2418,Primary Credit - 5496,MCDONALD'S F32134 MEMPHIS IN,$10.69,$202.95,
10/12/2024,2417,Primary Credit - 5496,SQ *THE SIDE DECK Louisville KY,$15.00,$192.26,
10/11/2024,2416,Primary Credit - 5496,CIRCLE K # 06313 WOODHAVEN MI,$37.30,$177.26,
10/11/2024,2415,Primary Credit - 5496,CVS/PHARMACY #08091 FRASER MI,$81.97,$139.96,
10/11/2024,2414,Primary Credit - 5496,MCDONALD'S F2305 WOODHAVEN MI,$7.83,$57.99,
10/9/2024,2413,Primary Credit - 5496,BIGGBY COFFEE #1236 586-3829002 MI,$3.17,$50.16,
10/9/2024,2412,Primary Credit - 5496,GRAND TAVERN ROCHESTER HILMI,$28.26,$46.99,
10/9/2024,2411,Primary Credit - 5496,VENTIMIGLIA ITALIAN FOODSSTERLING HEIGMI,$14.30,$18.73,
11/18/2024,2410,Primary Credit - 5496,HARU FRESH JUICE CARTOON STERLING HEIGMI,$23.11,$0.00,
11/18/2024,2409,Primary Credit - 5496,MICRO CENTER #055-RETAIL MADISON HEIGHMI,$56.14,-$23.11,
11/18/2024,2408,Primary Credit - 5496,Online payment from CHK 3102,-$635.02,-$79.25,
11/18/2024,2407,Primary Credit - 5496,231 AMF 8003425263 ROSEVILLE MI,$10.17,$555.77,
11/18/2024,2406,Primary Credit - 5496,COSTCO GAS #0393 MADISON HEIGHMI,$29.73,$545.60,
11/18/2024,2405,Primary Credit - 5496,COSTCO WHSE #0393 MADISON HEIGHMI,$183.26,$515.87,
11/16/2024,2404,Primary Credit - 5496,SAGANO BISTRO III CLARKSTON MI,$95.24,$332.61,
11/15/2024,2403,Primary Credit - 5496,BIGGBY COFFEE #676 586-3829002 MI,$2.85,$237.37,
11/14/2024,2402,Primary Credit - 5496,KIT CHEN THAI BY TOEY WARREN MI,$11.66,$234.52,
11/13/2024,2401,Primary Credit - 5496,GRAND TAVERN ROCHESTER HILMI,$38.60,$222.86,
11/13/2024,2400,Primary Credit - 5496,BIGGBY COFFEE #676 586-3829002 MI,$4.57,$184.26,
11/12/2024,2399,Primary Credit - 5496,BIGGBY COFFEE #676 586-3829002 MI,$3.17,$179.69,
11/11/2024,2398,Primary Credit - 5496,MEIJER EXPRESS 145 FRASER MI,$42.09,$176.52,
11/11/2024,2397,Primary Credit - 5496,HARU FRESH JUICE CARTOON STERLING HEIGMI,$26.92,$134.43,
11/11/2024,2396,Primary Credit - 5496,HARU FRESH JUICE CARTOON STERLING HEIGMI,$3.71,$107.51,
11/9/2024,2395,Primary Credit - 5496,BIGGBY COFFEE #676 586-3829002 MI,$4.57,$103.80,
11/9/2024,2394,Primary Credit - 5496,TRADER JOE S #674 ROYAL OAK MI,$56.80,$99.23,
11/9/2024,2393,Primary Credit - 5496,TST*CRISPELLIS BAKERY A Berkley MI,$26.22,$42.43,
11/8/2024,2392,Primary Credit - 5496,BIGGBY COFFEE #676 586-3829002 MI,$4.89,$16.21,
11/5/2024,2391,Primary Credit - 5496,BIGGBY COFFEE #676 586-3829002 MI,$2.85,$11.32,
,,Primary Checkings - 3102,,,,